date,sp500_open,sp500_high,sp500_low,sp500_close,sp500_volume,vix_close,treasury_10y,treasury_2y,sp500_return,vix_change,vix_pct_change,yield_spread_10y_2y
2018-01-03,2697.85009765625,2714.3701171875,2697.77001953125,2713.06005859375,3544030000,9.149999618530272,2.44,1.94,0.006398818768781567,-0.6200008392334002,-0.06345965303826784,0.5
2018-01-04,2719.31005859375,2729.2900390625,2719.070068359375,2723.989990234375,3697340000,9.220000267028809,2.46,1.96,0.004028636080503967,0.07000064849853693,0.007650344417148736,0.5
2018-01-05,2731.330078125,2743.449951171875,2727.919921875,2743.14990234375,3239280000,9.220000267028809,2.47,1.96,0.007033767443369587,0.0,0.0,0.5100000000000002
2018-01-08,2742.669921875,2748.510009765625,2737.60009765625,2747.7099609375,3246160000,9.520000457763672,2.49,1.96,0.0016623439316436617,0.3000001907348633,0.03253798069916325,0.5300000000000002
2018-01-09,2751.14990234375,2759.139892578125,2747.860107421875,2751.2900390625,3467460000,10.079999923706056,2.55,1.98,0.0013029315960912946,0.5599994659423846,0.0588234704847832,0.5699999999999998
2018-01-10,2745.550048828125,2750.800048828125,2736.06005859375,2748.22998046875,3579900000,9.81999969482422,2.55,1.98,-0.0011122268282528491,-0.26000022888183594,-0.025793673695410413,0.5699999999999998
2018-01-11,2752.969970703125,2767.56005859375,2752.780029296875,2767.56005859375,3645690000,9.880000114440918,2.54,1.98,0.007033646478779465,0.06000041961669744,0.006110022554106864,0.56
2018-01-12,2770.179931640625,2787.85009765625,2769.639892578125,2786.239990234375,3587220000,10.15999984741211,2.55,1.99,0.006749602987881076,0.2799997329711914,0.0283400536161873,0.5599999999999998
2018-01-16,2798.9599609375,2807.5400390625,2768.639892578125,2776.419921875,4362880000,11.65999984741211,2.54,2.03,-0.003524487622672101,1.5,0.14763779749288775,0.5100000000000002
2018-01-17,2784.989990234375,2807.0400390625,2778.3798828125,2802.56005859375,3790340000,11.90999984741211,2.57,2.05,0.009415051560751175,0.25,0.021440823608199766,0.52
2018-01-18,2802.39990234375,2805.830078125,2792.56005859375,2798.030029296875,3703300000,12.220000267028809,2.62,2.05,-0.0016163897301626484,0.3100004196166992,0.026028583004898964,0.5700000000000003
2018-01-19,2802.60009765625,2810.330078125,2798.080078125,2810.300048828125,3724230000,11.270000457763672,2.64,2.06,0.004385235112838837,-0.9499998092651367,-0.07774139022143589,0.5800000000000001
2018-01-22,2809.159912109375,2833.030029296875,2808.1201171875,2832.969970703125,3489480000,11.029999732971191,2.66,2.08,0.008066726499347698,-0.24000072479248047,-0.021295538158310312,0.5800000000000001
2018-01-23,2835.050048828125,2842.239990234375,2830.590087890625,2839.1298828125,3541140000,11.100000381469728,2.63,2.06,0.0021743654797181655,0.07000064849853693,0.006346387143536303,0.5699999999999998
2018-01-24,2845.419921875,2852.969970703125,2824.81005859375,2837.5400390625,4079270000,11.470000267028809,2.65,2.08,-0.0005599757022828333,0.36999988555908025,0.03333332187778626,0.5699999999999998
2018-01-25,2846.239990234375,2848.56005859375,2830.93994140625,2839.25,3873100000,11.579999923706056,2.63,2.08,0.0006026209018938911,0.10999965667724787,0.00959020524118448,0.5499999999999998
2018-01-26,2847.47998046875,2872.8701171875,2846.179931640625,2872.8701171875,3474680000,11.079999923706056,2.66,2.13,0.011841196508761032,-0.5,-0.04317789320329979,0.5300000000000002
2018-01-29,2867.22998046875,2870.6201171875,2851.47998046875,2853.530029296875,3587420000,13.84000015258789,2.7,2.11,-0.006731974332887192,2.760000228881834,0.2490974952966123,0.5900000000000003
2018-01-30,2832.739990234375,2837.75,2818.27001953125,2822.429931640625,4012070000,14.789999961853027,2.73,2.13,-0.010898815620283941,0.9499998092651367,0.06864160395890595,0.6000000000000001
2018-01-31,2832.409912109375,2839.260009765625,2813.0400390625,2823.81005859375,4276270000,13.539999961853027,2.72,2.14,0.0004889853730833948,-1.25,-0.08451656546477693,0.5800000000000001
2018-02-01,2816.449951171875,2835.9599609375,2812.699951171875,2821.97998046875,3977380000,13.470000267028809,2.78,2.16,-0.0006480882520516484,-0.06999969482421875,-0.005169844536294876,0.6199999999999997
2018-02-02,2808.919921875,2808.919921875,2759.969970703125,2762.1298828125,4340220000,17.309999465942383,2.84,2.15,-0.02120854792396809,3.839999198913574,0.2850778858789582,0.69
2018-02-05,2741.06005859375,2763.389892578125,2638.169921875,2648.93994140625,5310840000,37.31999969482422,2.77,2.08,-0.04097922480422822,20.010000228881836,1.1559792516603906,0.69
2018-02-06,2614.780029296875,2701.0400390625,2593.070068359375,2695.139892578125,5917350000,29.979999542236328,2.79,2.1,0.017440920592313836,-7.340000152587891,-0.196677390477199,0.69
2018-02-07,2690.949951171875,2727.669921875,2681.330078125,2681.659912109375,4646300000,27.729999542236328,2.84,2.15,-0.005001588416939429,-2.25,-0.07505003450150693,0.69
2018-02-08,2685.010009765625,2685.27001953125,2580.56005859375,2581.0,5333840000,33.459999084472656,2.85,2.13,-0.03753641975808808,5.729999542236328,0.20663539981343337,0.7200000000000002
2018-02-09,2601.780029296875,2638.669921875,2532.68994140625,2619.550048828125,5690110000,29.059999465942383,2.83,2.05,0.014936090208494734,-4.399999618530273,-0.1315002910616373,0.7800000000000002
2018-02-12,2636.75,2672.610107421875,2622.449951171875,2656.0,4069220000,25.61000061035156,2.86,2.09,0.013914584754042503,-3.449998855590824,-0.11871985268389762,0.77
2018-02-13,2646.27001953125,2668.840087890625,2637.080078125,2662.93994140625,3503540000,24.96999931335449,2.83,2.1,0.0026129297463290957,-0.6400012969970703,-0.024990288236790614,0.73
2018-02-14,2651.2099609375,2702.10009765625,2648.8701171875,2698.6298828125,4011940000,19.26000022888184,2.91,2.17,0.013402458257245842,-5.709999084472649,-0.22867437891433262,0.7400000000000002
2018-02-15,2713.4599609375,2731.510009765625,2689.820068359375,2731.199951171875,3696140000,19.1299991607666,2.9,2.19,0.012069112762299383,-0.13000106811523793,-0.006749795772083678,0.71
2018-02-16,2727.139892578125,2754.419921875,2725.110107421875,2732.219970703125,3646920000,19.459999084472656,2.87,2.21,0.0003734693722488025,0.3299999237060547,0.017250388822956486,0.6600000000000001
2018-02-20,2722.989990234375,2737.60009765625,2706.760009765625,2716.260009765625,3646920000,20.600000381469727,2.88,2.25,-0.005841389459353419,1.1400012969970703,0.058581775469182196,0.6299999999999999
2018-02-21,2720.530029296875,2747.75,2701.2900390625,2701.330078125,3789040000,20.020000457763672,2.94,2.26,-0.0054965031281792864,-0.5799999237060547,-0.02815533558085659,0.6800000000000002
2018-02-22,2710.419921875,2731.260009765625,2697.77001953125,2703.9599609375,3720620000,18.71999931335449,2.92,2.25,0.0009735510790762625,-1.3000011444091832,-0.06493512061359863,0.6699999999999999
2018-02-23,2715.800048828125,2747.760009765625,2713.739990234375,2747.300048828125,3200360000,16.489999771118164,2.88,2.25,0.01602837635051313,-2.2299995422363246,-0.11912391154018287,0.6299999999999999
2018-02-26,2757.3701171875,2780.639892578125,2753.780029296875,2779.60009765625,3436590000,15.800000190734863,2.86,2.22,0.011757015343810906,-0.6899995803833008,-0.04184351667437969,0.6399999999999997
2018-02-27,2780.449951171875,2789.14990234375,2744.219970703125,2744.280029296875,3752070000,18.59000015258789,2.9,2.27,-0.012706888443829278,2.7899999618530273,0.17658227393497672,0.6299999999999999
2018-02-28,2753.780029296875,2761.52001953125,2713.5400390625,2713.830078125,4244570000,19.850000381469727,2.87,2.25,-0.011095788639207016,1.260000228881836,0.06777838722644836,0.6200000000000001
2018-03-01,2715.219970703125,2730.889892578125,2659.64990234375,2677.669921875,4514490000,22.46999931335449,2.81,2.22,-0.013324399541987275,2.619998931884762,0.13198986808738655,0.5899999999999999
2018-03-02,2658.889892578125,2696.25,2647.320068359375,2691.25,3891250000,19.59000015258789,2.86,2.25,0.005071602744632031,-2.879999160766598,-0.12817086109366016,0.6099999999999999
2018-03-05,2681.06005859375,2728.090087890625,2675.75,2720.93994140625,3733640000,18.729999542236328,2.88,2.24,0.011032026532745043,-0.8600006103515625,-0.04389997976788962,0.6399999999999997
2018-03-06,2730.179931640625,2732.080078125,2711.260009765625,2728.1201171875,3389030000,18.36000061035156,2.88,2.25,0.002638858606169414,-0.3699989318847692,-0.01975434815416932,0.6299999999999999
2018-03-07,2710.179931640625,2730.60009765625,2701.739990234375,2726.800048828125,3406690000,17.760000228881836,2.89,2.25,-0.00048387472056610203,-0.600000381469723,-0.032679758252918356,0.6400000000000001
2018-03-08,2732.75,2740.449951171875,2722.64990234375,2738.969970703125,3206040000,16.540000915527344,2.86,2.25,0.004463078207817217,-1.2199993133544922,-0.06869365414593254,0.6099999999999999
2018-03-09,2752.909912109375,2786.570068359375,2751.5400390625,2786.570068359375,3376870000,14.640000343322754,2.9,2.27,0.01737883151892694,-1.9000005722045898,-0.114873063303214,0.6299999999999999
2018-03-12,2790.5400390625,2796.97998046875,2779.260009765625,2783.02001953125,3216960000,15.779999732971191,2.87,2.27,-0.001273985129042532,1.1399993896484375,0.07786880894223391,0.6000000000000001
2018-03-13,2792.31005859375,2801.89990234375,2758.679931640625,2765.31005859375,3324290000,16.350000381469727,2.84,2.26,-0.006363576551088879,0.5700006484985352,0.03612171471128467,0.5800000000000001
2018-03-14,2774.06005859375,2777.110107421875,2744.3798828125,2749.47998046875,3394630000,17.229999542236328,2.81,2.26,-0.005724521948562322,0.8799991607666016,0.05382257738439855,0.5500000000000003
2018-03-15,2754.27001953125,2763.030029296875,2741.469970703125,2747.330078125,3543710000,16.59000015258789,2.82,2.29,-0.000781930531963182,-0.6399993896484375,-0.03714448094322875,0.5299999999999998
2018-03-16,2750.570068359375,2761.85009765625,2749.969970703125,2752.010009765625,5429140000,15.800000190734863,2.85,2.31,0.001703447167811456,-0.7899999618530273,-0.0476190448816719,0.54
2018-03-19,2741.3798828125,2741.3798828125,2694.590087890625,2712.919921875,3327460000,19.020000457763672,2.85,2.31,-0.014204195388793028,3.2200002670288086,0.20379748279477994,0.54
2018-03-20,2715.050048828125,2724.219970703125,2710.050048828125,2716.93994140625,3272590000,18.200000762939453,2.89,2.34,0.0014818054520648882,-0.8199996948242188,-0.04311249606145551,0.5500000000000003
2018-03-21,2714.989990234375,2739.139892578125,2709.7900390625,2711.929931640625,3434780000,17.860000610351562,2.89,2.31,-0.0018439898833508828,-0.3400001525878906,-0.018681326282152133,0.5800000000000001
2018-03-22,2691.360107421875,2695.679931640625,2641.590087890625,2643.68994140625,3765460000,23.34000015258789,2.83,2.29,-0.025162888405856454,5.479999542236328,0.30683087093850103,0.54
2018-03-23,2646.7099609375,2657.669921875,2585.889892578125,2588.260009765625,3829380000,24.8700008392334,2.82,2.28,-0.02096688071186603,1.5300006866455078,0.06555272821949254,0.54
2018-03-26,2619.35009765625,2661.360107421875,2601.81005859375,2658.550048828125,3538080000,21.030000686645508,2.85,2.33,0.02715725576151251,-3.8400001525878906,-0.15440289597940582,0.52
2018-03-27,2667.570068359375,2674.780029296875,2596.1201171875,2612.6201171875,3761320000,22.5,2.78,2.26,-0.017276308813847896,1.4699993133544922,0.06990010772029942,0.52
2018-03-28,2611.300048828125,2632.64990234375,2593.06005859375,2605.0,3875720000,22.8700008392334,2.77,2.28,-0.00291665716625622,0.37000083923339844,0.016444481743706607,0.4900000000000002
2018-03-29,2614.409912109375,2659.070068359375,2609.719970703125,2640.8701171875,3572360000,19.96999931335449,2.74,2.27,0.013769718690019195,-2.90000152587891,-0.12680373500048014,0.4700000000000002
2018-04-02,2633.449951171875,2638.300048828125,2553.800048828125,2581.8798828125,3635780000,23.6200008392334,2.73,2.25,-0.022337423560165104,3.65000152587891,0.1827742439349036,0.48
2018-04-03,2592.169921875,2619.139892578125,2575.489990234375,2614.449951171875,3395840000,21.100000381469727,2.79,2.28,0.012614865848792123,-2.520000457763672,-0.10668926199096018,0.5100000000000002
2018-04-04,2584.0400390625,2649.860107421875,2573.610107421875,2644.68994140625,3369230000,20.059999465942383,2.79,2.28,0.01156648273982852,-1.0400009155273438,-0.04928914202488288,0.5100000000000002
2018-04-05,2657.360107421875,2672.080078125,2649.580078125,2662.840087890625,3230430000,18.940000534057617,2.83,2.3,0.0068628636575538415,-1.1199989318847656,-0.05583245073292675,0.5300000000000002
2018-04-06,2645.820068359375,2656.8798828125,2586.27001953125,2604.469970703125,3312390000,21.489999771118164,2.77,2.27,-0.021920248779842444,2.549999237060547,0.1346356475795858,0.5
2018-04-09,2617.179931640625,2653.550048828125,2610.7900390625,2613.159912109375,3076140000,21.770000457763672,2.78,2.29,0.0033365488963206236,0.2800006866455078,0.013029348051544432,0.48999999999999977
2018-04-10,2638.409912109375,2665.449951171875,2635.780029296875,2656.8701171875,3579130000,20.46999931335449,2.8,2.32,0.0167269537832615,-1.3000011444091832,-0.05971525572226499,0.48
2018-04-11,2643.889892578125,2661.429931640625,2639.25,2642.18994140625,3054520000,20.239999771118164,2.79,2.32,-0.005525364482924067,-0.22999954223632457,-0.011235933070416593,0.4700000000000002
2018-04-12,2653.830078125,2674.719970703125,2653.830078125,2663.989990234375,3045330000,18.489999771118164,2.83,2.34,0.008250750063987677,-1.75,-0.08646245157063659,0.4900000000000002
2018-04-13,2676.89990234375,2680.260009765625,2645.050048828125,2656.300048828125,2988540000,17.40999984741211,2.82,2.37,-0.0028866254882486952,-1.0799999237060547,-0.05840994792185128,0.44999999999999973
2018-04-16,2670.10009765625,2686.489990234375,2665.159912109375,2677.840087890625,3020740000,16.559999465942383,2.83,2.39,0.008109038386684864,-0.8500003814697266,-0.048822538134374205,0.43999999999999995
2018-04-17,2692.739990234375,2713.340087890625,2692.050048828125,2706.389892578125,3286190000,15.25,2.82,2.41,0.010661504701720004,-1.3099994659423828,-0.07910625049454578,0.4099999999999997
2018-04-18,2710.110107421875,2717.489990234375,2703.6298828125,2708.639892578125,3412030000,15.600000381469728,2.87,2.42,0.0008313658006817715,0.35000038146972834,0.02295084468653963,0.4500000000000002
2018-04-19,2701.159912109375,2702.840087890625,2681.89990234375,2693.1298828125,3375120000,15.960000038146973,2.92,2.44,-0.005726124690152989,0.3599996566772443,0.02307690050475042,0.48
2018-04-20,2692.56005859375,2693.93994140625,2660.610107421875,2670.139892578125,3428260000,16.8799991607666,2.96,2.46,-0.00853653230061302,0.9199991226196289,0.057644055164203234,0.5
2018-04-23,2675.39990234375,2682.860107421875,2657.989990234375,2670.2900390625,3030390000,16.34000015258789,2.98,2.49,5.623169212687351e-05,-0.5399990081787109,-0.03199046416031859,0.48999999999999977
2018-04-24,2680.800048828125,2683.550048828125,2617.320068359375,2634.56005859375,3716020000,18.020000457763672,3.0,2.48,-0.01338056164164636,1.6800003051757812,0.1028151951950691,0.52
2018-04-25,2634.919921875,2645.300048828125,2612.669921875,2639.39990234375,3563680000,17.84000015258789,3.03,2.49,0.001837059563023713,-0.18000030517578125,-0.009988917902509331,0.5399999999999996
2018-04-26,2651.64990234375,2676.47998046875,2647.159912109375,2666.93994140625,3690920000,16.239999771118164,3.0,2.49,0.010434204774367295,-1.6000003814697266,-0.08968611927044345,0.5099999999999998
2018-04-27,2675.469970703125,2677.35009765625,2659.010009765625,2669.909912109375,3234510000,15.40999984741211,2.96,2.49,0.0011136248915897262,-0.8299999237060547,-0.05110837040663996,0.46999999999999975
2018-04-30,2682.510009765625,2682.8701171875,2648.0400390625,2648.050048828125,3749510000,15.93000030517578,2.95,2.49,-0.008187490964434607,0.5200004577636701,0.033744351908672865,0.45999999999999996
2018-05-01,2642.9599609375,2655.27001953125,2625.409912109375,2654.800048828125,3562820000,15.489999771118164,2.97,2.5,0.0025490454770622506,-0.4400005340576154,-0.027620874176295884,0.4700000000000002
2018-05-02,2654.239990234375,2660.8701171875,2631.699951171875,2635.669921875,4047020000,15.970000267028809,2.97,2.49,-0.007205863568357729,0.48000049591064453,0.030987766494718016,0.48
2018-05-03,2628.080078125,2637.139892578125,2594.6201171875,2629.72998046875,3867530000,15.899999618530272,2.94,2.49,-0.0022536742393085563,-0.07000064849853693,-0.004383259068758916,0.44999999999999973
2018-05-04,2621.449951171875,2670.929931640625,2615.320068359375,2663.419921875,3335260000,14.770000457763672,2.95,2.51,0.012811178963797909,-1.1299991607665998,-0.07106913131303916,0.4400000000000004
2018-05-07,2680.340087890625,2683.35009765625,2664.699951171875,2672.6298828125,3266810000,14.75,2.95,2.49,0.0034579455015175675,-0.020000457763671875,-0.00135412709165883,0.45999999999999996
2018-05-08,2670.260009765625,2676.340087890625,2655.199951171875,2671.919921875,3745100000,14.710000038146973,2.97,2.51,-0.0002656413228280252,-0.039999961853027344,-0.0027118618205442813,0.4600000000000004
2018-05-09,2678.1201171875,2701.27001953125,2674.139892578125,2697.7900390625,3913650000,13.420000076293944,3.0,2.54,0.009682220255068819,-1.2899999618530291,-0.08769544245463723,0.45999999999999996
2018-05-10,2705.02001953125,2726.110107421875,2704.5400390625,2723.070068359375,3380640000,13.229999542236328,2.97,2.54,0.009370643723504823,-0.1900005340576154,-0.01415801288952645,0.43000000000000016
2018-05-11,2722.699951171875,2732.860107421875,2717.449951171875,2727.719970703125,2874850000,12.649999618530272,2.97,2.54,0.0017075955546570487,-0.5799999237060565,-0.04383975387560868,0.43000000000000016
2018-05-14,2738.469970703125,2742.10009765625,2725.469970703125,2730.1298828125,2994360000,12.93000030517578,3.0,2.55,0.0008834895573073265,0.2800006866455078,0.02213444229953576,0.4500000000000002
2018-05-15,2718.590087890625,2718.590087890625,2701.909912109375,2711.449951171875,3291190000,14.630000114440918,3.08,2.58,-0.006842140279927467,1.6999998092651385,0.13147716698696765,0.5
2018-05-16,2712.6201171875,2727.760009765625,2712.169921875,2722.4599609375,3248480000,13.420000076293944,3.09,2.58,0.004060561678767671,-1.2100000381469744,-0.08270676887778095,0.5099999999999998
2018-05-17,2719.7099609375,2731.9599609375,2711.360107421875,2720.1298828125,3478150000,13.43000030517578,3.11,2.57,-0.0008558723207806596,0.010000228881835938,0.0007451735339034649,0.54
2018-05-18,2717.35009765625,2719.5,2709.179931640625,2712.969970703125,3383270000,13.420000076293944,3.06,2.55,-0.00263219493841671,-0.010000228881835938,-0.0007446186637822816,0.5100000000000002
2018-05-21,2735.389892578125,2739.18994140625,2725.699951171875,2733.010009765625,3053480000,13.079999923706056,3.06,2.58,0.007386752997235124,-0.3400001525878871,-0.025335331643439263,0.48
2018-05-22,2738.340087890625,2742.239990234375,2721.8798828125,2724.43994140625,3384140000,13.220000267028809,3.06,2.59,-0.0031357617896576873,0.14000034332275213,0.010703390224721332,0.4700000000000002
2018-05-23,2713.97998046875,2733.330078125,2709.5400390625,2733.2900390625,3333160000,12.579999923706056,3.01,2.53,0.0032484098921563564,-0.6400003433227521,-0.04841152272280491,0.48
2018-05-24,2730.93994140625,2731.969970703125,2707.3798828125,2727.760009765625,3285750000,12.529999732971191,2.98,2.5,-0.002023213496498033,-0.05000019073486506,-0.003974577983950844,0.48
2018-05-25,2723.60009765625,2727.360107421875,2714.989990234375,2721.330078125,3015260000,13.220000267028809,2.93,2.48,-0.0023572204364039617,0.6900005340576172,0.0550678809866183,0.4500000000000002
2018-05-29,2705.110107421875,2710.669921875,2676.81005859375,2689.860107421875,3743310000,17.020000457763672,2.77,2.32,-0.011564187290653005,3.8000001907348633,0.28744327639782363,0.4500000000000002
2018-05-30,2702.429931640625,2729.340087890625,2702.429931640625,2724.010009765625,3566490000,14.9399995803833,2.84,2.42,0.012695791223314323,-2.080000877380371,-0.12220921395049544,0.41999999999999993
2018-05-31,2720.97998046875,2722.5,2700.679931640625,2705.27001953125,4241100000,15.43000030517578,2.83,2.4,-0.006879559974886984,0.4900007247924787,0.03279790753380385,0.43000000000000016
2018-06-01,2718.699951171875,2736.929931640625,2718.699951171875,2734.6201171875,3694310000,13.460000038146973,2.89,2.47,0.010849230370481022,-1.9700002670288068,-0.12767337835813253,0.41999999999999993
2018-06-04,2741.669921875,2749.159912109375,2740.5400390625,2746.8701171875,3410090000,12.739999771118164,2.94,2.52,0.004479598435997323,-0.7200002670288086,-0.05349184732453616,0.41999999999999993
2018-06-05,2748.4599609375,2752.610107421875,2739.510009765625,2748.800048828125,3523550000,12.399999618530272,2.92,2.49,0.0007025929724704394,-0.3400001525878924,-0.026687610572700304,0.4299999999999997
2018-06-06,2753.25,2772.389892578125,2748.4599609375,2772.35009765625,3662780000,11.640000343322754,2.97,2.52,0.008567392465728796,-0.7599992752075178,-0.06129026601515308,0.4500000000000002
2018-06-07,2774.840087890625,2779.89990234375,2760.159912109375,2770.3701171875,3742080000,12.130000114440918,2.93,2.5,-0.0007141884679080501,0.48999977111816406,0.04209619902625272,0.43000000000000016
2018-06-08,2765.840087890625,2779.389892578125,2763.590087890625,2779.030029296875,3138850000,12.18000030517578,2.93,2.5,0.0031259043893263616,0.050000190734861505,0.004122027226968861,0.43000000000000016
2018-06-11,2780.179931640625,2790.2099609375,2780.169921875,2782.0,3262130000,12.350000381469728,2.96,2.52,0.001068707668436586,0.17000007629394887,0.01395731297491909,0.43999999999999995
2018-06-12,2785.60009765625,2789.800048828125,2778.780029296875,2786.85009765625,3435700000,12.34000015258789,2.96,2.54,0.0017433852107295866,-0.010000228881837714,-0.0008097351071213454,0.41999999999999993
2018-06-13,2787.93994140625,2791.469970703125,2774.64990234375,2775.6298828125,3820770000,12.9399995803833,2.98,2.59,-0.004026127868587581,0.5999994277954102,0.04862231931736094,0.3900000000000001
2018-06-14,2783.2099609375,2789.06005859375,2776.52001953125,2782.489990234375,3540930000,12.119999885559082,2.94,2.59,0.002471549778432225,-0.8199996948242188,-0.06336937568895418,0.3500000000000001
2018-06-15,2777.780029296875,2782.81005859375,2761.72998046875,2779.659912109375,5451990000,11.979999542236328,2.93,2.55,-0.001017102715529128,-0.1400003433227539,-0.011551183551541389,0.38000000000000034
2018-06-18,2765.7900390625,2774.989990234375,2757.1201171875,2773.75,3316120000,12.3100004196167,2.92,2.56,-0.0021261277624751163,0.3300008773803711,0.027545984139392576,0.3599999999999999
2018-06-19,2752.010009765625,2765.050048828125,2743.18994140625,2762.590087890625,3671160000,13.350000381469728,2.89,2.54,-0.004023402292699374,1.0399999618530291,0.08448415324143532,0.3500000000000001
2018-06-20,2769.72998046875,2774.860107421875,2763.909912109375,2767.320068359375,3332140000,12.789999961853027,2.93,2.56,0.0017121542893689945,-0.560000419616701,-0.041947595776401725,0.3700000000000001
2018-06-21,2769.280029296875,2769.280029296875,2744.389892578125,2749.760009765625,3336580000,14.640000343322754,2.9,2.56,-0.006345510515579966,1.8500003814697266,0.14464428357994286,0.33999999999999986
2018-06-22,2760.7900390625,2764.169921875,2752.679931640625,2754.8798828125,5468110000,13.770000457763672,2.9,2.56,0.0018619345065358228,-0.869999885559082,-0.05942622029758937,0.33999999999999986
2018-06-25,2742.93994140625,2742.93994140625,2698.669921875,2717.070068359375,3663280000,17.329999923706055,2.87,2.54,-0.013724668973416176,3.559999465942383,0.2585329954680733,0.33000000000000007
2018-06-26,2722.1201171875,2732.909912109375,2715.60009765625,2723.06005859375,3568900000,15.920000076293944,2.88,2.53,0.0022045770199778936,-1.4099998474121112,-0.0813617918995686,0.3500000000000001
2018-06-27,2728.449951171875,2746.090087890625,2699.3798828125,2699.6298828125,3803990000,17.90999984741211,2.83,2.52,-0.008604355128821406,1.9899997711181658,0.1249999850239587,0.31000000000000005
2018-06-28,2698.68994140625,2724.340087890625,2691.989990234375,2716.31005859375,3461100000,16.850000381469727,2.84,2.52,0.00617868985946779,-1.0599994659423828,-0.05918478363893154,0.31999999999999984
2018-06-29,2727.1298828125,2743.260009765625,2718.030029296875,2718.3701171875,3586800000,16.09000015258789,2.85,2.52,0.0007584033300001014,-0.7600002288818359,-0.045103870129143964,0.33000000000000007
2018-07-02,2704.949951171875,2727.260009765625,2698.949951171875,2726.7099609375,3095040000,15.600000381469728,2.87,2.57,0.003067957412152822,-0.4899997711181623,-0.03045368343513355,0.30000000000000027
2018-07-03,2733.27001953125,2736.580078125,2711.159912109375,2713.219970703125,1911460000,16.139999389648438,2.83,2.53,-0.00494735062681062,0.5399990081787092,0.03461532019064184,0.30000000000000027
2018-07-05,2724.18994140625,2737.830078125,2716.02001953125,2736.610107421875,2980160000,14.970000267028809,2.84,2.55,0.008620803683929923,-1.169999122619629,-0.0724906547003974,0.29000000000000004
2018-07-06,2737.679931640625,2764.409912109375,2733.52001953125,2759.820068359375,2590250000,13.369999885559082,2.82,2.53,0.008481281595267509,-1.6000003814697266,-0.10688045109749944,0.29000000000000004
2018-07-09,2775.6201171875,2784.64990234375,2770.72998046875,2784.169921875,3070060000,12.6899995803833,2.86,2.57,0.008822985887663393,-0.6800003051757812,-0.050860157890520896,0.29000000000000004
2018-07-10,2788.56005859375,2795.580078125,2786.239990234375,2793.840087890625,3080140000,12.640000343322754,2.87,2.59,0.003473267180873929,-0.049999237060546875,-0.00394005033206124,0.28000000000000025
2018-07-11,2779.820068359375,2785.909912109375,2770.77001953125,2774.02001953125,2986180000,13.630000114440918,2.85,2.58,-0.007094202866256172,0.9899997711181641,0.07832276457501397,0.27
2018-07-12,2783.139892578125,2799.219970703125,2781.530029296875,2798.2900390625,2834230000,12.579999923706056,2.85,2.6,0.008749042674663476,-1.0500001907348615,-0.0770359634569916,0.25
2018-07-13,2796.929931640625,2804.530029296875,2791.68994140625,2801.31005859375,2619790000,12.18000030517578,2.83,2.59,0.0010792374947172778,-0.399999618530277,-0.031796472254066344,0.2400000000000002
2018-07-16,2797.360107421875,2801.18994140625,2793.389892578125,2798.429931640625,2819860000,12.829999923706056,2.85,2.59,-0.001028135726814483,0.649999618530277,0.05336614139936158,0.26000000000000023
2018-07-17,2789.340087890625,2814.18994140625,2789.239990234375,2809.550048828125,3064920000,12.0600004196167,2.86,2.62,0.00397369863071062,-0.7699995040893572,-0.06001555016899296,0.23999999999999977
2018-07-18,2811.35009765625,2816.760009765625,2805.889892578125,2815.6201171875,3111560000,12.100000381469728,2.88,2.6,0.0021605126279586884,0.03999996185302912,0.0033167463069043723,0.2799999999999998
2018-07-19,2809.3701171875,2812.050048828125,2799.77001953125,2804.489990234375,3278360000,12.869999885559082,2.84,2.6,-0.003952993120479142,0.7699995040893537,0.06363632064578706,0.23999999999999977
2018-07-20,2804.550048828125,2809.699951171875,2800.010009765625,2801.830078125,3243250000,12.859999656677246,2.89,2.6,-0.0009484477101494582,-0.010000228881835938,-0.0007770185680464614,0.29000000000000004
2018-07-23,2799.169921875,2808.610107421875,2795.139892578125,2806.97998046875,2928490000,12.619999885559082,2.96,2.64,0.0018380494891383492,-0.23999977111816406,-0.01866250214039078,0.31999999999999984
2018-07-24,2820.679931640625,2829.989990234375,2811.1201171875,2820.39990234375,3430410000,12.40999984741211,2.95,2.63,0.004780911145920941,-0.21000003814697266,-0.016640256739405612,0.3200000000000003
2018-07-25,2817.72998046875,2848.030029296875,2817.72998046875,2846.070068359375,3584400000,12.289999961853027,2.94,2.66,0.009101605057599604,-0.11999988555908203,-0.00966961217039064,0.2799999999999998
2018-07-26,2835.489990234375,2845.570068359375,2835.260009765625,2837.43994140625,3667290000,12.140000343322754,2.98,2.69,-0.0030322960242857855,-0.14999961853027344,-0.01220501375068006,0.29000000000000004
2018-07-27,2842.35009765625,2843.169921875,2808.340087890625,2818.820068359375,3434370000,13.029999732971191,2.96,2.67,-0.00656220869212365,0.8899993896484375,0.0733113150312188,0.29000000000000004
2018-07-30,2819.0,2821.739990234375,2798.110107421875,2802.60009765625,3261190000,14.260000228881836,2.98,2.66,-0.005754170294581917,1.2300004959106445,0.09439758412260324,0.31999999999999984
2018-07-31,2809.72998046875,2824.4599609375,2808.06005859375,2816.2900390625,3906890000,12.829999923706056,2.96,2.67,0.004884728797982518,-1.4300003051757795,-0.1002805247000974,0.29000000000000004
2018-08-01,2821.169921875,2825.830078125,2805.85009765625,2813.360107421875,3501350000,13.149999618530272,3.0,2.67,-0.0010403515262938923,0.3199996948242152,0.024941519620194974,0.33000000000000007
2018-08-02,2800.47998046875,2829.909912109375,2796.340087890625,2827.219970703125,3501380000,12.1899995803833,2.98,2.66,0.004926444803381669,-0.9600000381469709,-0.07300380730005429,0.31999999999999984
2018-08-03,2829.6201171875,2840.3798828125,2827.3701171875,2840.35009765625,3043690000,11.640000343322754,2.95,2.63,0.004644183009877123,-0.5499992370605469,-0.04511888892478966,0.3200000000000003
2018-08-06,2840.2900390625,2853.2900390625,2835.97998046875,2850.39990234375,2879020000,11.270000457763672,2.94,2.64,0.003538227451535869,-0.36999988555908203,-0.031786930811503855,0.2999999999999998
2018-08-07,2855.919921875,2863.429931640625,2855.919921875,2858.449951171875,3185440000,10.93000030517578,2.98,2.68,0.0028241822564987196,-0.3400001525878924,-0.030168601488713587,0.2999999999999998
2018-08-08,2856.7900390625,2862.43994140625,2853.090087890625,2857.699951171875,2978070000,10.850000381469728,2.96,2.68,-0.0002623799656497061,-0.07999992370605113,-0.007319297481461873,0.2799999999999998
2018-08-09,2857.18994140625,2862.47998046875,2851.97998046875,2853.580078125,3066180000,11.270000457763672,2.93,2.64,-0.0014416744645237012,0.42000007629394354,0.03870968309008038,0.29000000000000004
2018-08-10,2838.89990234375,2842.199951171875,2825.81005859375,2833.280029296875,3265590000,13.15999984741211,2.87,2.61,-0.007113887913551609,1.8899993896484375,0.16770180238515042,0.26000000000000023
2018-08-13,2835.4599609375,2843.39990234375,2819.8798828125,2821.929931640625,3173630000,14.779999732971191,2.88,2.61,-0.004005992185342366,1.619999885559082,0.12310029668257583,0.27
2018-08-14,2827.8798828125,2843.110107421875,2826.580078125,2839.9599609375,2986500000,13.3100004196167,2.89,2.63,0.006389254777276809,-1.4699993133544922,-0.0994586833499882,0.26000000000000023
2018-08-15,2827.949951171875,2827.949951171875,2802.489990234375,2818.3701171875,3656680000,14.640000343322754,2.86,2.61,-0.007602164835758152,1.3299999237060547,0.09992485963755926,0.25
2018-08-16,2831.43994140625,2850.489990234375,2831.43994140625,2840.68994140625,3232000000,13.449999809265137,2.87,2.63,0.007919408484583057,-1.1900005340576172,-0.08128418757861378,0.2400000000000002
2018-08-17,2838.320068359375,2855.6298828125,2833.72998046875,2850.1298828125,3037640000,12.640000343322754,2.87,2.61,0.0033231157222237684,-0.8099994659423828,-0.060223009474275835,0.26000000000000023
2018-08-20,2853.929931640625,2859.760009765625,2850.6201171875,2857.050048828125,2757150000,12.489999771118164,2.82,2.6,0.0024280177746833775,-0.15000057220458984,-0.011867133554614995,0.21999999999999975
2018-08-21,2861.510009765625,2873.22998046875,2861.320068359375,2862.9599609375,3174010000,12.859999656677246,2.85,2.61,0.0020685364303643095,0.36999988555908203,0.029623690339424025,0.2400000000000002
2018-08-22,2860.989990234375,2867.5400390625,2856.050048828125,2861.820068359375,2701250000,12.25,2.82,2.6,-0.0003981517707819515,-0.6099996566772461,-0.04743387814637445,0.21999999999999975
2018-08-23,2860.2900390625,2868.780029296875,2854.030029296875,2856.97998046875,2724450000,12.40999984741211,2.82,2.61,-0.0016912621251551352,0.15999984741210938,0.013061212033641523,0.20999999999999996
2018-08-24,2862.35009765625,2876.159912109375,2862.35009765625,2874.68994140625,2603010000,11.989999771118164,2.82,2.63,0.006198839704363079,-0.4200000762939453,-0.03384368101999047,0.18999999999999995
2018-08-27,2884.68994140625,2898.25,2884.68994140625,2896.739990234375,2865070000,12.15999984741211,2.85,2.67,0.007670409427647185,0.1700000762939453,0.014178488702180525,0.18000000000000016
2018-08-28,2901.449951171875,2903.77001953125,2893.5,2897.52001953125,2687770000,12.5,2.88,2.67,0.00026927832649970007,0.3400001525878906,0.027960539214994196,0.20999999999999996
2018-08-29,2900.6201171875,2916.5,2898.39990234375,2914.0400390625,2805520000,12.25,2.89,2.67,0.005701434129840033,-0.25,-0.020000000000000018,0.2200000000000002
2018-08-30,2908.93994140625,2912.4599609375,2895.219970703125,2901.1298828125,2810450000,13.529999732971191,2.86,2.64,-0.004430329054144866,1.2799997329711914,0.10448977412009719,0.21999999999999975
2018-08-31,2898.3701171875,2906.320068359375,2891.72998046875,2901.52001953125,2887220000,12.859999656677246,2.86,2.62,0.00013447750859452157,-0.6700000762939453,-0.04951959272114581,0.23999999999999977
2018-09-04,2896.9599609375,2900.179931640625,2885.1298828125,2896.719970703125,3087420000,13.15999984741211,2.9,2.66,-0.0016543221469484948,0.3000001907348633,0.023328164754584213,0.23999999999999977
2018-09-05,2891.590087890625,2894.2099609375,2876.919921875,2888.60009765625,3248780000,13.90999984741211,2.9,2.66,-0.002803126684318036,0.75,0.05699088211976577,0.23999999999999977
2018-09-06,2888.639892578125,2892.050048828125,2867.2900390625,2878.050048828125,3144240000,14.649999618530272,2.88,2.64,-0.0036523050860121087,0.7399997711181623,0.0531991214403813,0.23999999999999977
2018-09-07,2868.260009765625,2883.81005859375,2864.1201171875,2871.679931640625,2976580000,14.880000114440918,2.94,2.71,-0.002213344827027508,0.2300004959106463,0.015699692962430234,0.22999999999999998
2018-09-10,2881.389892578125,2886.929931640625,2875.93994140625,2877.1298828125,2751100000,14.15999984741211,2.94,2.73,0.0018978268127400888,-0.7200002670288086,-0.04838711434753651,0.20999999999999996
2018-09-11,2871.570068359375,2892.52001953125,2866.780029296875,2887.889892578125,2904500000,13.220000267028809,2.98,2.76,0.003739841510076891,-0.9399995803833008,-0.06638415187236713,0.2200000000000002
2018-09-12,2888.2900390625,2894.64990234375,2879.199951171875,2888.919921875,3341280000,13.140000343322754,2.97,2.74,0.00035667194221011833,-0.07999992370605469,-0.006051431323006673,0.22999999999999998
2018-09-13,2896.85009765625,2906.760009765625,2896.389892578125,2904.179931640625,3274090000,12.369999885559082,2.97,2.76,0.005282254329749936,-0.7700004577636719,-0.05859972889231746,0.2100000000000004
2018-09-14,2906.3798828125,2908.300048828125,2895.77001953125,2904.97998046875,3179410000,12.06999969482422,2.99,2.78,0.00027548183892078804,-0.3000001907348615,-0.02425223876397009,0.2100000000000004
2018-09-17,2903.830078125,2904.64990234375,2886.159912109375,2888.800048828125,2967980000,13.68000030517578,2.99,2.78,-0.005569722252617426,1.610000610351559,0.13338862063451007,0.2100000000000004
2018-09-18,2890.739990234375,2911.169921875,2890.429931640625,2904.31005859375,3091190000,12.789999961853027,3.05,2.81,0.005369014643958003,-0.8900003433227521,-0.06505850317751993,0.23999999999999977
2018-09-19,2906.60009765625,2912.360107421875,2903.820068359375,2907.949951171875,3302460000,11.75,3.08,2.81,0.0012532727238796504,-1.0399999618530273,-0.08131352345229803,0.27
2018-09-20,2919.72998046875,2934.800048828125,2919.72998046875,2930.75,3406520000,11.800000190734863,3.07,2.81,0.007840591898404803,0.05000019073486328,0.004255335381690539,0.2599999999999998
2018-09-21,2936.760009765625,2940.909912109375,2927.110107421875,2929.669921875,5652470000,11.68000030517578,3.07,2.81,-0.00036853301202766087,-0.11999988555908381,-0.010169481662661739,0.2599999999999998
2018-09-24,2921.830078125,2923.7900390625,2912.6298828125,2919.3701171875,3392030000,12.199999809265137,3.08,2.83,-0.0035156877607932513,0.5199995040893572,0.04452050432386789,0.25
2018-09-25,2921.75,2923.949951171875,2913.699951171875,2915.56005859375,3330880000,12.420000076293944,3.1,2.83,-0.0013050961134796202,0.22000026702880682,0.01803280905477811,0.27
2018-09-26,2916.97998046875,2931.14990234375,2903.280029296875,2905.969970703125,3417540000,12.890000343322754,3.06,2.83,-0.003289278113945082,0.47000026702881037,0.03784221128354903,0.22999999999999998
2018-09-27,2911.64990234375,2927.219970703125,2909.27001953125,2914.0,3101360000,12.40999984741211,3.06,2.83,0.0027632870875580196,-0.48000049591064453,-0.03723820660402799,0.22999999999999998
2018-09-28,2910.030029296875,2920.530029296875,2907.5,2913.97998046875,3461680000,12.119999885559082,3.05,2.81,-6.870120538793323e-06,-0.28999996185302734,-0.023368248623588994,0.23999999999999977
2018-10-01,2926.2900390625,2937.06005859375,2917.909912109375,2924.590087890625,3375890000,12.0,3.09,2.82,0.003641105118425747,-0.11999988555908203,-0.009900980750178201,0.27
2018-10-02,2923.800048828125,2931.419921875,2919.3701171875,2923.429931640625,3432620000,12.050000190734863,3.05,2.82,-0.0003966902079042267,0.05000019073486328,0.004166682561238533,0.22999999999999998
2018-10-03,2931.68994140625,2939.860107421875,2921.360107421875,2925.510009765625,3625510000,11.609999656677246,3.15,2.85,0.0007115197468861023,-0.4400005340576172,-0.03651456656373575,0.2999999999999998
2018-10-04,2919.35009765625,2919.780029296875,2883.919921875,2901.610107421875,3510370000,14.220000267028809,3.19,2.87,-0.008169482334351885,2.6100006103515625,0.22480626076939414,0.31999999999999984
2018-10-05,2902.5400390625,2909.639892578125,2869.2900390625,2885.570068359375,3340820000,14.81999969482422,3.23,2.88,-0.005527978766503461,0.5999994277954119,0.04219405179524505,0.3500000000000001
2018-10-08,2877.530029296875,2889.449951171875,2862.080078125,2884.429931640625,3381820000,15.6899995803833,3.23,2.88,-0.00039511662920677093,0.8699998855590803,0.05870444692808752,0.3500000000000001
2018-10-09,2882.510009765625,2894.830078125,2874.27001953125,2880.340087890625,3531690000,15.949999809265137,3.21,2.88,-0.0014179036575431292,0.26000022888183594,0.016571079403144617,0.33000000000000007
2018-10-10,2873.89990234375,2874.02001953125,2784.860107421875,2785.679931640625,4554260000,22.959999084472656,3.22,2.88,-0.0328642290012785,7.0099992752075195,0.439498392415999,0.3400000000000003
2018-10-11,2776.8701171875,2795.139892578125,2710.510009765625,2728.3701171875,4914090000,24.979999542236328,3.14,2.85,-0.02057300761734404,2.020000457763672,0.0879791175222544,0.29000000000000004
2018-10-12,2770.5400390625,2775.77001953125,2729.43994140625,2767.1298828125,4024010000,21.309999465942383,3.15,2.85,0.014206197825152422,-3.6700000762939453,-0.14691753977371724,0.2999999999999998
2018-10-15,2763.830078125,2775.989990234375,2749.030029296875,2750.7900390625,3327160000,21.299999237060547,3.16,2.85,-0.005904978964482943,-0.010000228881835938,-0.0004692740090311842,0.31000000000000005
2018-10-16,2767.050048828125,2813.4599609375,2766.909912109375,2809.919921875,3460260000,17.6200008392334,3.16,2.87,0.02149560016316343,-3.6799983978271484,-0.1727698840206624,0.29000000000000004
2018-10-17,2811.669921875,2816.93994140625,2781.81005859375,2809.2099609375,3347090000,17.399999618530273,3.19,2.89,-0.00025266233815879335,-0.220001220703125,-0.012485880262460669,0.2999999999999998
2018-10-18,2802.0,2806.0400390625,2755.179931640625,2768.780029296875,3639300000,20.059999465942383,3.17,2.87,-0.014391922356395415,2.6599998474121094,0.1528735578005025,0.2999999999999998
2018-10-19,2775.659912109375,2797.77001953125,2760.27001953125,2767.780029296875,3593940000,19.88999938964844,3.2,2.92,-0.00036116989772350117,-0.17000007629394176,-0.008474580300092516,0.28000000000000025
2018-10-22,2773.93994140625,2778.93994140625,2749.219970703125,2755.8798828125,3331270000,19.63999938964844,3.2,2.92,-0.004299527548581317,-0.25,-0.0125691306018898,0.28000000000000025
2018-10-23,2721.030029296875,2753.590087890625,2691.429931640625,2740.68994140625,4373710000,20.709999084472656,3.17,2.89,-0.005511829997012829,1.0699996948242152,0.05448063788577184,0.2799999999999998
2018-10-24,2737.8701171875,2742.590087890625,2651.889892578125,2656.10009765625,4738670000,25.229999542236328,3.1,2.84,-0.030864433977743855,4.520000457763672,0.21825208390050332,0.26000000000000023
2018-10-25,2674.8798828125,2722.699951171875,2667.840087890625,2705.570068359375,4663930000,24.21999931335449,3.14,2.86,0.018625040052811848,-1.0100002288818395,-0.04003171808192252,0.28000000000000025
2018-10-26,2667.860107421875,2692.3798828125,2628.159912109375,2658.68994140625,4804330000,24.15999984741211,3.08,2.81,-0.017327264039978307,-0.05999946594237926,-0.0024772695145905965,0.27
2018-10-29,2682.64990234375,2706.85009765625,2603.5400390625,2641.25,4701260000,24.700000762939453,3.08,2.81,-0.0065595995737004476,0.5400009155273438,0.022351031412989997,0.27
2018-10-30,2640.679931640625,2685.429931640625,2635.340087890625,2682.6298828125,5125600000,23.350000381469727,3.12,2.84,0.015666780052058682,-1.3500003814697266,-0.05465588420123868,0.28000000000000025
2018-10-31,2705.60009765625,2736.68994140625,2705.60009765625,2711.739990234375,5133380000,21.229999542236328,3.15,2.87,0.010851331974038647,-2.1200008392333984,-0.09079232567875262,0.2799999999999998
2018-11-01,2717.580078125,2741.669921875,2708.85009765625,2740.3701171875,4730250000,19.34000015258789,3.14,2.84,0.010557843693063784,-1.8899993896484375,-0.08902493784271404,0.30000000000000027
2018-11-02,2745.449951171875,2756.550048828125,2700.43994140625,2723.06005859375,4261230000,19.51000022888184,3.22,2.91,-0.0063166863793988615,0.17000007629394887,0.008790076264358238,0.31000000000000005
2018-11-05,2726.3701171875,2744.27001953125,2717.93994140625,2738.31005859375,3650910000,19.959999084472656,3.2,2.91,0.005600317169601965,0.44999885559081676,0.02306503589501019,0.29000000000000004
2018-11-06,2738.39990234375,2756.820068359375,2737.080078125,2755.449951171875,3543800000,19.90999984741211,3.22,2.93,0.006259295774170726,-0.049999237060546875,-0.002504971911518883,0.29000000000000004
2018-11-07,2774.1298828125,2815.14990234375,2774.1298828125,2813.889892578125,3929080000,16.360000610351562,3.22,2.96,0.021208856064105275,-3.549999237060547,-0.17830232366988052,0.26000000000000023
2018-11-08,2806.3798828125,2814.75,2794.989990234375,2806.830078125,3673550000,16.719999313354492,3.24,2.98,-0.0025089163835961825,0.3599987030029297,0.02200480987605502,0.26000000000000023
2018-11-09,2794.10009765625,2794.10009765625,2764.239990234375,2781.010009765625,4029030000,17.360000610351562,3.19,2.94,-0.00919901370610332,0.6400012969970703,0.03827759110527551,0.25
2018-11-12,2773.929931640625,2775.989990234375,2722.0,2726.219970703125,3701570000,20.450000762939453,3.19,2.94,-0.01970148934024063,3.0900001525878906,0.177995394236643,0.25
2018-11-13,2730.050048828125,2754.60009765625,2714.97998046875,2722.179931640625,4112820000,20.020000457763672,3.14,2.89,-0.0014819196931705747,-0.43000030517578125,-0.021026909004084215,0.25
2018-11-14,2737.89990234375,2746.800048828125,2685.75,2701.580078125,4449060000,21.25,3.12,2.86,-0.007567410690302756,1.2299995422363281,0.061438537168431395,0.26000000000000023
2018-11-15,2693.52001953125,2735.3798828125,2670.75,2730.199951171875,4204960000,19.979999542236328,3.11,2.86,0.010593753366266334,-1.2700004577636719,-0.059764727424172825,0.25
2018-11-16,2718.5400390625,2746.75,2712.159912109375,2736.27001953125,3996970000,18.13999938964844,3.08,2.81,0.0022233054237545957,-1.840000152587887,-0.09209210183905436,0.27
2018-11-19,2730.739990234375,2733.159912109375,2681.090087890625,2690.72998046875,3806940000,20.100000381469727,3.06,2.79,-0.01664310858849427,1.9600009918212855,0.1080485698880318,0.27
2018-11-20,2654.60009765625,2669.43994140625,2631.52001953125,2641.889892578125,4370820000,22.479999542236328,3.06,2.79,-0.01815124083246611,2.3799991607666016,0.1184079161988838,0.27
2018-11-21,2657.739990234375,2670.72998046875,2649.820068359375,2649.929931640625,3237400000,20.799999237060547,3.06,2.81,0.0030432907461763747,-1.6800003051757812,-0.07473311118264614,0.25
2018-11-23,2633.360107421875,2647.550048828125,2631.090087890625,2632.56005859375,1651680000,21.520000457763672,3.05,2.81,-0.006554842390161242,0.720001220703125,0.03461544457272181,0.23999999999999977
2018-11-26,2649.969970703125,2674.35009765625,2649.969970703125,2673.449951171875,3523520000,18.899999618530277,3.07,2.84,0.0155323683669224,-2.620000839233395,-0.12174724830399286,0.22999999999999998
2018-11-27,2663.75,2682.530029296875,2655.889892578125,2682.169921875,3494380000,19.020000457763672,3.06,2.83,0.003261692144003847,0.12000083923339488,0.006349250881240387,0.22999999999999998
2018-11-28,2691.449951171875,2744.0,2684.3798828125,2743.7900390625,3984540000,18.489999771118164,3.06,2.81,0.022973979644221654,-0.5300006866455078,-0.027865440267598407,0.25
2018-11-29,2736.969970703125,2753.75,2722.93994140625,2737.800048828125,3599200000,18.790000915527344,3.03,2.81,-0.0021831080910337253,0.3000011444091797,0.01622504857343432,0.21999999999999975
2018-11-30,2737.760009765625,2760.8798828125,2732.760009765625,2760.169921875,4668310000,18.06999969482422,3.01,2.8,0.008170747552017188,-0.720001220703125,-0.03831831748917813,0.20999999999999996
2018-12-03,2790.5,2800.179931640625,2773.3798828125,2790.3701171875,4221580000,16.440000534057617,2.98,2.83,0.010941426132194287,-1.6299991607666016,-0.09020471434946853,0.1499999999999999
2018-12-04,2782.429931640625,2785.929931640625,2697.179931640625,2700.06005859375,4515710000,20.739999771118164,2.91,2.8,-0.03236490314939877,4.299999237060547,0.26155712271131226,0.11000000000000032
2018-12-06,2663.510009765625,2696.14990234375,2621.530029296875,2695.949951171875,5180430000,21.190000534057617,2.87,2.75,-0.0015222281477752508,0.4500007629394531,0.021697240496892922,0.1200000000000001
2018-12-07,2691.260009765625,2708.5400390625,2623.139892578125,2633.080078125,4242240000,23.229999542236328,2.85,2.72,-0.023320118765389863,2.039999008178711,0.09627177710070955,0.1299999999999999
2018-12-10,2630.860107421875,2647.510009765625,2583.22998046875,2637.719970703125,4162880000,22.63999938964844,2.85,2.72,0.0017621539947350051,-0.5900001525878871,-0.025398199062172222,0.1299999999999999
2018-12-11,2664.43994140625,2674.35009765625,2621.300048828125,2636.780029296875,3963440000,21.76000022888184,2.89,2.78,-0.00035634616892232795,-0.8799991607666016,-0.03886922192979203,0.11000000000000032
2018-12-12,2658.22998046875,2685.43994140625,2650.260009765625,2651.070068359375,4029300000,21.459999084472656,2.91,2.77,0.005419503676349802,-0.30000114440918324,-0.01378681715319996,0.14000000000000012
2018-12-13,2658.699951171875,2670.18994140625,2637.27001953125,2650.5400390625,3978340000,20.649999618530277,2.91,2.75,-0.00019993032368359476,-0.8099994659423793,-0.03774461791699013,0.16000000000000014
2018-12-14,2629.679931640625,2635.070068359375,2593.840087890625,2599.949951171875,4064370000,21.6299991607666,2.89,2.73,-0.019086709555430348,0.9799995422363246,0.04745760582760128,0.16000000000000014
2018-12-17,2590.75,2601.1298828125,2530.5400390625,2545.93994140625,4661420000,24.520000457763672,2.86,2.7,-0.020773480559224233,2.8900012969970703,0.13361079099064765,0.1599999999999997
2018-12-18,2559.89990234375,2573.989990234375,2528.7099609375,2546.159912109375,4519190000,25.57999992370605,2.82,2.65,8.640058610476231e-05,1.0599994659423793,0.04322999372566305,0.16999999999999993
2018-12-19,2547.050048828125,2585.2900390625,2488.9599609375,2506.9599609375,5152830000,25.57999992370605,2.77,2.63,-0.01539571453679811,0.0,0.0,0.14000000000000012
2018-12-20,2496.77001953125,2509.6298828125,2441.179931640625,2467.419921875,5619780000,28.3799991607666,2.79,2.67,-0.01577210632742365,2.7999992370605504,0.10946048652899631,0.1200000000000001
2018-12-21,2465.3798828125,2504.409912109375,2408.550048828125,2416.6201171875,7657890000,30.11000061035156,2.79,2.63,-0.020588228309714296,1.7300014495849574,0.06095847430385293,0.16000000000000014
2018-12-24,2400.56005859375,2410.340087890625,2351.10009765625,2351.10009765625,2613670000,36.06999969482422,2.74,2.55,-0.027112254452099527,5.95999908447266,0.19794084900893893,0.1900000000000004
2018-12-26,2363.1201171875,2467.760009765625,2346.580078125,2467.699951171875,4249740000,30.40999984741211,2.81,2.61,0.04959374278953943,-5.659999847412109,-0.15691710272524007,0.20000000000000018
2018-12-27,2442.5,2489.10009765625,2397.93994140625,2488.830078125,4139010000,29.959999084472656,2.77,2.56,0.008562680784222065,-0.4500007629394531,-0.014797789056146593,0.20999999999999996
2018-12-28,2498.77001953125,2520.27001953125,2472.889892578125,2485.739990234375,3728440000,28.34000015258789,2.72,2.52,-0.0012415825080966947,-1.6199989318847656,-0.05407206212914606,0.20000000000000018
2018-12-31,2498.93994140625,2509.239990234375,2482.820068359375,2506.85009765625,3461920000,25.420000076293945,2.69,2.48,0.00849248413140935,-2.9200000762939453,-0.10303458223613671,0.20999999999999996
2019-01-02,2476.9599609375,2519.489990234375,2467.469970703125,2510.030029296875,3733160000,23.21999931335449,2.66,2.5,0.0012684969251244294,-2.2000007629394567,-0.08654605650419023,0.16000000000000014
2019-01-03,2491.919921875,2493.139892578125,2443.9599609375,2447.889892578125,3858830000,25.450000762939453,2.56,2.39,-0.02475673039503723,2.2300014495849645,0.09603796363173989,0.16999999999999993
2019-01-04,2474.330078125,2538.070068359375,2474.330078125,2531.93994140625,4234140000,21.3799991607666,2.67,2.5,0.03433571464262353,-4.070001602172852,-0.15992147269793522,0.16999999999999993
2019-01-07,2535.610107421875,2566.159912109375,2524.56005859375,2549.68994140625,4133120000,21.399999618530277,2.7,2.53,0.007010434848680358,0.020000457763675428,0.0009354751425985075,0.17000000000000037
2019-01-08,2568.110107421875,2579.820068359375,2547.56005859375,2574.409912109375,4120060000,20.46999931335449,2.73,2.58,0.009695285023358924,-0.9300003051757884,-0.04345795896045257,0.1499999999999999
2019-01-09,2580.0,2595.320068359375,2568.889892578125,2584.9599609375,4088740000,19.979999542236328,2.74,2.56,0.004098045450532162,-0.4899997711181605,-0.02393745908914069,0.18000000000000016
2019-01-10,2573.510009765625,2597.820068359375,2562.02001953125,2596.639892578125,3721300000,19.5,2.74,2.56,0.004518418782931244,-0.4799995422363281,-0.024024001663345507,0.18000000000000016
2019-01-11,2588.110107421875,2596.27001953125,2577.39990234375,2596.260009765625,3447460000,18.190000534057617,2.71,2.55,-0.00014629784190933748,-1.3099994659423828,-0.06717945979191708,0.16000000000000014
2019-01-14,2580.31005859375,2589.320068359375,2570.409912109375,2582.610107421875,3689370000,19.06999969482422,2.71,2.53,-0.005257525167898014,0.8799991607666016,0.048378182239134926,0.18000000000000016
2019-01-15,2585.10009765625,2613.080078125,2585.10009765625,2610.300048828125,3601180000,18.600000381469727,2.72,2.53,0.010721688622945758,-0.4699993133544922,-0.024646005289767015,0.1900000000000004
2019-01-16,2614.75,2625.760009765625,2612.679931640625,2616.10009765625,3882180000,19.040000915527344,2.73,2.55,0.0022219854881162515,0.4400005340576172,0.023655942206107117,0.18000000000000016
2019-01-17,2609.280029296875,2645.06005859375,2606.360107421875,2635.9599609375,3802410000,18.059999465942383,2.75,2.56,0.0075914003822110665,-0.9800014495849609,-0.051470661894021164,0.18999999999999995
2019-01-18,2651.27001953125,2675.469970703125,2647.580078125,2670.7099609375,4009010000,17.799999237060547,2.79,2.62,0.01318305304897005,-0.26000022888183594,-0.01439646935605643,0.16999999999999993
2019-01-22,2657.8798828125,2657.8798828125,2617.27001953125,2632.89990234375,3923950000,20.799999237060547,2.74,2.58,-0.014157306164566674,3.0,0.1685393330665903,0.16000000000000014
2019-01-23,2643.47998046875,2653.18994140625,2612.860107421875,2638.699951171875,3358770000,19.520000457763672,2.76,2.58,0.0022029127742235755,-1.279998779296875,-0.06153840510802655,0.17999999999999972
2019-01-24,2638.840087890625,2647.199951171875,2627.010009765625,2642.330078125,3449230000,18.88999938964844,2.72,2.56,0.0013757255543636049,-0.6300010681152308,-0.0322746441260795,0.16000000000000014
2019-01-25,2657.43994140625,2672.3798828125,2657.330078125,2664.760009765625,3821000000,17.420000076293945,2.76,2.6,0.008488694060713842,-1.4699993133544957,-0.07781891799107432,0.1599999999999997
2019-01-28,2644.969970703125,2644.969970703125,2624.06005859375,2643.85009765625,3630820000,18.8700008392334,2.75,2.6,-0.007846827493937836,1.4500007629394531,0.08323770129672337,0.1499999999999999
2019-01-29,2644.889892578125,2650.929931640625,2631.050048828125,2640.0,3518070000,19.1299991607666,2.72,2.56,-0.0014562465775435074,0.2599983215332031,0.013778394804977001,0.16000000000000014
2019-01-30,2653.6201171875,2690.43994140625,2648.340087890625,2681.050048828125,3883270000,17.65999984741211,2.7,2.52,0.01554926091974429,-1.4699993133544922,-0.07684262299233602,0.18000000000000016
2019-01-31,2685.489990234375,2708.949951171875,2678.64990234375,2704.10009765625,4953800000,16.56999969482422,2.63,2.45,0.008597395948725328,-1.0900001525878906,-0.06172141347711391,0.17999999999999972
2019-02-01,2702.320068359375,2716.659912109375,2696.8798828125,2706.530029296875,3782490000,16.139999389648438,2.7,2.52,0.0008986100931438479,-0.43000030517578125,-0.02595053187056462,0.18000000000000016
2019-02-04,2706.489990234375,2724.989990234375,2698.75,2724.8701171875,3369450000,15.729999542236328,2.73,2.53,0.006776236617404008,-0.4099998474121094,-0.025402717652831308,0.20000000000000018
2019-02-05,2728.340087890625,2738.97998046875,2724.030029296875,2737.699951171875,3597620000,15.56999969482422,2.71,2.53,0.00470842037697472,-0.1599998474121076,-0.010171637130852784,0.18000000000000016
2019-02-06,2735.050048828125,2738.080078125,2724.14990234375,2731.610107421875,3486590000,15.380000114440918,2.7,2.52,-0.0022244379802809355,-0.18999958038330256,-0.012202927688332754,0.18000000000000016
2019-02-07,2717.530029296875,2719.320068359375,2687.260009765625,2706.050048828125,4114040000,16.3700008392334,2.65,2.48,-0.009357140143940179,0.9900007247924805,0.06436935743992156,0.16999999999999993
2019-02-08,2692.360107421875,2708.070068359375,2681.830078125,2707.8798828125,3649510000,15.720000267028809,2.63,2.45,0.0006762010869560964,-0.6500005722045898,-0.03970681361522943,0.17999999999999972
2019-02-11,2712.39990234375,2718.050048828125,2703.7900390625,2709.800048828125,3395330000,15.970000267028809,2.65,2.48,0.0007091030986317026,0.25,0.015903307617898044,0.16999999999999993
2019-02-12,2722.610107421875,2748.18994140625,2722.610107421875,2744.72998046875,3843020000,15.43000030517578,2.68,2.5,0.0128902247439735,-0.5399999618530291,-0.033813397171188364,0.18000000000000016
2019-02-13,2750.300048828125,2761.85009765625,2748.6298828125,2753.030029296875,3684910000,15.649999618530272,2.71,2.53,0.003023994668760688,0.2199993133544922,0.014257894297040163,0.18000000000000016
2019-02-14,2743.5,2757.89990234375,2731.22998046875,2745.72998046875,3845390000,16.219999313354492,2.66,2.5,-0.002651641555101225,0.5699996948242205,0.03642170662734823,0.16000000000000014
2019-02-15,2760.239990234375,2775.659912109375,2760.239990234375,2775.60009765625,3648680000,14.90999984741211,2.66,2.52,0.01087875260858695,-1.3099994659423828,-0.08076445877921923,0.14000000000000012
2019-02-19,2769.280029296875,2787.330078125,2767.2900390625,2779.760009765625,3535270000,14.880000114440918,2.65,2.5,0.0014987433214488366,-0.029999732971191406,-0.002012054545821984,0.1499999999999999
2019-02-20,2779.050048828125,2789.8798828125,2774.06005859375,2784.699951171875,3904830000,14.020000457763672,2.65,2.5,0.0017771107537685182,-0.8599996566772461,-0.05779567540746344,0.1499999999999999
2019-02-21,2780.239990234375,2781.580078125,2764.550048828125,2774.8798828125,3598260000,14.460000038146973,2.69,2.53,-0.003526436790880272,0.4399995803833008,0.03138370656326539,0.16000000000000014
2019-02-22,2780.669921875,2794.199951171875,2779.110107421875,2792.669921875,3429350000,13.510000228881836,2.65,2.48,0.006411102394986878,-0.9499998092651367,-0.0656984651977136,0.16999999999999993
2019-02-25,2804.35009765625,2813.489990234375,2794.989990234375,2796.110107421875,3860260000,14.850000381469728,2.67,2.51,0.0012318625699112573,1.3400001525878924,0.09918579791902782,0.16000000000000014
2019-02-26,2792.360107421875,2803.1201171875,2789.469970703125,2793.89990234375,3676200000,15.170000076293944,2.64,2.48,-0.0007904570968998437,0.3199996948242152,0.021548800444713745,0.16000000000000014
2019-02-27,2787.5,2795.760009765625,2775.1298828125,2792.3798828125,3771790000,14.699999809265137,2.69,2.5,-0.0005440493877303387,-0.4700002670288068,-0.030982219160517577,0.18999999999999995
2019-02-28,2788.110107421875,2793.72998046875,2782.510009765625,2784.489990234375,4445780000,14.779999732971191,2.73,2.52,-0.0028255083152146643,0.07999992370605469,0.005442171751297131,0.20999999999999996
2019-03-01,2798.219970703125,2808.02001953125,2787.3798828125,2803.68994140625,3994950000,13.56999969482422,2.76,2.55,0.00689532059343434,-1.2100000381469709,-0.08186739242272822,0.20999999999999996
2019-03-04,2814.3701171875,2816.8798828125,2767.659912109375,2792.81005859375,3949730000,14.630000114440918,2.72,2.55,-0.003880558492514008,1.0600004196166974,0.07811351830914148,0.17000000000000037
2019-03-05,2794.409912109375,2796.43994140625,2782.969970703125,2789.64990234375,3631380000,14.739999771118164,2.72,2.55,-0.001131532823106185,0.1099996566772461,0.007518773466629547,0.17000000000000037
2019-03-06,2790.27001953125,2790.27001953125,2768.68994140625,2771.449951171875,3800180000,15.739999771118164,2.69,2.52,-0.006524098653592381,1.0,0.0678426062094939,0.16999999999999993
2019-03-07,2766.530029296875,2767.25,2739.090087890625,2748.929931640625,3932150000,16.59000015258789,2.64,2.47,-0.00812571755868352,0.8500003814697266,0.05400256631702249,0.16999999999999993
2019-03-08,2730.7900390625,2744.1298828125,2722.27001953125,2743.070068359375,3424300000,16.049999237060547,2.62,2.45,-0.0021316888487414865,-0.5400009155273438,-0.03254978363837502,0.16999999999999993
2019-03-11,2747.610107421875,2784.0,2747.610107421875,2783.300048828125,3764850000,14.329999923706056,2.64,2.47,0.014666041867757107,-1.7199993133544904,-0.10716507134672593,0.16999999999999993
2019-03-12,2787.340087890625,2798.320068359375,2786.72998046875,2791.52001953125,3432340000,13.770000457763672,2.61,2.45,0.0029533182046204143,-0.5599994659423846,-0.0390788184873595,0.1599999999999997
2019-03-13,2799.780029296875,2821.239990234375,2799.780029296875,2810.919921875,3782250000,13.40999984741211,2.61,2.45,0.006949583813841809,-0.3600006103515625,-0.026143834305291547,0.1599999999999997
2019-03-14,2810.3798828125,2815.0,2803.4599609375,2808.47998046875,3505670000,13.5,2.63,2.46,-0.0008680223820187738,0.09000015258789062,0.006711420851004624,0.16999999999999993
2019-03-15,2810.7900390625,2830.72998046875,2810.7900390625,2822.47998046875,5969780000,12.880000114440918,2.59,2.43,0.00498490290027398,-0.619999885559082,-0.04592591744882091,0.1599999999999997
2019-03-18,2822.610107421875,2835.409912109375,2821.989990234375,2832.93994140625,3620770000,13.100000381469728,2.6,2.45,0.0037059469012648005,0.22000026702881037,0.017080765921899888,0.1499999999999999
2019-03-19,2840.760009765625,2852.419921875,2823.27001953125,2832.570068359375,3650740000,13.5600004196167,2.61,2.46,-0.0001305615560248663,0.4600000381469709,0.03511450570624808,0.1499999999999999
2019-03-20,2831.340087890625,2843.5400390625,2812.429931640625,2824.22998046875,3779160000,13.90999984741211,2.54,2.4,-0.0029443536044478913,0.34999942779541016,0.025811166442818223,0.14000000000000012
2019-03-21,2819.719970703125,2860.31005859375,2817.3798828125,2854.8798828125,3612620000,13.630000114440918,2.54,2.41,0.010852481049954399,-0.2799997329711914,-0.020129384330890843,0.1299999999999999
2019-03-22,2844.52001953125,2846.159912109375,2800.469970703125,2800.7099609375,4253730000,16.479999542236328,2.44,2.31,-0.018974501239482744,2.84999942779541,0.20909753513324247,0.1299999999999999
2019-03-25,2796.010009765625,2809.7900390625,2785.02001953125,2798.360107421875,3406110000,16.329999923706055,2.43,2.26,-0.000839020658475631,-0.14999961853027344,-0.009101918852961188,0.17000000000000037
2019-03-26,2812.659912109375,2829.8701171875,2803.989990234375,2818.4599609375,3288570000,14.68000030517578,2.41,2.24,0.007182725862306283,-1.6499996185302752,-0.10104100589339204,0.16999999999999993
2019-03-27,2819.719970703125,2825.56005859375,2787.719970703125,2805.3701171875,3422400000,15.149999618530272,2.39,2.22,-0.0046443248906916645,0.4699993133544922,0.032016301334052644,0.16999999999999993
2019-03-28,2809.39990234375,2819.7099609375,2798.77001953125,2815.43994140625,3185460000,14.43000030517578,2.39,2.23,0.003589481529391092,-0.7199993133544922,-0.04752470834876099,0.16000000000000014
2019-03-29,2828.27001953125,2836.030029296875,2819.22998046875,2834.39990234375,3752520000,13.710000038146973,2.41,2.27,0.0067342800173637585,-0.7200002670288068,-0.049896067345927664,0.14000000000000012
2019-04-01,2848.6298828125,2869.39990234375,2848.6298828125,2867.18994140625,3560090000,13.399999618530272,2.49,2.33,0.011568600124275408,-0.310000419616701,-0.022611263220579825,0.16000000000000014
2019-04-02,2868.239990234375,2872.89990234375,2858.75,2867.239990234375,3267210000,13.359999656677246,2.48,2.3,1.745570720723677e-05,-0.03999996185302557,-0.0029850718650552555,0.18000000000000016
2019-04-03,2876.090087890625,2885.25,2865.169921875,2873.39990234375,3570000000,13.739999771118164,2.52,2.33,0.002148376881724312,0.38000011444091797,0.028443123069318066,0.18999999999999995
2019-04-04,2873.989990234375,2881.280029296875,2867.139892578125,2879.389892578125,3038740000,13.579999923706056,2.51,2.33,0.0020846350796801527,-0.1599998474121076,-0.011644821694133611,0.17999999999999972
2019-04-05,2884.159912109375,2893.239990234375,2882.989990234375,2892.739990234375,3155970000,12.81999969482422,2.5,2.35,0.004636432770241061,-0.7600002288818359,-0.05596467107154646,0.1499999999999999
2019-04-08,2888.4599609375,2895.949951171875,2880.780029296875,2895.77001953125,3056460000,13.18000030517578,2.52,2.36,0.0010474599539205265,0.36000061035155895,0.028081171522718495,0.16000000000000014
2019-04-09,2886.580078125,2886.8798828125,2873.330078125,2878.199951171875,3032480000,14.279999732971191,2.51,2.35,-0.006067494393846573,1.099999427795412,0.0834597422098271,0.1599999999999997
2019-04-10,2881.3701171875,2889.7099609375,2879.1298828125,2888.2099609375,3092230000,13.300000190734863,2.48,2.31,0.0034778715639784963,-0.9799995422363281,-0.06862742020741086,0.16999999999999993
2019-04-11,2891.919921875,2893.419921875,2881.989990234375,2888.320068359375,2970650000,13.020000457763672,2.51,2.35,3.8123067008344336e-05,-0.2799997329711914,-0.021052611199678495,0.1599999999999997
2019-04-12,2900.860107421875,2910.5400390625,2898.3701171875,2907.409912109375,3726050000,12.010000228881836,2.56,2.4,0.006609324208602496,-1.010000228881836,-0.07757297952163933,0.16000000000000014
2019-04-15,2908.320068359375,2909.60009765625,2896.47998046875,2905.580078125,3114530000,12.31999969482422,2.55,2.4,-0.0006293691084816588,0.3099994659423846,0.02581177852077743,0.1499999999999999
2019-04-16,2912.260009765625,2916.06005859375,2900.7099609375,2907.06005859375,3403120000,12.18000030517578,2.6,2.41,0.0005093580038946222,-0.13999938964844105,-0.011363587103598416,0.18999999999999995
2019-04-17,2916.0400390625,2918.0,2895.449951171875,2900.449951171875,3648100000,12.600000381469728,2.59,2.4,-0.0022738117853239315,0.42000007629394887,0.03448276402057826,0.18999999999999995
2019-04-18,2904.81005859375,2908.39990234375,2891.89990234375,2905.030029296875,3507100000,12.09000015258789,2.57,2.38,0.0015790922795098083,-0.5100002288818377,-0.040476207415983345,0.18999999999999995
2019-04-22,2898.780029296875,2909.510009765625,2896.35009765625,2907.969970703125,3010130000,12.420000076293944,2.59,2.38,0.001012017561471401,0.3299999237060529,0.027295278704807524,0.20999999999999996
2019-04-23,2909.989990234375,2936.31005859375,2908.530029296875,2933.679931640625,3674480000,12.279999732971191,2.57,2.36,0.008841205788409079,-0.14000034332275213,-0.011272169280414968,0.20999999999999996
2019-04-24,2934.0,2936.830078125,2926.050048828125,2927.25,3468480000,13.140000343322754,2.53,2.32,-0.002191763174733685,0.8600006103515625,0.07003262451565884,0.20999999999999996
2019-04-25,2928.989990234375,2933.10009765625,2912.840087890625,2926.169921875,3440010000,13.25,2.54,2.33,-0.0003689736527457965,0.1099996566772461,0.008371358736922963,0.20999999999999996
2019-04-26,2925.81005859375,2939.8798828125,2917.56005859375,2939.8798828125,3264390000,12.729999542236328,2.51,2.28,0.0046852921407636305,-0.5200004577636719,-0.039245317567069615,0.22999999999999998
2019-04-29,2940.580078125,2949.52001953125,2939.35009765625,2943.030029296875,3150390000,13.109999656677246,2.54,2.3,0.001071522174355355,0.38000011444091797,0.029850756331933237,0.2400000000000002
2019-04-30,2937.139892578125,2948.219970703125,2924.110107421875,2945.830078125,3939760000,13.119999885559082,2.51,2.27,0.0009514170090862972,0.010000228881835938,0.0007627939850283205,0.23999999999999977
2019-05-01,2952.330078125,2954.1298828125,2923.360107421875,2923.72998046875,3669330000,14.800000190734863,2.52,2.31,-0.007502163081421376,1.6800003051757812,0.12804880486507653,0.20999999999999996
2019-05-02,2922.159912109375,2931.679931640625,2900.5,2917.52001953125,3802290000,14.420000076293944,2.55,2.35,-0.0021239857917741967,-0.38000011444091975,-0.02567568307727508,0.19999999999999973
2019-05-03,2929.2099609375,2947.85009765625,2929.2099609375,2945.639892578125,3357180000,12.869999885559082,2.54,2.33,0.009638279380647763,-1.5500001907348615,-0.10748961043925487,0.20999999999999996
2019-05-06,2908.889892578125,2937.320068359375,2898.2099609375,2932.469970703125,3203260000,15.4399995803833,2.51,2.31,-0.004470988428756373,2.5699996948242188,0.19968917775266748,0.19999999999999973
2019-05-07,2913.030029296875,2913.030029296875,2862.60009765625,2884.050048828125,3793060000,19.31999969482422,2.45,2.28,-0.016511651392423388,3.880000114440918,0.2512953510290572,0.17000000000000037
2019-05-08,2879.610107421875,2897.9599609375,2873.280029296875,2879.419921875,3543110000,19.399999618530277,2.49,2.3,-0.0016054253132695706,0.07999992370605824,0.0041407828659278945,0.1900000000000004
2019-05-09,2859.840087890625,2875.969970703125,2836.39990234375,2870.719970703125,3659050000,19.100000381469727,2.45,2.26,-0.0030214249424966866,-0.2999992370605504,-0.015463878503069739,0.1900000000000004
2019-05-10,2863.10009765625,2891.31005859375,2825.389892578125,2881.39990234375,3566780000,16.040000915527344,2.47,2.26,0.0037202972597878414,-3.059999465942383,-0.16020939292289793,0.2100000000000004
2019-05-13,2840.18994140625,2840.18994140625,2801.429931640625,2811.8701171875,3900270000,20.549999237060547,2.4,2.18,-0.02413055719884427,4.509998321533203,0.28117194913420174,0.21999999999999975
2019-05-14,2820.1201171875,2852.5400390625,2820.1201171875,2834.409912109375,3354860000,18.059999465942383,2.42,2.2,0.008015944543135589,-2.489999771118164,-0.12116787657235606,0.21999999999999975
2019-05-15,2820.3798828125,2858.679931640625,2815.080078125,2850.9599609375,3140900000,16.440000534057617,2.37,2.16,0.00583897507464215,-1.6199989318847656,-0.08970094018772068,0.20999999999999996
2019-05-16,2855.800048828125,2892.14990234375,2855.800048828125,2876.320068359375,3338470000,15.289999961853027,2.4,2.2,0.008895287120600504,-1.1500005722045898,-0.06995137073275715,0.19999999999999973
2019-05-17,2858.60009765625,2885.47998046875,2854.22998046875,2859.530029296875,3316040000,15.960000038146973,2.39,2.2,-0.005837333350761975,0.6700000762939453,0.043819494961774064,0.18999999999999995
2019-05-20,2841.93994140625,2853.860107421875,2831.2900390625,2840.22998046875,3293750000,16.309999465942383,2.41,2.21,-0.0067493779153879885,0.34999942779541016,0.021929788656569915,0.20000000000000018
2019-05-21,2854.02001953125,2868.8798828125,2854.02001953125,2864.360107421875,3223050000,14.949999809265137,2.43,2.26,0.008495835590448308,-1.359999656677246,-0.08338440841258887,0.17000000000000037
2019-05-22,2856.06005859375,2865.469970703125,2851.110107421875,2856.27001953125,3194000000,14.75,2.39,2.23,-0.0028243962306494508,-0.19999980926513672,-0.013377913833897748,0.16000000000000014
2019-05-23,2836.699951171875,2836.699951171875,2805.489990234375,2822.239990234375,3899320000,16.920000076293945,2.31,2.12,-0.01191414994527018,2.1700000762939453,0.1471186492402674,0.18999999999999995
2019-05-24,2832.409912109375,2841.360107421875,2820.18994140625,2826.06005859375,2889230000,15.850000381469728,2.32,2.16,0.0013535590072402126,-1.069999694824217,-0.06323875236403564,0.1599999999999997
2019-05-28,2830.030029296875,2840.510009765625,2801.580078125,2802.389892578125,4146980000,17.5,2.26,2.12,-0.008375676922946718,1.6499996185302717,0.10410091979930103,0.13999999999999968
2019-05-29,2790.25,2792.030029296875,2766.06005859375,2783.02001953125,3701110000,17.899999618530273,2.25,2.09,-0.0069119122568113145,0.39999961853027344,0.02285712105887283,0.16000000000000014
2019-05-30,2786.93994140625,2799.0,2776.739990234375,2788.860107421875,3276030000,17.299999237060547,2.22,2.06,0.0020984713906617714,-0.6000003814697266,-0.03351957509812453,0.16000000000000014
2019-05-31,2766.14990234375,2768.97998046875,2750.52001953125,2752.06005859375,3982670000,18.709999084472656,2.14,1.95,-0.01319537280847849,1.4099998474121094,0.08150288494762292,0.19000000000000017
2019-06-03,2751.530029296875,2763.070068359375,2728.81005859375,2744.449951171875,3952360000,18.86000061035156,2.07,1.82,-0.0027652403144732274,0.1500015258789027,0.00801718509988536,0.24999999999999978
2019-06-04,2762.639892578125,2804.489990234375,2762.639892578125,2803.27001953125,3814130000,16.969999313354492,2.12,1.88,0.021432370568193138,-1.8900012969970668,-0.10021215460405208,0.2400000000000002
2019-06-05,2818.090087890625,2827.280029296875,2800.919921875,2826.14990234375,3570760000,16.09000015258789,2.12,1.83,0.008161854781411959,-0.8799991607666016,-0.05185616949754901,0.29000000000000004
2019-06-06,2828.510009765625,2852.10009765625,2822.449951171875,2843.489990234375,3445140000,15.93000030517578,2.12,1.88,0.006135586748687638,-0.15999984741211115,-0.00994405505871776,0.2400000000000002
2019-06-07,2852.8701171875,2884.969970703125,2852.8701171875,2873.340087890625,3244380000,16.299999237060547,2.09,1.85,0.01049769746289475,0.3699989318847674,0.023226548951449377,0.23999999999999977
2019-06-10,2885.830078125,2904.77001953125,2885.510009765625,2886.72998046875,3209890000,15.9399995803833,2.15,1.9,0.0046600444669098184,-0.3599996566772461,-0.02208586954156,0.25
2019-06-11,2903.27001953125,2910.610107421875,2878.530029296875,2885.719970703125,3551000000,15.989999771118164,2.15,1.93,-0.00034988023558091275,0.05000019073486328,0.003136774909103357,0.21999999999999997
2019-06-12,2882.72998046875,2888.570068359375,2874.679931640625,2879.840087890625,3039870000,15.90999984741211,2.13,1.88,-0.0020375791387226005,-0.07999992370605469,-0.00500312225460775,0.25
2019-06-13,2886.239990234375,2895.239990234375,2881.989990234375,2891.639892578125,3100640000,15.81999969482422,2.1,1.83,0.004097381912668174,-0.09000015258788885,-0.005656829255251572,0.27
2019-06-14,2886.820068359375,2894.449951171875,2879.6201171875,2886.97998046875,2992810000,15.279999732971191,2.09,1.84,-0.001611511904139773,-0.5399999618530291,-0.03413400583248427,0.24999999999999978
2019-06-17,2889.75,2897.27001953125,2887.300048828125,2889.669921875,2828400000,15.350000381469728,2.09,1.86,0.0009317492412306283,0.07000064849853693,0.0045811943535241095,0.22999999999999976
2019-06-18,2906.7099609375,2930.7900390625,2905.43994140625,2917.75,3441540000,15.149999618530272,2.06,1.86,0.009717399870633026,-0.20000076293945668,-0.013029365340009647,0.19999999999999996
2019-06-19,2920.550048828125,2931.739990234375,2911.429931640625,2926.4599609375,3300220000,14.329999923706056,2.03,1.74,0.002985163546397107,-0.8199996948242152,-0.054125393760489415,0.2899999999999998
2019-06-20,2949.60009765625,2958.06005859375,2931.5,2954.179931640625,3943060000,14.75,2.01,1.72,0.009472185190685156,0.42000007629394354,0.029309147140966774,0.2899999999999998
2019-06-21,2952.7099609375,2964.14990234375,2946.8701171875,2950.4599609375,5003540000,15.399999618530272,2.07,1.77,-0.0012592227925193322,0.6499996185302717,0.04406777074781498,0.2999999999999998
2019-06-24,2951.419921875,2954.919921875,2944.050048828125,2945.35009765625,3136960000,15.260000228881836,2.02,1.72,-0.0017318870104667816,-0.13999938964843572,-0.009090869682878422,0.30000000000000004
2019-06-25,2945.780029296875,2946.52001953125,2916.010009765625,2917.3798828125,3579430000,16.280000686645508,2.0,1.71,-0.009496397343734198,1.0200004577636719,0.06684144446034601,0.29000000000000004
2019-06-26,2926.070068359375,2932.590087890625,2912.989990234375,2913.780029296875,3511350000,16.209999084472656,2.05,1.77,-0.0012339337557076835,-0.07000160217285156,-0.004299852531964188,0.2799999999999998
2019-06-27,2919.659912109375,2929.300048828125,2918.570068359375,2924.919921875,3162500000,15.81999969482422,2.01,1.74,0.003823175554131808,-0.3899993896484357,-0.024059186408098676,0.2699999999999998
2019-06-28,2932.93994140625,2943.97998046875,2929.050048828125,2941.760009765625,5422650000,15.079999923706056,2.0,1.75,0.0057574526279098315,-0.7399997711181641,-0.04677621905139906,0.25
2019-07-01,2971.409912109375,2977.929931640625,2952.219970703125,2964.330078125,3524860000,14.0600004196167,2.03,1.78,0.007672301032188189,-1.0199995040893572,-0.06763922475131434,0.24999999999999978
2019-07-02,2964.659912109375,2973.2099609375,2955.919921875,2973.010009765625,3224490000,12.93000030517578,1.98,1.77,0.002928125887423194,-1.1300001144409197,-0.08036984926859092,0.20999999999999996
2019-07-03,2978.080078125,2995.840087890625,2977.9599609375,2995.820068359375,1963570000,12.56999969482422,1.96,1.77,0.007672378673070135,-0.36000061035155895,-0.02784227392534966,0.18999999999999995
2019-07-05,2984.25,2994.030029296875,2967.969970703125,2990.409912109375,2434680000,13.279999732971191,2.04,1.87,-0.00180590159841032,0.7100000381469709,0.05648369573464018,0.16999999999999993
2019-07-08,2979.77001953125,2980.760009765625,2970.090087890625,2975.949951171875,2922360000,13.960000038146973,2.05,1.88,-0.004835444424841517,0.6800003051757812,0.0512048432868184,0.16999999999999993
2019-07-09,2965.52001953125,2981.89990234375,2963.43994140625,2979.6298828125,3033330000,14.09000015258789,2.07,1.92,0.0012365569653400854,0.13000011444091797,0.009312329089232074,0.1499999999999999
2019-07-10,2989.300048828125,3002.97998046875,2984.6201171875,2993.070068359375,3157800000,13.029999732971191,2.07,1.82,0.0045106896075925995,-1.0600004196166992,-0.0752306890090424,0.24999999999999978
2019-07-11,2999.6201171875,3002.330078125,2988.800048828125,2999.909912109375,3155710000,12.93000030517578,2.13,1.85,0.002285226738359958,-0.09999942779541193,-0.007674553326534106,0.2799999999999998
2019-07-12,3003.360107421875,3013.919921875,3001.8701171875,3013.77001953125,2984140000,12.390000343322754,2.12,1.84,0.004620174547884881,-0.5399999618530256,-0.041763337131312195,0.28
2019-07-15,3017.800048828125,3017.800048828125,3008.77001953125,3014.300048828125,2876100000,12.68000030517578,2.09,1.83,0.00017586919155743175,0.28999996185302557,0.023405968831091473,0.2599999999999998
2019-07-16,3012.1298828125,3015.02001953125,3001.14990234375,3004.0400390625,3297030000,12.859999656677246,2.13,1.87,-0.003403778522185874,0.17999935150146662,0.014195532111146214,0.2599999999999998
2019-07-17,3005.10009765625,3005.260009765625,2984.25,2984.419921875,3185650000,13.970000267028809,2.06,1.83,-0.006531243569450895,1.1100006103515625,0.0863142021761425,0.22999999999999998
2019-07-18,2978.8701171875,2998.280029296875,2973.090087890625,2995.110107421875,3369820000,13.529999732971191,2.04,1.77,0.003581997784064761,-0.4400005340576172,-0.03149610061898722,0.27
2019-07-19,3004.260009765625,3006.02001953125,2975.860107421875,2976.610107421875,3285890000,14.449999809265137,2.05,1.8,-0.00617673452276668,0.9200000762939453,0.0679970505876657,0.24999999999999978
2019-07-22,2981.929931640625,2990.7099609375,2976.64990234375,2985.030029296875,3016200000,13.529999732971191,2.05,1.8,0.002828694915066654,-0.9200000762939453,-0.06366782618945466,0.24999999999999978
2019-07-23,2994.739990234375,3005.89990234375,2988.56005859375,3005.469970703125,3333810000,12.609999656677246,2.08,1.83,0.006847482673755456,-0.9200000762939453,-0.0679970505876657,0.25
2019-07-24,2998.77001953125,3019.590087890625,2996.820068359375,3019.56005859375,3433220000,12.06999969482422,2.05,1.83,0.004688147952890187,-0.5399999618530256,-0.042823154365994376,0.21999999999999975
2019-07-25,3016.260009765625,3016.31005859375,2997.239990234375,3003.669921875,3657050000,12.739999771118164,2.08,1.86,-0.005262401280453521,0.6700000762939435,0.05550953547921367,0.21999999999999997
2019-07-26,3013.25,3027.97998046875,3012.590087890625,3025.860107421875,3260170000,12.15999984741211,2.08,1.86,0.007387691099234761,-0.5799999237060547,-0.04552589749812441,0.21999999999999997
2019-07-29,3024.469970703125,3025.610107421875,3014.300048828125,3020.969970703125,3224490000,12.829999923706056,2.06,1.85,-0.0016161146071345112,0.6700000762939471,0.055098691176097114,0.20999999999999996
2019-07-30,3007.659912109375,3017.18994140625,3000.93994140625,3013.179931640625,3632770000,13.9399995803833,2.06,1.85,-0.0025786549148275606,1.1099996566772443,0.08651595193124617,0.20999999999999996
2019-07-31,3016.219970703125,3017.39990234375,2958.080078125,2980.3798828125,4626330000,16.1200008392334,2.02,1.89,-0.010885526112695776,2.1800012588500977,0.15638460003383692,0.13000000000000012
2019-08-01,2980.320068359375,3013.590087890625,2945.22998046875,2953.56005859375,4793810000,17.8700008392334,1.9,1.73,-0.00899879386967306,1.75,0.10856078839281391,0.16999999999999993
2019-08-02,2943.89990234375,2945.5,2914.110107421875,2932.050048828125,3882810000,17.610000610351562,1.86,1.72,-0.007282739927037873,-0.26000022888183594,-0.014549536467340696,0.14000000000000012
2019-08-05,2898.070068359375,2898.070068359375,2822.1201171875,2844.739990234375,4542850000,24.59000015258789,1.75,1.59,-0.0297778200029859,6.979999542236328,0.39636566157376074,0.15999999999999992
2019-08-06,2861.179931640625,2884.39990234375,2847.419921875,2881.77001953125,4156640000,20.170000076293945,1.73,1.6,0.013017017169932643,-4.420000076293945,-0.17974786697302148,0.1299999999999999
2019-08-07,2858.64990234375,2892.169921875,2825.7099609375,2883.97998046875,4512720000,19.489999771118164,1.71,1.59,0.0007668762331907164,-0.6800003051757812,-0.03371345079839605,0.11999999999999988
2019-08-08,2896.2099609375,2938.719970703125,2894.469970703125,2938.090087890625,4118530000,16.90999984741211,1.72,1.62,0.018762303409984193,-2.5799999237060547,-0.13237557485912876,0.09999999999999987
2019-08-09,2930.510009765625,2935.75,2900.14990234375,2918.64990234375,3356850000,17.969999313354492,1.74,1.63,-0.00661660635492356,1.0599994659423828,0.0626847708756546,0.1100000000000001
2019-08-12,2907.070068359375,2907.580078125,2873.139892578125,2882.699951171875,3328570000,21.09000015258789,1.65,1.58,-0.012317322177972212,3.1200008392333984,0.17362275784366643,0.06999999999999984
2019-08-13,2880.719970703125,2943.31005859375,2877.050048828125,2926.320068359375,3857190000,17.520000457763672,1.68,1.66,0.015131688322181258,-3.5699996948242188,-0.16927452200071014,0.020000000000000018
2019-08-14,2894.14990234375,2894.14990234375,2839.639892578125,2840.60009765625,4325150000,22.100000381469727,1.59,1.58,-0.029292752911742603,4.579999923706055,0.26141551392919693,0.010000000000000009
2019-08-15,2846.199951171875,2856.669921875,2825.510009765625,2847.60009765625,4041720000,21.18000030517578,1.52,1.48,0.0024642680276520945,-0.9200000762939453,-0.041628962009672255,0.040000000000000036
2019-08-16,2864.739990234375,2893.6298828125,2864.739990234375,2888.679931640625,3524080000,18.46999931335449,1.55,1.48,0.014426124657807904,-2.7100009918212926,-0.12795094205730706,0.07000000000000006
2019-08-19,2913.47998046875,2931.0,2913.47998046875,2923.64990234375,3221050000,16.8799991607666,1.6,1.53,0.012105865492430645,-1.590000152587887,-0.08608555558733877,0.07000000000000006
2019-08-20,2919.010009765625,2923.6298828125,2899.60009765625,2900.510009765625,3067710000,17.5,1.55,1.5,-0.007914727601131322,0.6200008392333984,0.036729909363647284,0.050000000000000044
2019-08-21,2922.0400390625,2928.72998046875,2917.909912109375,2924.429931640625,3016540000,15.800000190734863,1.59,1.56,0.00824679859557964,-1.6999998092651367,-0.09714284624372205,0.030000000000000027
2019-08-22,2930.93994140625,2939.080078125,2904.510009765625,2922.949951171875,2893660000,16.68000030517578,1.62,1.61,-0.0005060748601761755,0.880000114440918,0.05569620910238671,0.010000000000000009
2019-08-23,2911.070068359375,2927.010009765625,2834.969970703125,2847.110107421875,3942520000,19.8700008392334,1.52,1.51,-0.025946336754618105,3.190000534057617,0.19124703091688589,0.010000000000000009
2019-08-26,2866.699951171875,2879.27001953125,2856.0,2878.3798828125,2859790000,19.31999969482422,1.54,1.54,0.010982987735216332,-0.5500011444091797,-0.02767997590232607,0.0
2019-08-27,2893.139892578125,2898.7900390625,2860.590087890625,2869.159912109375,3537490000,20.309999465942383,1.49,1.53,-0.003203180635808267,0.9899997711181641,0.051242224987373186,-0.040000000000000036
2019-08-28,2861.280029296875,2890.030029296875,2853.050048828125,2887.93994140625,3102480000,19.350000381469727,1.47,1.5,0.006545480165679685,-0.9599990844726562,-0.04726731214751967,-0.030000000000000027
2019-08-29,2910.3701171875,2930.5,2905.669921875,2924.580078125,3177150000,17.8799991607666,1.5,1.53,0.012687291793508804,-1.470001220703125,-0.07596905383582586,-0.030000000000000027
2019-08-30,2937.090087890625,2940.429931640625,2913.320068359375,2926.4599609375,3009910000,18.979999542236328,1.5,1.5,0.0006427872591217021,1.1000003814697266,0.06152127701904009,0.0
2019-09-03,2909.010009765625,2914.389892578125,2891.85009765625,2906.27001953125,3427830000,19.65999984741211,1.47,1.47,-0.00689910050906084,0.6800003051757812,0.035827203455014445,0.0
2019-09-04,2924.669921875,2938.840087890625,2921.860107421875,2937.780029296875,3167900000,17.329999923706055,1.47,1.43,0.010842079212828093,-2.3299999237060547,-0.11851474780213478,0.040000000000000036
2019-09-05,2960.60009765625,2985.860107421875,2960.60009765625,2976.0,3902600000,16.270000457763672,1.57,1.55,0.013009813642266721,-1.0599994659423828,-0.061165578223251416,0.020000000000000018
2019-09-06,2980.330078125,2985.030029296875,2972.510009765625,2978.7099609375,3209340000,15.0,1.55,1.53,0.0009106051537297599,-1.2700004577636719,-0.07805780098535009,0.020000000000000018
2019-09-09,2988.429931640625,2989.429931640625,2969.389892578125,2978.429931640625,4031120000,15.270000457763672,1.63,1.58,-9.401025965849463e-05,0.2700004577636719,0.018000030517578036,0.04999999999999982
2019-09-10,2971.010009765625,2979.389892578125,2957.010009765625,2979.389892578125,4393040000,15.199999809265137,1.72,1.67,0.0003223043548219451,-0.07000064849853516,-0.004584194263265062,0.050000000000000044
2019-09-11,2981.409912109375,3000.929931640625,2975.31005859375,3000.929931640625,3934370000,14.609999656677246,1.75,1.68,0.007229681189480308,-0.5900001525878906,-0.038815799999435296,0.07000000000000006
2019-09-12,3009.080078125,3020.739990234375,3000.919921875,3009.570068359375,3796990000,14.220000267028809,1.79,1.72,0.002879153101061016,-0.3899993896484375,-0.02669400402553701,0.07000000000000006
2019-09-13,3012.2099609375,3017.330078125,3002.89990234375,3007.389892578125,3557010000,13.739999771118164,1.9,1.79,-0.0007244143620946941,-0.48000049591064453,-0.03375530850189912,0.10999999999999988
2019-09-16,2996.409912109375,3002.18994140625,2990.669921875,2997.9599609375,4285860000,14.670000076293944,1.84,1.74,-0.0031355866640028207,0.9300003051757795,0.06768561285791752,0.10000000000000009
2019-09-17,2995.669921875,3006.2099609375,2993.72998046875,3005.699951171875,3673250000,14.4399995803833,1.81,1.72,0.0025817523700197853,-0.23000049591064275,-0.015678288664927376,0.09000000000000008
2019-09-18,3001.5,3007.830078125,2978.570068359375,3006.72998046875,3458800000,13.949999809265137,1.8,1.77,0.00034269198975556137,-0.48999977111816406,-0.033933503141082344,0.030000000000000027
2019-09-19,3010.360107421875,3021.989990234375,3003.159912109375,3006.7900390625,3265660000,14.050000190734863,1.79,1.74,1.997472142156731e-05,0.10000038146972656,0.0071684862248750925,0.050000000000000044
2019-09-20,3008.419921875,3016.3701171875,2984.679931640625,2992.070068359375,6103440000,15.31999969482422,1.74,1.69,-0.0048955765157830955,1.2699995040893572,0.09039142255149901,0.050000000000000044
2019-09-23,2983.5,2999.14990234375,2982.22998046875,2991.780029296875,3187250000,14.90999984741211,1.72,1.68,-9.693591923765066e-05,-0.40999984741211115,-0.02676239266183711,0.040000000000000036
2019-09-24,3002.429931640625,3007.97998046875,2957.72998046875,2966.60009765625,3872800000,17.049999237060547,1.64,1.6,-0.008416371322106486,2.1399993896484375,0.1435277942018136,0.039999999999999813
2019-09-25,2968.35009765625,2989.820068359375,2952.860107421875,2984.8701171875,3331200000,15.960000038146973,1.73,1.68,0.006158571742003405,-1.0899991989135742,-0.0639295746444557,0.050000000000000044
2019-09-26,2985.72998046875,2987.280029296875,2963.7099609375,2977.6201171875,3084910000,16.06999969482422,1.7,1.66,-0.002428916406865711,0.1099996566772461,0.00689220904851684,0.040000000000000036
2019-09-27,2985.469970703125,2987.31005859375,2945.530029296875,2961.7900390625,3246480000,17.219999313354492,1.69,1.63,-0.005316352490240539,1.1499996185302734,0.0715618942357954,0.06000000000000005
2019-09-30,2967.070068359375,2983.85009765625,2967.070068359375,2976.739990234375,3249130000,16.239999771118164,1.68,1.63,0.005047606675254723,-0.9799995422363281,-0.056910544791736295,0.050000000000000044
2019-10-01,2983.68994140625,2992.530029296875,2938.699951171875,2940.25,3560750000,18.559999465942383,1.65,1.56,-0.012258373372913245,2.3199996948242188,0.14285712607891754,0.08999999999999986
2019-10-02,2924.780029296875,2924.780029296875,2874.929931640625,2887.610107421875,3914180000,20.559999465942383,1.6,1.48,-0.017903202985502964,2.0,0.10775862379037249,0.1200000000000001
2019-10-03,2885.3798828125,2911.1298828125,2855.93994140625,2910.6298828125,3515130000,19.1200008392334,1.54,1.39,0.00797191259701524,-1.4399986267089844,-0.07003884553082507,0.15000000000000013
2019-10-04,2918.56005859375,2953.739990234375,2918.56005859375,2952.010009765625,3005600000,17.040000915527344,1.52,1.4,0.014216897585460186,-2.0799999237060547,-0.10878660211342595,0.1200000000000001
2019-10-07,2944.22998046875,2959.75,2935.679931640625,2938.7900390625,2959050000,17.860000610351562,1.56,1.46,-0.004478294673592398,0.8199996948242188,0.04812204523281527,0.10000000000000009
2019-10-08,2920.39990234375,2925.469970703125,2892.659912109375,2893.06005859375,3370700000,20.280000686645508,1.54,1.42,-0.015560819201407838,2.4200000762939453,0.13549831990998507,0.1200000000000001
2019-10-09,2911.10009765625,2929.320068359375,2907.409912109375,2919.39990234375,2735350000,18.63999938964844,1.59,1.47,0.0091044925499415,-1.6400012969970668,-0.0808679113150631,0.1200000000000001
2019-10-10,2918.550048828125,2948.4599609375,2917.1201171875,2938.1298828125,3234400000,17.56999969482422,1.67,1.53,0.006415695380997066,-1.0699996948242223,-0.05740341898393175,0.1399999999999999
2019-10-11,2963.070068359375,2993.280029296875,2963.070068359375,2970.27001953125,3581320000,15.579999923706056,1.76,1.63,0.010938977513132997,-1.9899997711181623,-0.11326122969167596,0.13000000000000012
2019-10-14,2965.81005859375,2972.840087890625,2962.93994140625,2966.14990234375,2559270000,14.56999969482422,1.76,1.63,-0.0013871187334510982,-1.010000228881836,-0.06482671590678568,0.13000000000000012
2019-10-15,2973.610107421875,3003.280029296875,2973.610107421875,2995.679931640625,3345090000,13.539999961853027,1.77,1.61,0.009955676641137279,-1.0299997329711932,-0.07069318836959793,0.15999999999999992
2019-10-16,2989.679931640625,2997.5400390625,2985.199951171875,2989.68994140625,3230320000,13.68000030517578,1.75,1.58,-0.0019995427986508885,0.14000034332275213,0.01033975950643895,0.16999999999999993
2019-10-17,3000.77001953125,3008.2900390625,2991.7900390625,2997.949951171875,3103470000,13.789999961853027,1.76,1.6,0.0027628315736780706,0.10999965667724787,0.008040910396444279,0.15999999999999992
2019-10-18,2996.840087890625,3000.0,2976.31005859375,2986.199951171875,3268970000,14.25,1.76,1.58,-0.003919344949506964,0.46000003814697266,0.03335750829727768,0.17999999999999994
2019-10-21,2996.47998046875,3007.330078125,2995.35009765625,3006.719970703125,3271960000,14.0,1.8,1.62,0.006871616056117524,-0.25,-0.01754385964912286,0.17999999999999994
2019-10-22,3010.72998046875,3014.570068359375,2995.0400390625,2995.989990234375,3527540000,14.460000038146973,1.78,1.6,-0.003568666378412577,0.46000003814697266,0.03285714558192665,0.17999999999999994
2019-10-23,2994.010009765625,3004.780029296875,2991.2099609375,3004.52001953125,3413600000,14.010000228881836,1.77,1.58,0.0028471487971184484,-0.4499998092651367,-0.031120318677592684,0.18999999999999995
2019-10-24,3014.780029296875,3016.070068359375,3000.419921875,3010.2900390625,3696510000,13.710000038146973,1.77,1.58,0.0019204463587332299,-0.3000001907348633,-0.02141328949562815,0.18999999999999995
2019-10-25,3003.320068359375,3027.389892578125,3001.93994140625,3022.550048828125,3379060000,12.649999618530272,1.8,1.63,0.004072700506109195,-1.060000419616701,-0.07731585825436438,0.17000000000000015
2019-10-28,3032.1201171875,3044.080078125,3032.1201171875,3039.419921875,3524970000,13.109999656677246,1.85,1.64,0.005581337868471481,0.46000003814697443,0.03636364047577878,0.2100000000000002
2019-10-29,3035.389892578125,3047.8701171875,3034.81005859375,3036.889892578125,3594430000,13.199999809265137,1.84,1.64,-0.0008324053147991117,0.09000015258789062,0.0068650003771777435,0.20000000000000018
2019-10-30,3039.739990234375,3050.10009765625,3025.9599609375,3046.77001953125,3779660000,12.329999923706056,1.78,1.61,0.00325337015914573,-0.8699998855590803,-0.06590908319168487,0.16999999999999993
2019-10-31,3046.89990234375,3046.89990234375,3023.18994140625,3037.56005859375,4149310000,13.220000267028809,1.69,1.52,-0.0030228605633046968,0.8900003433227521,0.07218169901295846,0.16999999999999993
2019-11-01,3050.719970703125,3066.949951171875,3050.719970703125,3066.909912109375,3956290000,12.300000190734863,1.73,1.56,0.009662312168146059,-0.9200000762939453,-0.06959153235332838,0.16999999999999993
2019-11-04,3078.9599609375,3085.199951171875,3074.8701171875,3078.27001953125,4178040000,12.829999923706056,1.79,1.6,0.003704089049704651,0.5299997329711932,0.04308940851646681,0.18999999999999995
2019-11-05,3080.800048828125,3083.949951171875,3072.14990234375,3074.6201171875,4490590000,13.100000381469728,1.86,1.63,-0.001185699214361291,0.2700004577636719,0.021044462928233587,0.2300000000000002
2019-11-06,3075.10009765625,3078.340087890625,3065.889892578125,3076.780029296875,4465510000,12.619999885559082,1.81,1.61,0.0007024972279667807,-0.4800004959106463,-0.03664125816283326,0.19999999999999996
2019-11-07,3087.02001953125,3097.77001953125,3080.22998046875,3085.179931640625,4151990000,12.729999542236328,1.92,1.68,0.0027300951851503275,0.1099996566772461,0.008716296170740545,0.24
2019-11-08,3081.25,3093.090087890625,3073.580078125,3093.080078125,3508160000,12.06999969482422,1.94,1.68,0.0025606760900243053,-0.6599998474121076,-0.051846022870803865,0.26
2019-11-11,3080.330078125,3088.330078125,3075.820068359375,3087.010009765625,3041120000,12.6899995803833,1.94,1.68,-0.0019624672514313435,0.6199998855590803,0.05136701750083272,0.26
2019-11-12,3089.280029296875,3102.610107421875,3084.72998046875,3091.840087890625,3495560000,12.68000030517578,1.92,1.66,0.0015646460846321375,-0.009999275207521308,-0.0007879649754266582,0.26
2019-11-13,3084.179931640625,3098.06005859375,3078.800048828125,3094.0400390625,3513720000,13.0,1.88,1.63,0.0007115345908383919,0.3199996948242205,0.025236568385065494,0.25
2019-11-14,3090.75,3098.199951171875,3083.260009765625,3096.6298828125,3282090000,13.050000190734863,1.82,1.58,0.0008370427393644686,0.05000019073486328,0.0038461685180664062,0.24
2019-11-15,3107.919921875,3120.4599609375,3104.60009765625,3120.4599609375,3359800000,12.050000190734863,1.84,1.61,0.007695488006902673,-1.0,-0.07662835137044455,0.22999999999999998
2019-11-18,3117.909912109375,3124.169921875,3112.06005859375,3122.030029296875,3440140000,12.460000038146973,1.81,1.6,0.0005031528617669423,0.4099998474121094,0.03402488306409768,0.20999999999999996
2019-11-19,3127.449951171875,3127.639892578125,3113.469970703125,3120.179931640625,3613670000,12.859999656677246,1.79,1.6,-0.0005925944462060739,0.39999961853027344,0.032102698018110276,0.18999999999999995
2019-11-20,3114.659912109375,3118.969970703125,3091.409912109375,3108.4599609375,4041010000,12.779999732971191,1.73,1.56,-0.003756184245747196,-0.07999992370605469,-0.006220834046796964,0.16999999999999993
2019-11-21,3108.489990234375,3110.110107421875,3094.550048828125,3103.5400390625,3744010000,13.130000114440918,1.77,1.6,-0.0015827522106851566,0.35000038146972656,0.02738657189223237,0.16999999999999993
2019-11-22,3111.409912109375,3112.8701171875,3099.260009765625,3110.2900390625,3235270000,12.34000015258789,1.77,1.61,0.0021749356911917594,-0.7899999618530273,-0.06016755178731126,0.15999999999999992
2019-11-25,3117.43994140625,3133.830078125,3117.43994140625,3133.639892578125,3514310000,11.869999885559082,1.76,1.61,0.007507291353015866,-0.4700002670288086,-0.0380875414276427,0.1499999999999999
2019-11-26,3134.85009765625,3142.68994140625,3131.0,3140.52001953125,4600450000,11.539999961853027,1.74,1.58,0.0021955703874654287,-0.3299999237060547,-0.027801173284553227,0.15999999999999992
2019-11-27,3145.489990234375,3154.260009765625,3143.409912109375,3153.6298828125,3035470000,11.75,1.77,1.63,0.004174424362754614,0.21000003814697266,0.018197577022630362,0.14000000000000012
2019-11-29,3147.179931640625,3150.300048828125,3139.340087890625,3140.97998046875,1743420000,12.619999885559082,1.78,1.61,-0.004011219709926239,0.869999885559082,0.0740425434518368,0.16999999999999993
2019-12-02,3143.85009765625,3144.31005859375,3110.780029296875,3113.8701171875,3285750000,14.90999984741211,1.83,1.61,-0.008631020716408422,2.2899999618530273,0.1814580017923335,0.21999999999999997
2019-12-03,3087.409912109375,3094.969970703125,3070.330078125,3093.199951171875,3671580000,15.960000038146973,1.72,1.53,-0.00663809511563529,1.0500001907348633,0.07042254872437903,0.18999999999999995
2019-12-04,3103.5,3119.3798828125,3102.530029296875,3112.760009765625,3702980000,14.800000190734863,1.77,1.58,0.00632356747139462,-1.1599998474121094,-0.07268169452628592,0.18999999999999995
2019-12-05,3119.2099609375,3119.449951171875,3103.760009765625,3117.429931640625,3360480000,14.520000457763672,1.8,1.58,0.0015002511791302187,-0.2799997329711914,-0.0189189006326147,0.21999999999999997
2019-12-06,3134.6201171875,3150.60009765625,3134.6201171875,3145.909912109375,3483310000,13.619999885559082,1.84,1.61,0.009135724328457329,-0.9000005722045898,-0.061983508528291376,0.22999999999999998
2019-12-09,3141.860107421875,3148.8701171875,3135.4599609375,3135.9599609375,3400470000,15.859999656677246,1.83,1.63,-0.00316282139344648,2.239999771118164,0.16446400807192196,0.20000000000000018
2019-12-10,3135.360107421875,3142.1201171875,3126.090087890625,3132.52001953125,3346310000,15.68000030517578,1.85,1.65,-0.0010969340964486207,-0.17999935150146662,-0.01134926578801565,0.20000000000000018
2019-12-11,3135.75,3143.97998046875,3133.2099609375,3141.6298828125,3257650000,14.989999771118164,1.79,1.61,0.002908158040315856,-0.6900005340576154,-0.04400513524415273,0.17999999999999994
2019-12-12,3141.22998046875,3176.280029296875,3138.469970703125,3168.570068359375,4003200000,13.9399995803833,1.9,1.66,0.008575225775086182,-1.0500001907348633,-0.07004671159221365,0.24
2019-12-13,3166.64990234375,3182.679931640625,3156.510009765625,3168.800048828125,3757650000,12.630000114440918,1.82,1.61,7.258178414493166e-05,-1.3099994659423828,-0.09397413955347922,0.20999999999999996
2019-12-16,3183.6298828125,3197.7099609375,3183.6298828125,3191.449951171875,4070200000,12.140000343322754,1.89,1.65,0.007147785279833618,-0.48999977111816406,-0.03879649775758176,0.24
2019-12-17,3195.39990234375,3198.219970703125,3191.030029296875,3192.52001953125,3842940000,12.289999961853027,1.89,1.63,0.00033529222633799094,0.14999961853027344,0.012355816662952268,0.26
2019-12-18,3195.2099609375,3198.47998046875,3191.139892578125,3191.139892578125,4029950000,12.579999923706056,1.92,1.63,-0.00043230017186479675,0.2899999618530291,0.023596416822877275,0.29000000000000004
2019-12-19,3192.320068359375,3205.47998046875,3192.320068359375,3205.3701171875,3784360000,12.5,1.92,1.62,0.004459292004863613,-0.07999992370605646,-0.006359294450813402,0.2999999999999998
2019-12-20,3223.330078125,3225.64990234375,3216.030029296875,3221.219970703125,6457480000,12.510000228881836,1.92,1.63,0.004944781081796634,0.010000228881835938,0.0008000183105467684,0.29000000000000004
2019-12-23,3226.050048828125,3227.780029296875,3222.300048828125,3224.010009765625,3064530000,12.609999656677246,1.93,1.64,0.0008661436002121992,0.09999942779541016,0.00799355922988254,0.29000000000000004
2019-12-24,3225.449951171875,3226.429931640625,3220.510009765625,3223.3798828125,1296530000,12.670000076293944,1.9,1.62,-0.00019544819997963092,0.06000041961669744,0.004758161875518141,0.2799999999999998
2019-12-26,3227.199951171875,3240.080078125,3227.199951171875,3239.909912109375,2164540000,12.649999618530272,1.9,1.64,0.005128166675301138,-0.020000457763671875,-0.0015785680854961681,0.26
2019-12-27,3247.22998046875,3247.929931640625,3234.3701171875,3240.02001953125,2429150000,13.43000030517578,1.88,1.59,3.398471712534601e-05,0.7800006866455078,0.061660135191065946,0.2899999999999998
2019-12-30,3240.090087890625,3240.919921875,3216.570068359375,3221.2900390625,3021720000,14.81999969482422,1.9,1.58,-0.005780822450430323,1.389999389648441,0.10349957990043746,0.31999999999999984
2019-12-31,3215.179931640625,3231.719970703125,3212.030029296875,3230.780029296875,2894760000,13.779999732971191,1.92,1.58,0.0029460216619106028,-1.0399999618530291,-0.0701754374675353,0.33999999999999986
2020-01-02,3244.669921875,3258.139892578125,3235.530029296875,3257.85009765625,3459930000,12.470000267028809,1.88,1.58,0.008378802677341701,-1.3099994659423828,-0.09506527513262342,0.2999999999999998
2020-01-03,3226.360107421875,3246.14990234375,3222.340087890625,3234.85009765625,3484700000,14.020000457763672,1.8,1.53,-0.007059870562045378,1.5500001907348633,0.12429832859211132,0.27
2020-01-06,3217.550048828125,3246.840087890625,3214.639892578125,3246.280029296875,3702460000,13.850000381469728,1.81,1.54,0.0035333728907271933,-0.17000007629394354,-0.012125539995956669,0.27
2020-01-07,3241.860107421875,3244.909912109375,3232.429931640625,3237.179931640625,3435910000,13.789999961853027,1.83,1.54,-0.0028032386528962228,-0.060000419616700995,-0.004332160141813257,0.29000000000000004
2020-01-08,3238.590087890625,3267.070068359375,3236.669921875,3253.050048828125,3726840000,13.449999809265137,1.87,1.58,0.004902451368978156,-0.3400001525878906,-0.024655558631502927,0.29000000000000004
2020-01-09,3266.030029296875,3275.580078125,3263.669921875,3274.699951171875,3641230000,12.539999961853027,1.85,1.58,0.006655262605488987,-0.9099998474121094,-0.0676579821796911,0.27
2020-01-10,3281.81005859375,3282.989990234375,3260.860107421875,3265.35009765625,3214580000,12.5600004196167,1.83,1.56,-0.002855178689662563,0.020000457763671875,0.0015949328408704222,0.27
2020-01-13,3271.1298828125,3288.1298828125,3268.429931640625,3288.1298828125,3459390000,12.31999969482422,1.85,1.58,0.006976215252569862,-0.2400007247924787,-0.01910833732279471,0.27
2020-01-14,3285.35009765625,3294.25,3277.18994140625,3283.14990234375,3687620000,12.390000343322754,1.82,1.58,-0.001514532772802224,0.07000064849853338,0.005681870960430491,0.24
2020-01-15,3282.27001953125,3298.659912109375,3280.68994140625,3289.2900390625,3721490000,12.420000076293944,1.79,1.56,0.0018701968845122874,0.02999973297118963,0.0024212858869980813,0.22999999999999998
2020-01-16,3302.969970703125,3317.110107421875,3302.820068359375,3316.81005859375,3540580000,12.31999969482422,1.81,1.58,0.00836655302646827,-0.10000038146972301,-0.008051560455349271,0.22999999999999998
2020-01-17,3323.659912109375,3329.8798828125,3318.860107421875,3329.6201171875,3726220000,12.100000381469728,1.84,1.58,0.003862162248501333,-0.2199993133544922,-0.017857087565263163,0.26
2020-01-21,3321.030029296875,3329.7900390625,3316.610107421875,3320.7900390625,4104840000,12.850000381469728,1.78,1.53,-0.0026519776473655776,0.75,0.06198346912026298,0.25
2020-01-22,3330.02001953125,3337.77001953125,3320.0400390625,3321.75,3623780000,12.90999984741211,1.77,1.53,0.0002890760711180551,0.059999465942381036,0.004669219000872804,0.24
2020-01-23,3315.77001953125,3326.8798828125,3301.8701171875,3325.5400390625,3766710000,12.979999542236328,1.74,1.51,0.0011409766124783616,0.06999969482421875,0.005422129794854458,0.22999999999999998
2020-01-24,3333.10009765625,3333.179931640625,3281.530029296875,3295.469970703125,3708780000,14.5600004196167,1.7,1.49,-0.009042160974207403,1.580000877380371,0.12172580378289855,0.20999999999999996
2020-01-27,3247.159912109375,3258.85009765625,3234.5,3243.6298828125,3831050000,18.229999542236328,1.61,1.44,-0.015730711659182384,3.669999122619629,0.25206037203646203,0.17000000000000015
2020-01-28,3255.35009765625,3285.780029296875,3253.219970703125,3276.239990234375,3531570000,16.280000686645508,1.65,1.45,0.010053584595046017,-1.9499988555908203,-0.10696647858234709,0.19999999999999996
2020-01-29,3289.4599609375,3293.469970703125,3271.889892578125,3273.39990234375,3600250000,16.389999389648438,1.6,1.42,-0.0008668741908683941,0.10999870300292969,0.006756676803653994,0.18000000000000016
2020-01-30,3256.449951171875,3285.909912109375,3242.800048828125,3283.659912109375,3790350000,15.489999771118164,1.57,1.41,0.003134358792605374,-0.8999996185302734,-0.054911510191921864,0.16000000000000014
2020-01-31,3282.330078125,3282.330078125,3214.679931640625,3225.52001953125,4529700000,18.84000015258789,1.51,1.33,-0.01770582037552626,3.3500003814697266,0.216268588183969,0.17999999999999994
2020-02-03,3235.659912109375,3268.43994140625,3235.659912109375,3248.919921875,3760460000,17.969999313354492,1.54,1.36,0.007254613892351713,-0.8700008392333984,-0.046178388120336256,0.17999999999999994
2020-02-04,3280.610107421875,3306.919921875,3280.610107421875,3297.590087890625,3996900000,16.049999237060547,1.61,1.41,0.014980414164082134,-1.9200000762939453,-0.106844749563629,0.20000000000000018
2020-02-05,3324.909912109375,3337.580078125,3313.75,3334.68994140625,4121480000,15.149999618530272,1.66,1.44,0.01125059589785371,-0.8999996185302752,-0.05607474525307854,0.21999999999999997
2020-02-06,3344.919921875,3347.9599609375,3334.389892578125,3345.780029296875,3887250000,14.960000038146973,1.65,1.44,0.003325672876785646,-0.189999580383299,-0.0125412267437226,0.20999999999999996
2020-02-07,3335.5400390625,3341.419921875,3322.1201171875,3327.7099609375,3733920000,15.470000267028809,1.59,1.41,-0.005400853672730133,0.5100002288818359,0.03409092430356764,0.18000000000000016
2020-02-10,3318.280029296875,3352.260009765625,3317.77001953125,3352.090087890625,3462730000,15.039999961853027,1.56,1.37,0.007326397804890528,-0.43000030517578125,-0.02779575292524339,0.18999999999999995
2020-02-11,3365.8701171875,3375.6298828125,3352.719970703125,3357.75,3762940000,15.18000030517578,1.59,1.41,0.0016884725532351208,0.14000034332275213,0.009308533489218451,0.18000000000000016
2020-02-12,3370.5,3381.469970703125,3369.719970703125,3379.449951171875,3930910000,13.739999771118164,1.62,1.44,0.006462646466197652,-1.4400005340576154,-0.09486169335363137,0.18000000000000016
2020-02-13,3365.89990234375,3385.090087890625,3360.52001953125,3373.93994140625,3500890000,14.149999618530272,1.61,1.44,-0.0016304457368023773,0.4099998474121076,0.02983987294337065,0.17000000000000015
2020-02-14,3378.080078125,3380.68994140625,3366.14990234375,3380.159912109375,3419700000,13.68000030517578,1.59,1.42,0.0018435333204338544,-0.4699993133544922,-0.03321550007245233,0.17000000000000015
2020-02-18,3369.0400390625,3375.010009765625,3355.610107421875,3370.2900390625,3750400000,14.829999923706056,1.55,1.41,-0.002919942636890105,1.149999618530277,0.0840642977248458,0.14000000000000012
2020-02-19,3380.389892578125,3393.52001953125,3378.830078125,3386.14990234375,3614200000,14.380000114440918,1.56,1.42,0.004705785881164548,-0.4499998092651385,-0.03034388479974326,0.14000000000000012
2020-02-20,3380.449951171875,3389.14990234375,3341.02001953125,3373.22998046875,4019180000,15.5600004196167,1.52,1.39,-0.00381551976362815,1.1800003051757812,0.08205843503372323,0.13000000000000012
2020-02-21,3360.5,3360.760009765625,3328.449951171875,3337.75,3908780000,17.079999923706055,1.46,1.34,-0.01051810302712286,1.5199995040893555,0.09768634081610128,0.11999999999999988
2020-02-24,3257.610107421875,3259.81005859375,3214.64990234375,3225.889892578125,4851160000,25.030000686645508,1.38,1.26,-0.03351362667122315,7.950000762939453,0.46545672122078363,0.11999999999999988
2020-02-25,3238.93994140625,3246.989990234375,3118.77001953125,3128.2099609375,5596760000,27.850000381469727,1.33,1.2,-0.030279995565056117,2.8199996948242188,0.11266478695419302,0.13000000000000012
2020-02-26,3139.89990234375,3182.510009765625,3108.989990234375,3116.389892578125,5484650000,27.559999465942383,1.33,1.16,-0.0037785406053220116,-0.29000091552734375,-0.010412959122266252,0.17000000000000015
2020-02-27,3062.5400390625,3097.070068359375,2977.389892578125,2978.760009765625,7064710000,39.15999984741211,1.3,1.11,-0.04416324258407911,11.600000381469727,0.4208998768597427,0.18999999999999995
2020-02-28,2916.89990234375,2959.719970703125,2855.840087890625,2954.219970703125,8569570000,40.11000061035156,1.13,0.86,-0.008238340444361891,0.9500007629394531,0.024259467993900774,0.2699999999999999
2020-03-02,2974.280029296875,3090.9599609375,2945.18994140625,3090.22998046875,6381330000,33.41999816894531,1.1,0.84,0.046039229006110016,-6.69000244140625,-0.16679138218910172,0.2600000000000001
2020-03-03,3096.4599609375,3136.719970703125,2976.6298828125,3003.3701171875,6376510000,36.81999969482422,1.02,0.71,-0.028107896121075893,3.4000015258789062,0.10173553896356191,0.31000000000000005
2020-03-04,3045.75,3130.969970703125,3034.3798828125,3130.1201171875,5073020000,31.989999771118164,1.02,0.67,0.04220259077449118,-4.829999923706055,-0.13117870623950623,0.35
2020-03-05,3075.699951171875,3083.0400390625,2999.830078125,3023.93994140625,5579290000,39.619998931884766,0.92,0.59,-0.033922077046888544,7.629999160766602,0.23851201048320303,0.33000000000000007
2020-03-06,2954.199951171875,2985.929931640625,2901.5400390625,2972.3701171875,6555240000,41.93999862670898,0.74,0.49,-0.01705385200037013,2.3199996948242116,0.05855627858074364,0.25
2020-03-09,2863.889892578125,2863.889892578125,2734.429931640625,2746.56005859375,8441290000,54.459999084472656,0.54,0.38,-0.07596969747745097,12.520000457763679,0.29852171835290586,0.16000000000000003
2020-03-10,2813.47998046875,2882.590087890625,2734.0,2882.22998046875,7642040000,47.29999923706055,0.76,0.5,0.04939630628156144,-7.159999847412109,-0.13147263987842284,0.26
2020-03-11,2825.60009765625,2825.60009765625,2707.219970703125,2741.3798828125,7431200000,53.900001525878906,0.82,0.5,-0.048868445131273974,6.600002288818359,0.13953493436099507,0.31999999999999995
2020-03-12,2630.860107421875,2660.949951171875,2478.860107421875,2480.639892578125,8850810000,75.47000122070312,0.88,0.5,-0.09511268097833658,21.56999969482422,0.40018551176604067,0.38
2020-03-13,2569.989990234375,2711.330078125,2492.3701171875,2711.02001953125,8299070000,57.83000183105469,0.94,0.49,0.09287124972971839,-17.639999389648438,-0.2337352471753954,0.44999999999999996
2020-03-16,2508.590087890625,2562.97998046875,2380.93994140625,2386.1298828125,7805450000,82.69000244140625,0.73,0.36,-0.11984055240393443,24.860000610351562,0.4298806817087415,0.37
2020-03-17,2425.659912109375,2553.929931640625,2367.0400390625,2529.18994140625,8370250000,75.91000366210938,1.02,0.47,0.05995484974402432,-6.779998779296875,-0.08199296866753814,0.55
2020-03-18,2436.5,2453.570068359375,2280.52001953125,2398.10009765625,8799300000,76.44999694824219,1.18,0.54,-0.051830762729157875,0.5399932861328125,0.00711359847295534,0.6399999999999999
2020-03-19,2393.47998046875,2466.969970703125,2319.780029296875,2409.389892578125,7956100000,72.0,1.12,0.44,0.0047078080405855705,-4.4499969482421875,-0.05820794147650399,0.6800000000000002
2020-03-20,2431.93994140625,2453.010009765625,2295.56005859375,2304.919921875,9053950000,66.04000091552734,0.92,0.37,-0.04335951230846191,-5.959999084472656,-0.0827777650621202,0.55
2020-03-23,2290.7099609375,2300.72998046875,2191.860107421875,2237.39990234375,7411380000,61.59000015258789,0.76,0.28,-0.02929386782180443,-4.450000762939453,-0.06738341461611286,0.48
2020-03-24,2344.43994140625,2449.7099609375,2344.43994140625,2447.330078125,7563150000,61.66999816894531,0.84,0.38,0.09382773976227554,0.07999801635742188,0.0012988799506288284,0.45999999999999996
2020-03-25,2457.77001953125,2571.419921875,2407.530029296875,2475.56005859375,8300010000,63.95000076293945,0.88,0.34,0.011535011448221999,2.2800025939941406,0.03697101770212585,0.54
2020-03-26,2501.2900390625,2637.010009765625,2500.719970703125,2630.070068359375,7766990000,61.0,0.83,0.3,0.062414163303876835,-2.950000762939453,-0.0461298002774857,0.53
2020-03-27,2555.8701171875,2615.909912109375,2520.02001953125,2541.469970703125,6201670000,65.54000091552734,0.72,0.25,-0.033687352562252526,4.540000915527344,0.07442624451684177,0.47
2020-03-30,2558.97998046875,2631.800048828125,2545.280029296875,2626.64990234375,5751120000,57.08000183105469,0.7,0.23,0.03351600948370015,-8.459999084472656,-0.1290814611885116,0.47
2020-03-31,2614.68994140625,2641.389892578125,2571.14990234375,2584.590087890625,6576210000,53.540000915527344,0.7,0.23,-0.016012721914555605,-3.5400009155273438,-0.06201823409195106,0.47
2020-04-01,2498.080078125,2522.75,2447.489990234375,2470.5,5964000000,57.060001373291016,0.62,0.23,-0.04414243033166543,3.520000457763672,0.06574524463152964,0.39
2020-04-02,2458.5400390625,2533.219970703125,2455.7900390625,2526.89990234375,6464190000,50.90999984741211,0.63,0.23,0.02282934723487151,-6.150001525878906,-0.10778130700777788,0.4
2020-04-03,2514.919921875,2538.179931640625,2459.9599609375,2488.64990234375,6096970000,46.79999923706055,0.62,0.23,-0.015137125124949469,-4.1100006103515625,-0.0807307134682792,0.39
2020-04-06,2578.280029296875,2676.85009765625,2574.570068359375,2663.679931640625,6403840000,45.2400016784668,0.67,0.27,0.07033131865275055,-1.55999755859375,-0.033333281709936435,0.4
2020-04-07,2738.64990234375,2756.889892578125,2657.669921875,2659.409912109375,7050410000,46.70000076293945,0.75,0.28,-0.0016030527844311804,1.4599990844726562,0.032272303941305536,0.47
2020-04-08,2685.0,2760.75,2663.300048828125,2749.97998046875,5875710000,43.34999847412109,0.77,0.27,0.03405645287963033,-3.3500022888183665,-0.07173452321390295,0.5
2020-04-09,2776.989990234375,2818.570068359375,2762.360107421875,2789.820068359375,7899550000,41.66999816894531,0.73,0.23,0.014487410153376512,-1.6800003051757741,-0.03875433366344161,0.5
2020-04-13,2782.4599609375,2782.4599609375,2721.169921875,2761.6298828125,5319530000,41.16999816894531,0.76,0.25,-0.010104660822607414,-0.5,-0.011999040604053213,0.51
2020-04-14,2805.10009765625,2851.85009765625,2805.10009765625,2846.06005859375,5615730000,37.7599983215332,0.76,0.23,0.030572589146256046,-3.4099998474121094,-0.08282730141057637,0.53
2020-04-15,2795.639892578125,2801.8798828125,2761.5400390625,2783.360107421875,5208000000,40.84000015258789,0.63,0.2,-0.022030438529415775,3.0800018310546875,0.08156784872784995,0.43
2020-04-16,2799.340087890625,2806.510009765625,2764.320068359375,2799.550048828125,5228810000,40.11000061035156,0.61,0.2,0.005816689462164515,-0.7299995422363281,-0.01787462143753371,0.41
2020-04-17,2842.429931640625,2879.219970703125,2830.8798828125,2874.56005859375,5804810000,38.150001525878906,0.65,0.2,0.026793594848223412,-1.9599990844726562,-0.048865595977249154,0.45
2020-04-20,2845.6201171875,2868.97998046875,2820.429931640625,2823.159912109375,5228630000,43.83000183105469,0.63,0.2,-0.01788104803401469,5.680000305175781,0.14888597845331075,0.43
2020-04-21,2784.81005859375,2785.5400390625,2727.10009765625,2736.56005859375,5121010000,45.40999984741211,0.58,0.2,-0.030674795694063395,1.5799980163574219,0.03604832193362939,0.37999999999999995
2020-04-22,2787.889892578125,2815.10009765625,2775.949951171875,2799.31005859375,5084920000,41.97999954223633,0.63,0.22,0.022930247703843776,-3.4300003051757812,-0.07553403031714068,0.41000000000000003
2020-04-23,2810.419921875,2844.89990234375,2794.260009765625,2797.800048828125,5773530000,41.380001068115234,0.61,0.22,-0.0005394221197431159,-0.5999984741210938,-0.014292484055828392,0.39
2020-04-24,2812.639892578125,2842.7099609375,2791.760009765625,2836.739990234375,5382810000,35.93000030517578,0.6,0.22,0.013918057304545428,-5.450000762939453,-0.13170615326877966,0.38
2020-04-27,2854.64990234375,2887.719970703125,2852.889892578125,2878.47998046875,5203930000,33.290000915527344,0.67,0.24,0.014714069804799612,-2.6399993896484375,-0.07347618611815432,0.43000000000000005
2020-04-28,2909.9599609375,2921.14990234375,2860.7099609375,2863.389892578125,5691160000,33.56999969482422,0.62,0.2,-0.005242380698498916,0.279998779296875,0.00841089731440281,0.42
2020-04-29,2918.4599609375,2954.860107421875,2912.159912109375,2939.510009765625,6645640000,31.229999542236328,0.63,0.2,0.026583916282167053,-2.3400001525878906,-0.06970509901281496,0.43
2020-04-30,2930.909912109375,2930.909912109375,2892.469970703125,2912.429931640625,6544980000,34.150001525878906,0.64,0.2,-0.009212446303987654,2.920001983642578,0.0934999047852525,0.44
2020-05-01,2869.090087890625,2869.090087890625,2821.610107421875,2830.7099609375,4759810000,37.18999862670898,0.64,0.2,-0.028059034078492195,3.039997100830071,0.08901894480228223,0.44
2020-05-04,2815.010009765625,2844.239990234375,2797.85009765625,2842.739990234375,4735930000,35.970001220703125,0.64,0.19,0.004249827591976452,-1.2199974060058523,-0.03280444880494504,0.45
2020-05-05,2868.8798828125,2898.22998046875,2863.550048828125,2868.43994140625,5140290000,33.61000061035156,0.66,0.19,0.009040556385797371,-2.3600006103515625,-0.06561024548960048,0.47000000000000003
2020-05-06,2883.139892578125,2891.110107421875,2847.64990234375,2848.419921875,4892570000,34.119998931884766,0.72,0.17,-0.006979410390386298,0.5099983215332031,0.015174005125609291,0.5499999999999999
2020-05-07,2878.260009765625,2901.919921875,2876.47998046875,2881.18994140625,5178790000,31.440000534057617,0.63,0.13,0.011504630788313985,-2.6799983978271484,-0.07854626265309517,0.5
2020-05-08,2908.830078125,2932.159912109375,2902.8798828125,2929.800048828125,4876030000,27.979999542236328,0.69,0.16,0.016871538638701944,-3.460000991821289,-0.11005092026233321,0.5299999999999999
2020-05-11,2915.4599609375,2944.25,2903.43994140625,2930.18994140625,4819730000,27.56999969482422,0.73,0.17,0.00013307822091168653,-0.4099998474121094,-0.01465331858898733,0.5599999999999999
2020-05-12,2939.5,2945.820068359375,2869.590087890625,2870.1201171875,5119630000,33.040000915527344,0.69,0.17,-0.020500317528877154,5.470001220703125,0.1984041088593127,0.5199999999999999
2020-05-13,2865.860107421875,2874.139892578125,2793.14990234375,2820.0,6151650000,35.279998779296875,0.64,0.16,-0.01746272460422804,2.2399978637695312,0.0677965436349861,0.48
2020-05-14,2794.5400390625,2852.800048828125,2766.639892578125,2852.5,5651130000,32.61000061035156,0.63,0.16,0.01152482269503552,-2.6699981689453125,-0.07568022282676867,0.47
2020-05-15,2829.949951171875,2865.010009765625,2816.780029296875,2863.699951171875,5507700000,31.88999938964844,0.64,0.16,0.0039263632504382695,-0.7200012207031214,-0.022079153855476097,0.48
2020-05-18,2913.860107421875,2968.090087890625,2913.860107421875,2953.909912109375,6373670000,29.299999237060547,0.73,0.18,0.03150119163168075,-2.590000152587894,-0.08121668868481113,0.55
2020-05-19,2948.590087890625,2964.2099609375,2922.35009765625,2922.93994140625,4984330000,30.530000686645508,0.7,0.17,-0.010484399194493177,1.230001449584961,0.04197957275129127,0.5299999999999999
2020-05-20,2953.6298828125,2980.2900390625,2953.6298828125,2971.610107421875,5005380000,27.989999771118164,0.68,0.16,0.01665110025908012,-2.5400009155273438,-0.08319688366854172,0.52
2020-05-21,2969.949951171875,2978.5,2938.570068359375,2948.510009765625,4976620000,29.530000686645508,0.68,0.17,-0.007773596407737116,1.5400009155273438,0.055019683033953104,0.51
2020-05-22,2948.050048828125,2956.760009765625,2933.590087890625,2955.449951171875,3970860000,28.15999984741211,0.66,0.17,0.002353711326488428,-1.3700008392333984,-0.04639352547841158,0.49
2020-05-26,3004.080078125,3021.719970703125,2988.169921875,2991.77001953125,5848500000,28.01000022888184,0.69,0.18,0.012289184036080147,-0.14999961853026988,-0.005326691027807473,0.51
2020-05-27,3015.64990234375,3036.25,2969.75,3036.1298828125,6398000000,27.6200008392334,0.68,0.19,0.014827297215913804,-0.38999938964844105,-0.013923576810481508,0.49000000000000005
2020-05-28,3046.610107421875,3068.669921875,3023.39990234375,3029.72998046875,5447020000,28.59000015258789,0.7,0.17,-0.0021079145460738413,0.9699993133544922,0.03511945271111783,0.5299999999999999
2020-05-29,3025.169921875,3049.169921875,2998.610107421875,3044.31005859375,7297550000,27.51000022888184,0.65,0.16,0.004812335824971425,-1.0799999237060511,-0.037775443089960725,0.49
2020-06-01,3038.780029296875,3062.179931640625,3031.5400390625,3055.72998046875,4684170000,28.229999542236328,0.66,0.14,0.003751234813537785,0.7199993133544886,0.026172275803857836,0.52
2020-06-02,3064.780029296875,3081.070068359375,3051.639892578125,3080.820068359375,5197150000,26.84000015258789,0.68,0.17,0.008210832780053412,-1.3899993896484375,-0.0492383780442075,0.51
2020-06-03,3098.89990234375,3130.93994140625,3098.89990234375,3122.8701171875,6005560000,25.65999984741211,0.77,0.19,0.013648979133831007,-1.1800003051757812,-0.04396424360906748,0.5800000000000001
2020-06-04,3111.56005859375,3128.909912109375,3090.409912109375,3112.35009765625,6451290000,25.809999465942383,0.82,0.19,-0.0033687022311144066,0.14999961853027344,0.005845659369534406,0.6299999999999999
2020-06-05,3163.840087890625,3211.719970703125,3163.840087890625,3193.929931640625,8639300000,24.520000457763672,0.91,0.22,0.026211650818398713,-1.289999008178711,-0.049980590270097824,0.6900000000000001
2020-06-08,3199.919921875,3233.1298828125,3196.0,3232.389892578125,8498300000,25.809999465942383,0.88,0.22,0.012041579421169235,1.289999008178711,0.0526100727608374,0.66
2020-06-09,3213.320068359375,3222.7099609375,3193.110107421875,3207.179931640625,6410930000,27.56999969482422,0.84,0.2,-0.007799170822611612,1.760000228881836,0.06819063406817372,0.6399999999999999
2020-06-10,3213.419921875,3223.27001953125,3181.489990234375,3190.139892578125,6598870000,27.56999969482422,0.75,0.17,-0.0053130910724373814,0.0,0.0,0.58
2020-06-11,3123.530029296875,3123.530029296875,2999.489990234375,3002.10009765625,7037320000,40.790000915527344,0.66,0.19,-0.05894405927443824,13.220001220703125,0.47950675977645907,0.47000000000000003
2020-06-12,3071.0400390625,3088.419921875,2984.469970703125,3041.31005859375,5845330000,36.09000015258789,0.71,0.19,0.013060843963234703,-4.700000762939453,-0.11522433580407998,0.52
2020-06-15,2993.760009765625,3079.760009765625,2965.659912109375,3066.590087890625,5757480000,34.400001525878906,0.71,0.19,0.008312217041285264,-1.6899986267089844,-0.046827337754605125,0.52
2020-06-16,3131.0,3153.449951171875,3076.06005859375,3124.739990234375,5845810000,33.66999816894531,0.75,0.21,0.01896239819380252,-0.7300033569335938,-0.021221026876537152,0.54
2020-06-17,3136.1298828125,3141.159912109375,3108.030029296875,3113.489990234375,4560450000,33.470001220703125,0.74,0.19,-0.0036002995561740248,-0.1999969482421875,-0.005939915625735037,0.55
2020-06-18,3101.639892578125,3120.0,3093.510009765625,3115.340087890625,4448690000,32.939998626708984,0.71,0.19,0.0005942198825281686,-0.5300025939941406,-0.01583515311216377,0.52
2020-06-19,3140.2900390625,3155.530029296875,3083.110107421875,3097.739990234375,8346650000,35.119998931884766,0.7,0.19,-0.005649494809462974,2.1800003051757812,0.06618094705711841,0.51
2020-06-22,3094.419921875,3120.919921875,3079.389892578125,3117.860107421875,4686690000,31.770000457763672,0.71,0.19,0.006495095537691675,-3.3499984741210938,-0.095387203189226,0.52
2020-06-23,3138.699951171875,3154.89990234375,3127.1201171875,3131.2900390625,4711850000,31.3700008392334,0.72,0.18,0.004307419569164139,-0.39999961853027344,-0.0125904819882533,0.54
2020-06-24,3114.39990234375,3115.010009765625,3032.1298828125,3050.330078125,5597680000,33.84000015258789,0.69,0.19,-0.025855145939064572,2.469999313354492,0.07873762343880286,0.49999999999999994
2020-06-25,3046.60009765625,3086.25,3024.010009765625,3083.760009765625,4847690000,32.220001220703125,0.68,0.17,0.010959447267809841,-1.6199989318847656,-0.04787230864598202,0.51
2020-06-26,3073.199951171875,3073.72998046875,3004.6298828125,3009.050048828125,8107850000,34.72999954223633,0.64,0.17,-0.024226905044785974,2.509998321533203,0.07790186922526843,0.47
2020-06-29,3018.590087890625,3053.889892578125,2999.739990234375,3053.239990234375,4473970000,31.780000686645508,0.64,0.16,0.014685678433118632,-2.9499988555908203,-0.0849409413899711,0.48
2020-06-30,3050.199951171875,3111.510009765625,3047.830078125,3100.2900390625,4705850000,30.43000030517578,0.66,0.16,0.015409875731554612,-1.3500003814697266,-0.04247955797046343,0.5
2020-07-01,3105.919921875,3128.43994140625,3101.169921875,3115.860107421875,4449230000,28.6200008392334,0.69,0.17,0.005022132820864389,-1.8099994659423828,-0.05948075740355885,0.5199999999999999
2020-07-02,3143.639892578125,3165.81005859375,3124.52001953125,3130.010009765625,4197720000,27.68000030517578,0.68,0.16,0.004541250844364075,-0.9400005340576172,-0.03284418261683031,0.52
2020-07-06,3155.2900390625,3182.590087890625,3155.2900390625,3179.719970703125,4759160000,27.940000534057617,0.69,0.16,0.01588172586745884,0.26000022888183594,0.009393071749107529,0.5299999999999999
2020-07-07,3166.43994140625,3184.14990234375,3142.929931640625,3145.320068359375,4571330000,29.43000030517578,0.65,0.16,-0.010818532028197159,1.489999771118164,0.0533285519913258,0.49
2020-07-08,3153.070068359375,3171.800048828125,3136.530029296875,3169.93994140625,4937310000,28.07999992370605,0.67,0.16,0.007827461915415501,-1.3500003814697301,-0.04587157211929449,0.51
2020-07-09,3176.169921875,3179.780029296875,3115.699951171875,3152.050048828125,4843650000,29.26000022888184,0.62,0.16,-0.005643606159361103,1.1800003051757884,0.042022803005052456,0.45999999999999996
2020-07-10,3152.469970703125,3186.820068359375,3136.219970703125,3185.0400390625,4524190000,27.290000915527344,0.65,0.16,0.01046620127324438,-1.9699993133544957,-0.06732738543897743,0.49
2020-07-13,3205.080078125,3235.320068359375,3149.429931640625,3155.219970703125,4902440000,32.189998626708984,0.64,0.16,-0.009362541127788226,4.899997711181641,0.1795528599045837,0.48
2020-07-14,3141.110107421875,3200.949951171875,3127.659912109375,3197.52001953125,4507140000,29.520000457763672,0.63,0.14,0.013406370782667931,-2.6699981689453125,-0.08294496063538004,0.49
2020-07-15,3225.97998046875,3238.280029296875,3200.760009765625,3226.56005859375,4686830000,27.76000022888184,0.64,0.16,0.009082050740923053,-1.7600002288818324,-0.059620603034880926,0.48
2020-07-16,3208.360107421875,3220.389892578125,3198.590087890625,3215.570068359375,3972860000,28.0,0.62,0.16,-0.0034061012455366413,0.2399997711181605,0.008645524824904882,0.45999999999999996
2020-07-17,3224.2099609375,3233.52001953125,3205.64990234375,3224.72998046875,4012850000,25.68000030517578,0.64,0.14,0.002848612194617406,-2.3199996948242188,-0.08285713195800781,0.5
2020-07-20,3224.2900390625,3258.610107421875,3215.159912109375,3251.840087890625,3979340000,24.459999084472656,0.62,0.16,0.0084069387471426,-1.220001220703125,-0.04750783513258894,0.45999999999999996
2020-07-21,3268.52001953125,3277.2900390625,3247.77001953125,3257.300048828125,4556610000,24.84000015258789,0.61,0.14,0.0016790373419135474,0.3800010681152344,0.015535612524060216,0.47
2020-07-22,3254.860107421875,3279.320068359375,3253.10009765625,3276.02001953125,4267160000,24.31999969482422,0.6,0.14,0.005747082068739751,-0.5200004577636719,-0.020933995755611834,0.45999999999999996
2020-07-23,3271.639892578125,3279.989990234375,3222.659912109375,3235.659912109375,4296760000,26.07999992370605,0.59,0.16,-0.012319859824193036,1.7600002288818324,0.07236843137199522,0.42999999999999994
2020-07-24,3218.580078125,3227.260009765625,3200.050048828125,3215.6298828125,3689410000,25.84000015258789,0.59,0.14,-0.006190400054688405,-0.2399997711181605,-0.009202445238506551,0.44999999999999996
2020-07-27,3219.840087890625,3241.429931640625,3214.25,3239.409912109375,3970310000,24.739999771118164,0.62,0.15,0.007395138795039502,-1.1000003814697266,-0.04256967395410638,0.47
2020-07-28,3234.27001953125,3243.719970703125,3216.169921875,3218.43994140625,4053180000,25.440000534057617,0.59,0.14,-0.006473392152297919,0.7000007629394531,0.02829429140725548,0.44999999999999996
2020-07-29,3227.219970703125,3264.739990234375,3227.219970703125,3258.43994140625,4478200000,24.100000381469727,0.58,0.12,0.01242838167815008,-1.3400001525878906,-0.052672960867039875,0.45999999999999996
2020-07-30,3231.760009765625,3250.919921875,3204.1298828125,3246.219970703125,4264920000,24.76000022888184,0.55,0.11,-0.003750251937389204,0.6599998474121129,0.027385885351254302,0.44000000000000006
2020-07-31,3270.449951171875,3272.169921875,3220.260009765625,3271.1201171875,5007530000,24.459999084472656,0.55,0.11,0.007670504990141325,-0.30000114440918324,-0.0121163627478178,0.44000000000000006
2020-08-03,3288.260009765625,3302.72998046875,3284.530029296875,3294.610107421875,4438940000,24.280000686645508,0.56,0.11,0.00718102343932614,-0.17999839782714844,-0.007358888166983268,0.45000000000000007
2020-08-04,3289.919921875,3306.840087890625,3286.3701171875,3306.510009765625,4414380000,23.76000022888184,0.52,0.11,0.0036119303819721615,-0.5200004577636683,-0.021416822201725805,0.41000000000000003
2020-08-05,3317.3701171875,3330.77001953125,3317.3701171875,3327.77001953125,4535060000,22.989999771118164,0.55,0.11,0.006429743053199433,-0.7700004577636754,-0.03240742636137217,0.44000000000000006
2020-08-06,3323.169921875,3351.030029296875,3318.139892578125,3349.159912109375,4278930000,22.649999618530277,0.55,0.11,0.00642769555966427,-0.3400001525878871,-0.014789045496860886,0.44000000000000006
2020-08-07,3340.050048828125,3352.5400390625,3328.719970703125,3351.280029296875,4110030000,22.209999084472656,0.57,0.13,0.0006330295486443038,-0.44000053405762074,-0.019426072470996925,0.43999999999999995
2020-08-10,3356.0400390625,3363.2900390625,3335.43994140625,3360.469970703125,4327920000,22.1299991607666,0.59,0.14,0.002742218294476073,-0.07999992370605469,-0.0036019778029610094,0.44999999999999996
2020-08-11,3370.340087890625,3381.010009765625,3326.43994140625,3333.68994140625,4880540000,24.030000686645508,0.64,0.16,-0.007969132154236114,1.9000015258789062,0.08585637586680717,0.48
2020-08-12,3355.4599609375,3387.889892578125,3355.4599609375,3380.35009765625,3772250000,22.280000686645508,0.69,0.16,0.013996549490237653,-1.75,-0.07282563254243057,0.5299999999999999
2020-08-13,3372.949951171875,3387.239990234375,3363.35009765625,3373.429931640625,3438730000,22.1299991607666,0.71,0.16,-0.002047174350497949,-0.15000152587890625,-0.006732563790665225,0.5499999999999999
2020-08-14,3368.659912109375,3378.510009765625,3361.639892578125,3372.85009765625,3200060000,22.049999237060547,0.71,0.14,-0.00017188262276812694,-0.07999992370605469,-0.0036149989489328016,0.57
2020-08-17,3380.860107421875,3387.590087890625,3379.219970703125,3381.989990234375,3460330000,21.350000381469727,0.69,0.14,0.0027098425110787527,-0.6999988555908203,-0.0317459809438132,0.5499999999999999
2020-08-18,3387.0400390625,3395.06005859375,3370.14990234375,3389.780029296875,3669550000,21.51000022888184,0.67,0.14,0.002303389154016955,0.15999984741211293,0.007494137918188537,0.53
2020-08-19,3392.510009765625,3399.5400390625,3369.659912109375,3374.85009765625,3679480000,22.540000915527344,0.68,0.14,-0.0044043954214108005,1.0300006866455043,0.047884736201095235,0.54
2020-08-20,3360.47998046875,3390.800048828125,3354.68994140625,3385.510009765625,3431040000,22.71999931335449,0.65,0.13,0.0031586327691348615,0.17999839782714488,0.007985731611179547,0.52
2020-08-21,3386.010009765625,3399.9599609375,3379.31005859375,3397.159912109375,3505010000,22.540000915527344,0.64,0.16,0.0034411070444764214,-0.17999839782714488,-0.00792246493252946,0.48
2020-08-24,3418.090087890625,3432.090087890625,3413.1298828125,3431.280029296875,3743410000,22.3700008392334,0.65,0.14,0.010043718303008653,-0.1700000762939453,-0.007542150372178313,0.51
2020-08-25,3435.949951171875,3444.2099609375,3425.840087890625,3443.6201171875,3627650000,22.030000686645508,0.69,0.15,0.0035963511532906,-0.3400001525878906,-0.015198933385446534,0.5399999999999999
2020-08-26,3449.969970703125,3481.070068359375,3444.14990234375,3478.72998046875,3780530000,23.270000457763672,0.69,0.16,0.010195626139483993,1.239999771118164,0.0562868693812546,0.5299999999999999
2020-08-27,3485.139892578125,3501.3798828125,3468.35009765625,3484.550048828125,3955890000,24.46999931335449,0.74,0.16,0.0016730440109038458,1.1999988555908168,0.051568492994612525,0.58
2020-08-28,3494.68994140625,3509.22998046875,3484.320068359375,3508.010009765625,3868510000,22.959999084472656,0.74,0.14,0.00673256535528588,-1.5100002288818324,-0.061708225224908375,0.6
2020-08-31,3509.72998046875,3514.77001953125,3493.25,3500.31005859375,4348280000,26.40999984741211,0.72,0.14,-0.0021949627140287475,3.450000762939453,0.15026136326253647,0.58
2020-09-01,3507.43994140625,3528.030029296875,3494.60009765625,3526.64990234375,4101490000,26.1200008392334,0.68,0.13,0.007525003016613407,-0.28999900817871094,-0.010980651641583683,0.55
2020-09-02,3543.760009765625,3588.110107421875,3535.22998046875,3580.840087890625,4295640000,26.56999969482422,0.66,0.14,0.015365910154807594,0.4499988555908203,0.01722813327459405,0.52
2020-09-03,3564.739990234375,3564.85009765625,3427.409912109375,3455.06005859375,4911830000,33.599998474121094,0.63,0.13,-0.03512584371534122,7.029998779296875,0.2645840745216983,0.5
2020-09-04,3453.60009765625,3479.14990234375,3349.6298828125,3426.9599609375,4438720000,30.75,0.72,0.14,-0.008133027264274895,-2.8499984741210938,-0.0848213870103649,0.58
2020-09-08,3371.8798828125,3379.969970703125,3329.27001953125,3331.840087890625,4694330000,31.459999084472656,0.69,0.14,-0.027756342102360998,0.7099990844726562,0.02308940112106206,0.5499999999999999
2020-09-09,3369.820068359375,3424.77001953125,3366.840087890625,3398.9599609375,3932520000,28.809999465942383,0.71,0.14,0.02014498633677464,-2.6499996185302734,-0.08423393819608227,0.57
2020-09-10,3412.56005859375,3425.550048828125,3329.25,3339.18994140625,4208630000,29.709999084472656,0.68,0.14,-0.01758479659017942,0.8999996185302734,0.03123914041005804,0.54
2020-09-11,3352.699951171875,3368.949951171875,3310.469970703125,3340.969970703125,3710090000,26.8700008392334,0.67,0.13,0.0005330721905940639,-2.839998245239258,-0.09559065408128964,0.54
2020-09-14,3363.56005859375,3402.929931640625,3363.56005859375,3383.5400390625,3839580000,25.850000381469727,0.68,0.14,0.012741829089357504,-1.0200004577636719,-0.03796056665075909,0.54
2020-09-15,3407.72998046875,3419.47998046875,3389.25,3401.199951171875,4057190000,25.59000015258789,0.68,0.14,0.005219359577689042,-0.26000022888183594,-0.010058035785106334,0.54
2020-09-16,3411.22998046875,3428.919921875,3384.449951171875,3385.489990234375,4718900000,26.040000915527344,0.69,0.14,-0.004618946596211537,0.4500007629394531,0.017585023847447978,0.5499999999999999
2020-09-17,3346.860107421875,3375.169921875,3328.820068359375,3357.010009765625,4379840000,26.459999084472656,0.69,0.13,-0.008412365876402483,0.4199981689453125,0.01612896137399411,0.5599999999999999
2020-09-18,3357.3798828125,3362.27001953125,3292.39990234375,3319.469970703125,7076400000,25.82999992370605,0.7,0.14,-0.011182581807410497,-0.6299991607666051,-0.02380949291628298,0.5599999999999999
2020-09-21,3285.570068359375,3285.570068359375,3229.10009765625,3281.06005859375,4836070000,27.780000686645508,0.68,0.14,-0.011571097930805796,1.9500007629394567,0.07549364183891472,0.54
2020-09-22,3295.75,3320.31005859375,3270.949951171875,3315.570068359375,3974510000,26.86000061035156,0.68,0.13,0.010517945160813724,-0.9200000762939489,-0.03311735253974324,0.55
2020-09-23,3320.110107421875,3323.35009765625,3232.570068359375,3236.919921875,4378650000,28.57999992370605,0.68,0.14,-0.023721455093028143,1.7199993133544922,0.0640357138596499,0.54
2020-09-24,3226.139892578125,3278.699951171875,3209.449951171875,3246.590087890625,4601920000,28.51000022888184,0.67,0.14,0.0029874591429570607,-0.06999969482421164,-0.0024492545490228945,0.53
2020-09-25,3236.659912109375,3306.8798828125,3228.43994140625,3298.4599609375,3803330000,26.3799991607666,0.66,0.12,0.0159767237756141,-2.130001068115238,-0.07471066471467291,0.54
2020-09-28,3333.89990234375,3360.739990234375,3332.909912109375,3351.60009765625,3950910000,26.190000534057617,0.67,0.14,0.016110590199083896,-0.18999862670898438,-0.007202374251457866,0.53
2020-09-29,3350.919921875,3357.919921875,3327.5400390625,3335.469970703125,3661590000,26.270000457763672,0.66,0.11,-0.0048126645432444715,0.07999992370605469,0.0030545980173624088,0.55
2020-09-30,3341.2099609375,3393.56005859375,3340.469970703125,3363.0,4738640000,26.3700008392334,0.69,0.13,0.008253718228220741,0.10000038146972656,0.0038066379797176975,0.5599999999999999
2020-10-01,3385.8701171875,3397.179931640625,3361.389892578125,3380.800048828125,4076340000,26.700000762939453,0.68,0.14,0.005292907769290922,0.3299999237060547,0.012514217413868156,0.54
2020-10-02,3338.93994140625,3369.10009765625,3323.68994140625,3348.419921875,3975180000,27.6299991607666,0.7,0.13,-0.009577652178616392,0.9299983978271484,0.03483139967239324,0.57
2020-10-05,3367.27001953125,3409.570068359375,3367.27001953125,3408.60009765625,3692720000,27.959999084472656,0.78,0.14,0.01797270867614209,0.3299999237060547,0.011943537232336876,0.64
2020-10-06,3408.739990234375,3431.56005859375,3354.5400390625,3360.969970703125,4453390000,29.479999542236328,0.76,0.14,-0.013973515692226712,1.5200004577636719,0.05436339440396454,0.62
2020-10-07,3384.56005859375,3426.260009765625,3384.56005859375,3419.43994140625,3814750000,28.059999465942383,0.81,0.16,0.01739675486921799,-1.4200000762939453,-0.048168252996730776,0.65
2020-10-08,3434.280029296875,3447.280029296875,3428.14990234375,3446.830078125,3867640000,26.36000061035156,0.78,0.13,0.008010123642494982,-1.6999988555908239,-0.060584422236151014,0.65
2020-10-09,3459.669921875,3482.340087890625,3458.070068359375,3477.139892578125,3944090000,25.0,0.79,0.16,0.00879353312061526,-1.360000610351559,-0.05159334517683911,0.63
2020-10-12,3500.02001953125,3549.85009765625,3499.610107421875,3534.219970703125,3435760000,25.06999969482422,0.79,0.16,0.01641581296364758,0.06999969482421875,0.00279998779296875,0.63
2020-10-13,3534.010009765625,3534.010009765625,3500.860107421875,3511.929931640625,3611100000,26.06999969482422,0.74,0.16,-0.006306918994084421,1.0,0.03988831320993014,0.58
2020-10-14,3515.469970703125,3527.93994140625,3480.550048828125,3488.669921875,3858510000,26.399999618530277,0.73,0.14,-0.006623141753502759,0.32999992370605824,0.01265822506977532,0.59
2020-10-15,3453.719970703125,3489.080078125,3440.889892578125,3483.340087890625,3724550000,26.96999931335449,0.74,0.14,-0.0015277553060997207,0.5699996948242116,0.02159089784320023,0.6
2020-10-16,3493.5,3515.760009765625,3480.449951171875,3483.81005859375,4688030000,27.40999984741211,0.76,0.14,0.00013491955745537076,0.44000053405762074,0.01631444365071788,0.62
2020-10-19,3493.659912109375,3502.419921875,3419.929931640625,3426.919921875,4091080000,29.18000030517578,0.78,0.16,-0.016329861778318078,1.7700004577636719,0.06457498969781228,0.62
2020-10-20,3439.3798828125,3476.929931640625,3435.64990234375,3443.1201171875,3917850000,29.350000381469727,0.81,0.14,0.004727334073110212,0.1700000762939453,0.005825910709938986,0.67
2020-10-21,3439.909912109375,3464.860107421875,3433.06005859375,3435.56005859375,4103960000,28.649999618530277,0.83,0.14,-0.0021956999281005363,-0.7000007629394496,-0.02385011086341926,0.69
2020-10-22,3438.5,3460.530029296875,3415.340087890625,3453.489990234375,4172060000,28.11000061035156,0.87,0.16,0.005218925396392127,-0.539999008178718,-0.018848133171682768,0.71
2020-10-23,3464.89990234375,3466.4599609375,3440.449951171875,3465.389892578125,3651600000,27.549999237060547,0.85,0.18,0.003445761353703114,-0.5600013732910121,-0.01992178445861681,0.6699999999999999
2020-10-26,3441.419921875,3441.419921875,3364.860107421875,3400.969970703125,4002210000,32.459999084472656,0.81,0.16,-0.018589516294535646,4.909999847412109,0.17822141500487332,0.65
2020-10-27,3403.14990234375,3409.510009765625,3388.7099609375,3390.679931640625,3962400000,33.349998474121094,0.79,0.16,-0.0030256189119989285,0.8899993896484375,0.02741834302990398,0.63
2020-10-28,3342.47998046875,3342.47998046875,3268.889892578125,3271.030029296875,5139970000,40.27999877929688,0.79,0.16,-0.035287878760604796,6.930000305175788,0.20779612060712171,0.63
2020-10-29,3277.169921875,3341.050048828125,3259.820068359375,3310.110107421875,4911860000,37.59000015258789,0.85,0.16,0.011947330894238384,-2.6899986267089915,-0.06678249027384775,0.69
2020-10-30,3293.590087890625,3304.929931640625,3233.93994140625,3269.9599609375,4843930000,38.02000045776367,0.88,0.14,-0.012129550130175693,0.43000030517578125,0.011439220628632452,0.74
2020-11-02,3296.199951171875,3330.139892578125,3279.739990234375,3310.239990234375,4314690000,37.130001068115234,0.87,0.16,0.01231820260127181,-0.8899993896484375,-0.023408715910909428,0.71
2020-11-03,3336.25,3389.489990234375,3336.25,3369.159912109375,4241380000,35.54999923706055,0.9,0.17,0.01779929009643455,-1.5800018310546875,-0.04255323957993329,0.73
2020-11-04,3406.4599609375,3486.25,3405.169921875,3443.43994140625,4790400000,29.56999969482422,0.78,0.14,0.02204704770168342,-5.979999542236328,-0.1682137741370816,0.64
2020-11-05,3485.739990234375,3529.050048828125,3485.739990234375,3510.449951171875,4858150000,27.57999992370605,0.79,0.14,0.01946019413896294,-1.9899997711181676,-0.06729793005261642,0.65
2020-11-06,3508.340087890625,3521.580078125,3484.340087890625,3509.43994140625,4842460000,24.86000061035156,0.83,0.16,-0.00028771518741854685,-2.719999313354492,-0.09862216536906332,0.6699999999999999
2020-11-09,3583.0400390625,3645.989990234375,3547.47998046875,3550.5,8570510000,25.75,0.96,0.17,0.01169988923568721,0.889999389648441,0.035800457272629815,0.7899999999999999
2020-11-10,3543.260009765625,3557.219970703125,3511.909912109375,3545.530029296875,6037470000,24.799999237060547,0.98,0.19,-0.0013997945931910616,-0.9500007629394531,-0.03689323351221174,0.79
2020-11-11,3563.219970703125,3581.159912109375,3557.0,3572.659912109375,4635560000,23.450000762939453,0.98,0.19,0.007651855318760337,-1.3499984741210938,-0.054435424018226874,0.79
2020-11-12,3562.669921875,3569.02001953125,3518.580078125,3537.010009765625,4909660000,25.350000381469727,0.88,0.17,-0.009978532303877019,1.8999996185302734,0.08102343525434108,0.71
2020-11-13,3552.570068359375,3593.659912109375,3552.570068359375,3585.14990234375,4719580000,23.100000381469727,0.89,0.17,0.013610335409063534,-2.25,-0.08875739511407266,0.72
2020-11-16,3600.159912109375,3628.510009765625,3600.159912109375,3626.909912109375,5295510000,22.450000762939453,0.91,0.19,0.011648051240012336,-0.6499996185302734,-0.028138511160012314,0.72
2020-11-17,3610.31005859375,3623.110107421875,3588.679931640625,3609.530029296875,4812180000,22.709999084472656,0.87,0.18,-0.004791925698091615,0.2599983215332031,0.011581216601222133,0.69
2020-11-18,3612.090087890625,3619.090087890625,3567.330078125,3567.7900390625,5284810000,23.84000015258789,0.88,0.16,-0.011563829610944043,1.1300010681152344,0.04975786497886037,0.72
2020-11-19,3559.409912109375,3585.219970703125,3543.840087890625,3581.8701171875,4363370000,23.11000061035156,0.86,0.18,0.003946442467421596,-0.7299995422363317,-0.030620785971643083,0.6799999999999999
2020-11-20,3579.31005859375,3581.22998046875,3556.85009765625,3557.5400390625,4236370000,23.700000762939453,0.83,0.16,-0.006792562915180156,0.5900001525878942,0.02553007948963959,0.6699999999999999
2020-11-23,3566.820068359375,3589.81005859375,3552.77001953125,3577.590087890625,5057550000,22.65999984741211,0.86,0.16,0.005635930617216234,-1.0400009155273438,-0.043881893757304447,0.7
2020-11-24,3594.52001953125,3642.31005859375,3594.52001953125,3635.409912109375,6280290000,21.63999938964844,0.88,0.16,0.016161668273416252,-1.0200004577636683,-0.04501325969250425,0.72
2020-11-25,3635.5,3635.5,3617.760009765625,3629.64990234375,4910440000,21.25,0.88,0.17,-0.001584418237524976,-0.38999938964844105,-0.01802215344955127,0.71
2020-11-27,3638.550048828125,3644.31005859375,3629.330078125,3638.35009765625,2778390000,20.84000015258789,0.84,0.16,0.002396979198154181,-0.4099998474121094,-0.01929411046645224,0.6799999999999999
2020-11-30,3634.179931640625,3634.179931640625,3594.389892578125,3621.6298828125,6308410000,20.56999969482422,0.84,0.16,-0.004595548640170977,-0.2700004577636719,-0.01295587599744541,0.6799999999999999
2020-12-01,3645.8701171875,3678.449951171875,3645.8701171875,3662.449951171875,5418480000,20.770000457763672,0.92,0.17,0.011271187194776155,0.20000076293945312,0.009722934657591553,0.75
2020-12-02,3653.780029296875,3670.9599609375,3644.840087890625,3669.010009765625,5041250000,21.170000076293945,0.95,0.16,0.0017911667548251575,0.39999961853027344,0.019258527188946495,0.7899999999999999
2020-12-03,3668.280029296875,3682.72998046875,3657.169921875,3666.719970703125,5065340000,21.280000686645508,0.92,0.16,-0.000624157213091503,0.1100006103515625,0.005196060933166491,0.76
2020-12-04,3670.93994140625,3699.199951171875,3670.93994140625,3699.1201171875,5099620000,20.790000915527344,0.97,0.16,0.008836275129611826,-0.48999977111816406,-0.023026304290754473,0.8099999999999999
2020-12-07,3694.72998046875,3697.409912109375,3678.8798828125,3691.9599609375,4804500000,21.299999237060547,0.94,0.14,-0.0019356376714373402,0.5099983215332031,0.024530942716423976,0.7999999999999999
2020-12-08,3683.050048828125,3708.449951171875,3678.830078125,3702.25,4584390000,20.68000030517578,0.92,0.14,0.002787148065356293,-0.6199989318847656,-0.029107932117012014,0.78
2020-12-09,3705.97998046875,3712.389892578125,3660.5400390625,3672.820068359375,5232800000,22.270000457763672,0.95,0.16,-0.007949201604598555,1.5900001525878906,0.07688588632128535,0.7899999999999999
2020-12-10,3659.1298828125,3678.489990234375,3645.179931640625,3668.10009765625,4658480000,22.520000457763672,0.92,0.14,-0.0012851080682624305,0.25,0.011225864160808507,0.78
2020-12-11,3656.080078125,3665.909912109375,3633.39990234375,3663.4599609375,4375470000,23.309999465942383,0.9,0.11,-0.0012649972997506032,0.7899990081787109,0.03507988419717645,0.79
2020-12-14,3675.27001953125,3697.610107421875,3645.840087890625,3647.489990234375,4623850000,24.71999931335449,0.9,0.13,-0.004359258971957769,1.4099998474121058,0.060489055328903696,0.77
2020-12-15,3666.409912109375,3695.2900390625,3659.6201171875,3694.6201171875,4387080000,22.88999938964844,0.92,0.11,0.012921249154708825,-1.8299999237060476,-0.07402912518356852,0.81
2020-12-16,3696.25,3711.27001953125,3688.570068359375,3701.169921875,4067040000,22.5,0.92,0.13,0.0017727951669590514,-0.38999938964844105,-0.017037981653455603,0.79
2020-12-17,3713.64990234375,3725.1201171875,3710.8701171875,3722.47998046875,4192810000,21.93000030517578,0.94,0.13,0.005757654753379748,-0.5699996948242188,-0.025333319769965224,0.8099999999999999
2020-12-18,3722.389892578125,3726.699951171875,3685.840087890625,3709.409912109375,7097100000,21.56999969482422,0.95,0.13,-0.0035111185091528663,-0.3600006103515625,-0.016415896276417152,0.82
2020-12-21,3684.280029296875,3702.89990234375,3636.47998046875,3694.919921875,4748580000,25.15999984741211,0.95,0.13,-0.0039062790518439305,3.5900001525878906,0.16643487266480217,0.82
2020-12-22,3698.080078125,3698.260009765625,3676.159912109375,3687.260009765625,4053310000,24.229999542236328,0.93,0.13,-0.002073092860288006,-0.9300003051757812,-0.03696344637583293,0.8
2020-12-23,3693.419921875,3711.239990234375,3689.280029296875,3690.010009765625,3779160000,23.309999465942383,0.96,0.13,0.000745811250824957,-0.9200000762939453,-0.03796946321399031,0.83
2020-12-24,3694.030029296875,3703.820068359375,3689.320068359375,3703.06005859375,1883780000,21.530000686645508,0.94,0.13,0.0035365890047962534,-1.779998779296875,-0.07636202574339757,0.8099999999999999
2020-12-28,3723.030029296875,3740.510009765625,3723.030029296875,3735.360107421875,3535460000,21.700000762939453,0.94,0.13,0.008722529021144565,0.1700000762939453,0.007895962418588809,0.8099999999999999
2020-12-29,3750.010009765625,3756.1201171875,3723.31005859375,3727.0400390625,3393290000,23.07999992370605,0.94,0.12,-0.00222738052560012,1.379999160766598,0.0635944291358479,0.82
2020-12-30,3736.18994140625,3744.6298828125,3730.2099609375,3732.0400390625,3154850000,22.770000457763672,0.93,0.12,0.0013415471654707467,-0.30999946594237926,-0.013431519365993183,0.81
2020-12-31,3733.27001953125,3760.199951171875,3726.8798828125,3756.070068359375,3179040000,22.75,0.93,0.13,0.006438845522919845,-0.020000457763671875,-0.0008783687905835613,0.8
2021-01-04,3764.610107421875,3769.989990234375,3662.7099609375,3700.64990234375,5015000000,26.96999931335449,0.93,0.11,-0.014754827521051062,4.219999313354489,0.18549447531228513,0.8200000000000001
2021-01-05,3698.02001953125,3737.830078125,3695.070068359375,3726.860107421875,4591020000,25.34000015258789,0.96,0.13,0.007082595157549276,-1.629999160766598,-0.06043749359531825,0.83
2021-01-06,3712.199951171875,3783.0400390625,3705.340087890625,3748.139892578125,6064110000,25.06999969482422,1.04,0.14,0.005709842747752214,-0.2700004577636719,-0.010655108766291721,0.9
2021-01-07,3764.7099609375,3811.550048828125,3764.7099609375,3803.7900390625,5099160000,22.3700008392334,1.08,0.14,0.014847403800101189,-2.6999988555908203,-0.10769840001825937,0.9400000000000001
2021-01-08,3815.050048828125,3826.68994140625,3783.60009765625,3824.679931640625,4773040000,21.559999465942383,1.13,0.14,0.005491862685268911,-0.8100013732910156,-0.03620926879315989,0.9899999999999999
2021-01-11,3803.139892578125,3817.860107421875,3789.02001953125,3799.610107421875,4465430000,24.07999992370605,1.15,0.14,-0.006554750898592476,2.5200004577636683,0.11688314101048247,1.0099999999999998
2021-01-12,3801.6201171875,3810.780029296875,3776.510009765625,3801.18994140625,4994950000,23.32999992370605,1.15,0.14,0.0004157884466327033,-0.75,-0.03114617950067544,1.0099999999999998
2021-01-13,3802.22998046875,3820.9599609375,3791.5,3809.840087890625,4602510000,22.209999084472656,1.1,0.14,0.0022756417379066196,-1.1200008392333949,-0.048006894251865884,0.9600000000000001
2021-01-14,3814.97998046875,3823.60009765625,3792.860107421875,3795.5400390625,5198480000,23.25,1.15,0.16,-0.0037534511943366766,1.0400009155273438,0.046825797316417894,0.9899999999999999
2021-01-15,3788.72998046875,3788.72998046875,3749.6201171875,3768.25,5369820000,24.34000015258789,1.11,0.13,-0.007190027975370938,1.0900001525878906,0.046881726993027506,0.9800000000000001
2021-01-19,3781.8798828125,3804.530029296875,3780.3701171875,3798.909912109375,5014440000,23.239999771118164,1.1,0.14,0.008136379515524483,-1.1000003814697266,-0.04519311317065755,0.9600000000000001
2021-01-20,3816.219970703125,3859.75,3816.219970703125,3851.85009765625,4566190000,21.57999992370605,1.1,0.13,0.013935625421946263,-1.659999847412113,-0.07142856556630006,0.9700000000000001
2021-01-21,3857.4599609375,3861.449951171875,3845.050048828125,3853.070068359375,4501760000,21.31999969482422,1.12,0.13,0.0003167233075522802,-0.2600002288818324,-0.01204820341988122,0.9900000000000001
2021-01-22,3844.239990234375,3852.31005859375,3830.409912109375,3841.469970703125,5110890000,21.90999984741211,1.1,0.13,-0.0030106116552376383,0.5900001525878906,0.02767355351938039,0.9700000000000001
2021-01-25,3851.679931640625,3859.22998046875,3797.159912109375,3855.360107421875,7000840000,23.190000534057617,1.05,0.13,0.0036158389430824833,1.2800006866455078,0.05842084416064908,0.92
2021-01-26,3862.9599609375,3870.89990234375,3847.780029296875,3849.6201171875,6137500000,23.020000457763672,1.05,0.11,-0.0014888337468982327,-0.1700000762939453,-0.007330749132337333,0.9400000000000001
2021-01-27,3836.830078125,3836.830078125,3732.47998046875,3750.77001953125,9976520000,37.209999084472656,1.04,0.12,-0.025677883699462,14.189998626708984,0.6164204319953999,0.92
2021-01-28,3755.75,3830.5,3755.75,3787.3798828125,6992770000,30.209999084472656,1.07,0.12,0.009760625975629766,-7.0,-0.1881214773509905,0.9500000000000001
2021-01-29,3778.050048828125,3778.050048828125,3694.1201171875,3714.239990234375,6643370000,33.09000015258789,1.11,0.11,-0.019311475173124593,2.8800010681152344,0.0953327095463401,1.0
2021-02-01,3731.169921875,3784.320068359375,3725.6201171875,3773.860107421875,5436230000,30.239999771118164,1.09,0.11,0.016051767614439383,-2.8500003814697266,-0.08612875093162653,0.9800000000000001
2021-02-02,3791.840087890625,3843.090087890625,3791.840087890625,3826.31005859375,5514090000,25.559999465942383,1.12,0.11,0.013898223484416938,-4.680000305175781,-0.15476191602506528,1.01
2021-02-03,3840.27001953125,3847.510009765625,3816.679931640625,3830.169921875,4864870000,22.90999984741211,1.15,0.11,0.0010087690809532646,-2.6499996185302734,-0.1036776085250426,1.0399999999999998
2021-02-04,3836.659912109375,3872.419921875,3836.659912109375,3871.739990234375,4879240000,21.770000457763672,1.15,0.11,0.010853322230420792,-1.1399993896484375,-0.049759903851645415,1.0399999999999998
2021-02-05,3878.300048828125,3894.56005859375,3874.929931640625,3886.830078125,4879470000,20.8700008392334,1.19,0.09,0.003897495164625342,-0.8999996185302734,-0.0413412769685686,1.0999999999999999
2021-02-08,3892.590087890625,3915.77001953125,3892.590087890625,3915.590087890625,4648360000,21.239999771118164,1.19,0.11,0.007399348360373592,0.3699989318847656,0.017728745424351322,1.0799999999999998
2021-02-09,3910.489990234375,3918.35009765625,3902.639892578125,3911.22998046875,4568320000,21.6299991607666,1.18,0.11,-0.0011135249921484514,0.3899993896484375,0.01836155338281853,1.0699999999999998
2021-02-10,3920.780029296875,3931.5,3884.93994140625,3909.8798828125,4837070000,21.989999771118164,1.15,0.11,-0.00034518493235935477,0.3600006103515625,0.016643579487721327,1.0399999999999998
2021-02-11,3916.39990234375,3925.989990234375,3890.389892578125,3916.3798828125,4590960000,21.25,1.16,0.11,0.0016624551635393559,-0.7399997711181641,-0.033651649787194926,1.0499999999999998
2021-02-12,3911.64990234375,3937.22998046875,3905.780029296875,3934.830078125,4135060000,19.96999931335449,1.2,0.11,0.0047110331133788375,-1.2800006866455114,-0.06023532643037699,1.0899999999999999
2021-02-16,3939.610107421875,3950.429931640625,3923.85009765625,3932.590087890625,5058990000,21.459999084472656,1.3,0.13,-0.0005692724183511411,1.4899997711181676,0.07461190898097647,1.17
2021-02-17,3918.5,3933.610107421875,3900.429931640625,3931.330078125,4730650000,21.5,1.29,0.11,-0.0003204020092266724,0.04000091552734375,0.0018639756399749796,1.18
2021-02-18,3915.860107421875,3921.97998046875,3885.030029296875,3913.969970703125,4793650000,22.489999771118164,1.29,0.11,-0.004415835627354592,0.9899997711181641,0.04604650098224017,1.18
2021-02-19,3921.159912109375,3930.409912109375,3903.070068359375,3906.7099609375,4845320000,22.049999237060547,1.34,0.11,-0.0018548966445751658,-0.4400005340576172,-0.019564274723678277,1.23
2021-02-22,3885.550048828125,3902.919921875,3874.7099609375,3876.5,5917100000,23.450000762939453,1.37,0.11,-0.0077328394581538396,1.4000015258789062,0.0634921348897759,1.26
2021-02-23,3857.070068359375,3895.97998046875,3805.590087890625,3881.3701171875,6296610000,23.11000061035156,1.37,0.11,0.0012563181187927874,-0.3400001525878942,-0.014498939937146349,1.26
2021-02-24,3873.7099609375,3928.64990234375,3859.60009765625,3925.429931640625,6012790000,21.34000015258789,1.38,0.12,0.01135161376597904,-1.7700004577636683,-0.0765902384689181,1.2599999999999998
2021-02-25,3915.800048828125,3925.02001953125,3814.0400390625,3829.340087890625,6547470000,28.88999938964844,1.54,0.17,-0.02447880752512621,7.54999923706055,0.3537956505658677,1.37
2021-02-26,3839.659912109375,3861.080078125,3789.5400390625,3811.14990234375,6526070000,27.950000762939453,1.44,0.14,-0.004750214169902844,-0.9399986267089879,-0.03253716325953948,1.2999999999999998
2021-03-01,3842.510009765625,3914.5,3842.510009765625,3901.820068359375,5114820000,23.350000381469727,1.45,0.13,0.023790763506800205,-4.600000381469727,-0.1645796155959014,1.3199999999999998
2021-03-02,3903.639892578125,3906.409912109375,3868.570068359375,3870.2900390625,5536010000,24.100000381469727,1.42,0.13,-0.008080851690870694,0.75,0.03211991382215107,1.29
2021-03-03,3863.989990234375,3874.469970703125,3818.860107421875,3819.719970703125,6173660000,26.670000076293945,1.47,0.14,-0.01306622187199813,2.5699996948242188,0.10663898979853403,1.33
2021-03-04,3818.530029296875,3843.669921875,3723.340087890625,3768.469970703125,7195400000,28.56999969482422,1.54,0.14,-0.013417213930100202,1.8999996185302734,0.0712410803560184,1.4
2021-03-05,3793.580078125,3851.68994140625,3730.18994140625,3841.93994140625,6851070000,24.65999984741211,1.56,0.14,0.01949596819778221,-3.9099998474121094,-0.1368568389631607,1.42
2021-03-08,3844.389892578125,3881.06005859375,3819.25,3821.35009765625,5871710000,25.46999931335449,1.59,0.17,-0.005359231030161227,0.8099994659423793,0.03284669387487371,1.4200000000000002
2021-03-09,3851.929931640625,3903.760009765625,3851.929931640625,3875.43994140625,5513560000,24.030000686645508,1.55,0.17,0.01415464230382213,-1.4399986267089808,-0.05653705007969734,1.3800000000000001
2021-03-10,3891.989990234375,3917.35009765625,3885.72998046875,3898.81005859375,5847380000,22.559999465942383,1.53,0.16,0.006030313342701321,-1.470001220703125,-0.06117358213477153,1.37
2021-03-11,3915.5400390625,3960.27001953125,3915.5400390625,3939.340087890625,5312880000,21.90999984741211,1.54,0.14,0.010395487004435822,-0.6499996185302734,-0.028812040510530323,1.4
2021-03-12,3924.52001953125,3944.989990234375,3915.2099609375,3943.340087890625,4476280000,20.690000534057617,1.64,0.14,0.0010153984958789497,-1.2199993133544922,-0.05568230588091916,1.5
2021-03-15,3942.9599609375,3970.080078125,3923.5400390625,3968.93994140625,4900100000,20.030000686645508,1.62,0.14,0.006491921301497117,-0.6599998474121094,-0.0318994601438356,1.48
2021-03-16,3973.590087890625,3981.0400390625,3953.43994140625,3962.7099609375,4613080000,19.790000915527344,1.62,0.15,-0.0015696837343783798,-0.23999977111816406,-0.011982015121855594,1.4700000000000002
2021-03-17,3949.570068359375,3983.8701171875,3935.739990234375,3974.1201171875,4561660000,19.229999542236328,1.63,0.13,0.00287938213053085,-0.5600013732910156,-0.028297187841544558,1.5
2021-03-18,3953.5,3969.6201171875,3910.860107421875,3915.4599609375,5118590000,21.57999992370605,1.71,0.16,-0.014760539319459198,2.350000381469723,0.12220491094179375,1.55
2021-03-19,3913.139892578125,3930.1201171875,3886.75,3913.10009765625,7757420000,20.950000762939453,1.74,0.16,-0.0006027039747036333,-0.629999160766598,-0.02919365908220095,1.58
2021-03-22,3916.47998046875,3955.31005859375,3914.159912109375,3940.590087890625,4316260000,18.8799991607666,1.69,0.15,0.007025118077311765,-2.0700016021728516,-0.09880675545533557,1.54
2021-03-23,3937.60009765625,3949.1298828125,3901.570068359375,3910.52001953125,4669010000,20.299999237060547,1.63,0.15,-0.007630854183940605,1.4200000762939453,0.07521187179100952,1.48
2021-03-24,3919.929931640625,3942.080078125,3889.070068359375,3889.139892578125,4783020000,21.200000762939453,1.62,0.14,-0.00546733601831495,0.9000015258789062,0.04433505220216083,1.48
2021-03-25,3879.340087890625,3919.5400390625,3853.5,3909.52001953125,4948340000,19.809999465942383,1.63,0.14,0.005240265846959469,-1.3900012969970703,-0.06556609655538248,1.4899999999999998
2021-03-26,3917.1201171875,3978.18994140625,3917.1201171875,3974.5400390625,5483160000,18.86000061035156,1.67,0.14,0.016631202604519668,-0.9499988555908239,-0.04795552151447935,1.5299999999999998
2021-03-29,3969.31005859375,3981.830078125,3943.25,3971.090087890625,4628180000,20.739999771118164,1.73,0.14,-0.0008680126852336212,1.8799991607666051,0.09968181865989667,1.5899999999999999
2021-03-30,3963.340087890625,3968.010009765625,3944.35009765625,3958.550048828125,4121510000,19.61000061035156,1.73,0.16,-0.0031578329337678124,-1.1299991607666051,-0.05448404885424374,1.57
2021-03-31,3967.25,3994.409912109375,3966.97998046875,3972.889892578125,4578050000,19.399999618530277,1.74,0.16,0.0036224990395776757,-0.21000099182128196,-0.010708872273590297,1.58
2021-04-01,3992.780029296875,4020.6298828125,3992.780029296875,4019.8701171875,4162130000,17.329999923706055,1.69,0.17,0.011825201774944727,-2.0699996948242223,-0.1067010172952283,1.52
2021-04-05,4034.43994140625,4083.419921875,4034.43994140625,4077.909912109375,4005030000,17.90999984741211,1.73,0.17,0.014438226417743616,0.5799999237060547,0.033467970355421706,1.56
2021-04-06,4075.570068359375,4086.22998046875,4068.139892578125,4073.93994140625,4081270000,18.1200008392334,1.67,0.16,-0.0009735307519511682,0.21000099182128906,0.011725348610297948,1.51
2021-04-07,4074.2900390625,4083.1298828125,4068.31005859375,4079.949951171875,4120810000,17.15999984741211,1.68,0.16,0.001475232784985625,-0.9600009918212891,-0.05298018473281174,1.52
2021-04-08,4089.949951171875,4098.18994140625,4082.5400390625,4097.169921875,3907100000,16.950000762939453,1.64,0.14,0.0042206328286402695,-0.20999908447265625,-0.012237708994171426,1.5
2021-04-09,4096.10986328125,4129.47998046875,4095.510009765625,4128.7998046875,3640390000,16.690000534057617,1.67,0.16,0.007719934348738189,-0.26000022888183594,-0.015339245851263672,1.51
2021-04-12,4124.7099609375,4131.759765625,4114.81982421875,4127.990234375,3588900000,16.90999984741211,1.69,0.18,-0.00019607884876882142,0.2199993133544922,0.01318150427290643,1.51
2021-04-13,4130.10009765625,4148.0,4124.43017578125,4141.58984375,3734720000,16.649999618530273,1.64,0.16,0.0032944868090414303,-0.26000022888183594,-0.015375531119335095,1.48
2021-04-14,4141.580078125,4151.68994140625,4120.8701171875,4124.66015625,3985350000,16.989999771118164,1.64,0.16,-0.004087726727828533,0.3400001525878906,0.020420430052712657,1.48
2021-04-15,4139.759765625,4173.490234375,4139.759765625,4170.419921875,4033420000,16.56999969482422,1.56,0.16,0.01109419052516647,-0.4200000762939453,-0.024720428602236777,1.4000000000000001
2021-04-16,4174.14013671875,4191.31005859375,4170.75,4185.47021484375,4163820000,16.25,1.59,0.16,0.0036088195555097347,-0.31999969482421875,-0.019311991594313294,1.4300000000000002
2021-04-19,4179.7998046875,4180.81005859375,4150.47021484375,4163.259765625,3810290000,17.290000915527344,1.61,0.16,-0.005306560094486046,1.0400009155273438,0.06400005634014416,1.4500000000000002
2021-04-20,4159.18017578125,4159.18017578125,4118.3798828125,4134.93994140625,4342650000,18.68000030517578,1.58,0.15,-0.006802319771775922,1.3899993896484375,0.08039325136184017,1.4300000000000002
2021-04-21,4128.419921875,4175.02001953125,4126.35009765625,4173.419921875,3887250000,17.5,1.57,0.15,0.009306055472153574,-1.1800003051757812,-0.06316918018726325,1.4200000000000002
2021-04-22,4170.4599609375,4179.56982421875,4123.68994140625,4134.97998046875,4245140000,18.709999084472656,1.57,0.16,-0.009210657476561801,1.2099990844726562,0.06914280482700885,1.4100000000000001
2021-04-23,4138.77978515625,4194.169921875,4138.77978515625,4180.169921875,3569880000,17.329999923706055,1.58,0.16,0.010928696540176919,-1.3799991607666016,-0.07375730776554967,1.4200000000000002
2021-04-26,4185.02978515625,4194.18994140625,4182.35986328125,4187.6201171875,3748320000,17.639999389648438,1.58,0.18,0.001782270924804541,0.3099994659423828,0.017888024657076285,1.4000000000000001
2021-04-27,4188.25,4193.35009765625,4176.22021484375,4186.72021484375,3710700000,17.559999465942383,1.63,0.17,-0.00021489588801437698,-0.07999992370605469,-0.004535143224154603,1.46
2021-04-28,4185.14013671875,4201.52978515625,4181.77978515625,4183.18017578125,3787360000,17.280000686645508,1.63,0.17,-0.0008455399168898481,-0.279998779296875,-0.015945261264952326,1.46
2021-04-29,4206.14013671875,4218.77978515625,4176.81005859375,4211.47021484375,4298680000,17.610000610351562,1.65,0.16,0.006762806734045723,0.3299999237060547,0.019097217048208215,1.49
2021-04-30,4198.10009765625,4198.10009765625,4174.85009765625,4181.169921875,4300880000,18.61000061035156,1.65,0.16,-0.007194706699326425,0.9999999999999964,0.05678591512439657,1.49
2021-05-03,4191.97998046875,4209.39013671875,4188.02978515625,4192.66015625,4070220000,18.309999465942383,1.63,0.16,0.002748090747253684,-0.30000114440917613,-0.016120426360561435,1.47
2021-05-04,4179.0400390625,4179.0400390625,4128.58984375,4164.66015625,4452460000,19.479999542236328,1.61,0.16,-0.006678337608227225,1.1700000762939453,0.06389951449590203,1.4500000000000002
2021-05-05,4177.06005859375,4187.72021484375,4160.93994140625,4167.58984375,4230920000,19.149999618530277,1.59,0.16,0.0007034637617677753,-0.32999992370605113,-0.016940448226939075,1.4300000000000002
2021-05-06,4169.14013671875,4202.7001953125,4147.330078125,4201.6201171875,4511000000,18.38999938964844,1.58,0.16,0.008165456466051824,-0.7600002288818359,-0.03968669681572368,1.4200000000000002
2021-05-07,4210.33984375,4238.0400390625,4201.64013671875,4232.60009765625,4016080000,16.690000534057617,1.6,0.14,0.007373341616968343,-1.6999988555908239,-0.0924414851556622,1.46
2021-05-10,4228.2900390625,4236.39013671875,4188.1298828125,4188.43017578125,4560700000,19.65999984741211,1.63,0.16,-0.010435647322188157,2.969999313354492,0.1779508219483823,1.47
2021-05-11,4150.33984375,4162.0400390625,4111.52978515625,4152.10009765625,4870710000,21.84000015258789,1.64,0.16,-0.00867391280271812,2.1800003051757812,0.11088506216152072,1.48
2021-05-12,4130.5498046875,4134.72998046875,4056.8798828125,4063.0400390625,4733070000,27.59000015258789,1.69,0.16,-0.021449400664502738,5.75,0.26327838643896095,1.53
2021-05-13,4074.989990234375,4131.580078125,4074.989990234375,4112.5,4779540000,23.1299991607666,1.66,0.16,0.012173141406923493,-4.460000991821289,-0.1616528077982975,1.5
2021-05-14,4129.580078125,4183.1298828125,4129.580078125,4173.85009765625,4008880000,18.809999465942383,1.63,0.16,0.014917956876899785,-4.319999694824219,-0.18677042159827906,1.47
2021-05-17,4169.919921875,4171.919921875,4142.68994140625,4163.2900390625,4125050000,19.71999931335449,1.64,0.16,-0.0025300521932207776,0.9099998474121058,0.04837851532424353,1.48
2021-05-18,4165.93994140625,4169.14990234375,4125.990234375,4127.830078125,4398150000,21.34000015258789,1.64,0.16,-0.008517292959364653,1.620000839233402,0.08215014683780075,1.48
2021-05-19,4098.4501953125,4116.93017578125,4061.409912109375,4115.68017578125,4247450000,22.18000030517578,1.68,0.16,-0.002943411456817757,0.8400001525878906,0.0393627060253805,1.52
2021-05-20,4121.97021484375,4172.7998046875,4121.97021484375,4159.1201171875,3978880000,20.670000076293945,1.63,0.15,0.010554741756143349,-1.510000228881836,-0.06807936014903804,1.48
2021-05-21,4168.60986328125,4188.72021484375,4151.72021484375,4155.85986328125,3995250000,20.149999618530277,1.63,0.17,-0.0007838806801412357,-0.5200004577636683,-0.025157254757828817,1.46
2021-05-24,4170.16015625,4209.52001953125,4170.16015625,4197.0498046875,3684800000,18.399999618530277,1.61,0.15,0.009911292190138532,-1.75,-0.08684863687990696,1.4600000000000002
2021-05-25,4205.93994140625,4213.419921875,4182.52001953125,4188.1298828125,4182250000,18.84000015258789,1.56,0.15,-0.0021252837802967495,0.44000053405761363,0.02391307299889811,1.4100000000000001
2021-05-26,4191.58984375,4202.60986328125,4184.10986328125,4195.990234375,4420890000,17.360000610351562,1.58,0.14,0.0018768165702687245,-1.4799995422363281,-0.07855623833596592,1.44
2021-05-27,4201.93994140625,4213.3798828125,4197.77978515625,4200.8798828125,6406310000,16.739999771118164,1.61,0.14,0.0011653145418315525,-0.6200008392333984,-0.035714332801561,1.4700000000000002
2021-05-28,4210.77001953125,4218.35986328125,4203.56982421875,4204.10986328125,4649250000,16.760000228881836,1.58,0.14,0.0007688818911402162,0.020000457763671875,0.0011947704920629576,1.44
2021-06-01,4216.52001953125,4234.1201171875,4197.58984375,4202.0400390625,5074670000,17.899999618530273,1.62,0.16,-0.0004923335226864056,1.1399993896484375,0.06801905573270361,1.4600000000000002
2021-06-02,4206.81982421875,4217.3701171875,4198.27001953125,4208.1201171875,5833670000,17.479999542236328,1.59,0.13,0.0014469348384307246,-0.4200000762939453,-0.023463691913108042,1.46
2021-06-03,4191.43017578125,4204.39013671875,4167.93017578125,4192.85009765625,5587970000,18.040000915527344,1.63,0.16,-0.0036287033416374515,0.5600013732910156,0.03203669267484277,1.47
2021-06-04,4206.0498046875,4233.4501953125,4206.0498046875,4229.89013671875,4139790000,16.420000076293945,1.56,0.14,0.008834095710505974,-1.6200008392333984,-0.089800485422317,1.42
2021-06-07,4229.33984375,4232.33984375,4215.66015625,4226.52001953125,4476920000,16.420000076293945,1.57,0.16,-0.0007967387044511831,0.0,0.0,1.4100000000000001
2021-06-08,4233.81005859375,4236.740234375,4208.41015625,4227.259765625,4659620000,17.06999969482422,1.53,0.14,0.00017502486450582388,0.6499996185302734,0.039585847473210256,1.3900000000000001
2021-06-09,4232.990234375,4237.08984375,4218.740234375,4219.5498046875,4713260000,17.889999389648438,1.5,0.16,-0.0018238673194856947,0.8199996948242188,0.048037475658119,1.34
2021-06-10,4228.56005859375,4249.740234375,4220.33984375,4239.18017578125,4408210000,16.100000381469727,1.45,0.14,0.004652243012262192,-1.789999008178711,-0.10005584512285925,1.31
2021-06-11,4242.89990234375,4248.3798828125,4232.25,4247.43994140625,3815010000,15.649999618530272,1.47,0.16,0.0019484346695590737,-0.4500007629394549,-0.02795035728430062,1.31
2021-06-14,4248.31005859375,4255.58984375,4234.06982421875,4255.14990234375,4151200000,16.389999389648438,1.51,0.16,0.0018152018730952513,0.7399997711181658,0.04728433157544454,1.35
2021-06-15,4255.27978515625,4257.16015625,4238.35009765625,4246.58984375,4048940000,17.020000457763672,1.51,0.16,-0.0020116937805257917,0.6300010681152344,0.0384381385952417,1.35
2021-06-16,4248.8701171875,4251.89013671875,4202.4501953125,4223.7001953125,4538350000,18.149999618530277,1.57,0.21,-0.005390124612855707,1.1299991607666051,0.06639242834163128,1.36
2021-06-17,4220.3701171875,4232.2900390625,4196.0498046875,4221.85986328125,5312680000,17.75,1.52,0.23,-0.00043571559205179966,-0.399999618530277,-0.022038546938695114,1.29
2021-06-18,4204.77978515625,4204.77978515625,4164.39990234375,4166.4501953125,6817010000,20.700000762939453,1.45,0.26,-0.013124468779900589,2.950000762939453,0.166197226081096,1.19
2021-06-21,4173.39990234375,4226.240234375,4173.39990234375,4224.7900390625,4128950000,17.889999389648438,1.5,0.27,0.014002289962720793,-2.8100013732910156,-0.13574885360979994,1.23
2021-06-22,4224.60986328125,4255.83984375,4217.27001953125,4246.43994140625,3828390000,16.65999984741211,1.48,0.25,0.005124491902218642,-1.2299995422363281,-0.06875347032979973,1.23
2021-06-23,4249.27001953125,4256.60009765625,4241.43017578125,4241.83984375,3730350000,16.31999969482422,1.5,0.26,-0.0010832833431588806,-0.3400001525878906,-0.020408172611160347,1.24
2021-06-24,4256.97021484375,4271.27978515625,4256.97021484375,4266.490234375,3816660000,15.970000267028809,1.49,0.26,0.005811249724885448,-0.34999942779541016,-0.021446043770847023,1.23
2021-06-25,4274.4501953125,4286.1201171875,4271.16015625,4280.7001953125,7341450000,15.619999885559082,1.54,0.28,0.0033305973193167304,-0.35000038146972656,-0.021916116193956947,1.26
2021-06-28,4284.89990234375,4292.14013671875,4274.669921875,4290.60986328125,4147890000,15.760000228881836,1.49,0.25,0.0023149642620619026,0.1400003433227539,0.008962890163154658,1.24
2021-06-29,4293.2099609375,4300.52001953125,4287.0400390625,4291.7998046875,3707150000,16.020000457763672,1.49,0.27,0.00027733619326086867,0.26000022888183594,0.01649747621230091,1.22
2021-06-30,4290.64990234375,4302.43017578125,4287.9599609375,4297.5,4266040000,15.829999923706056,1.45,0.25,0.0013281596467464851,-0.1900005340576154,-0.011860207779553211,1.2
2021-07-01,4300.72998046875,4320.66015625,4300.72998046875,4319.93994140625,3788230000,15.479999542236328,1.48,0.25,0.0052216268542757405,-0.35000038146972834,-0.02210994208190664,1.23
2021-07-02,4326.60009765625,4355.43017578125,4326.60009765625,4352.33984375,3225840000,15.06999969482422,1.44,0.24,0.007500081663913916,-0.4099998474121076,-0.02648577903981497,1.2
2021-07-06,4356.4599609375,4356.4599609375,4314.3701171875,4343.5400390625,4309570000,16.440000534057617,1.37,0.22,-0.0020218560598241897,1.3700008392333967,0.09090914843906206,1.1500000000000001
2021-07-07,4351.009765625,4361.8798828125,4329.7900390625,4358.1298828125,4037380000,16.200000762939453,1.33,0.22,0.003358975310182588,-0.23999977111816406,-0.014598525749495717,1.11
2021-07-08,4321.06982421875,4330.8798828125,4289.3701171875,4320.81982421875,4347500000,19.0,1.3,0.19,-0.008561024934316985,2.799999237060547,0.17283945093793274,1.11
2021-07-09,4329.3798828125,4371.60009765625,4329.3798828125,4369.5498046875,3531120000,16.18000030517578,1.37,0.23,0.011277947808795874,-2.8199996948242188,-0.14842103656969574,1.1400000000000001
2021-07-12,4372.41015625,4386.68017578125,4364.02978515625,4384.6298828125,3384460000,16.170000076293945,1.38,0.23,0.0034511743312370946,-0.010000228881835938,-0.000618061105884915,1.15
2021-07-13,4381.06982421875,4392.3701171875,4366.919921875,4369.2099609375,3695430000,17.1200008392334,1.42,0.26,-0.0035168126585656267,0.9500007629394531,0.058750819941689736,1.16
2021-07-14,4380.10986328125,4393.68017578125,4362.35986328125,4374.2998046875,4006370000,16.329999923706055,1.37,0.23,0.0011649345752446916,-0.7900009155273438,-0.04614491102809537,1.1400000000000001
2021-07-15,4369.02001953125,4369.02001953125,4340.7001953125,4360.02978515625,3905230000,17.010000228881836,1.31,0.23,-0.0032622408541723713,0.6800003051757812,0.041641170137951544,1.08
2021-07-16,4367.43017578125,4375.08984375,4322.52978515625,4327.16015625,3985700000,18.450000762939453,1.31,0.25,-0.007538854211077806,1.4400005340576172,0.08465611491366087,1.06
2021-07-19,4296.39990234375,4296.39990234375,4233.1298828125,4258.490234375,5157660000,22.5,1.19,0.21,-0.015869512427409305,4.049999237060547,0.21951214469301195,0.98
2021-07-20,4265.10986328125,4336.83984375,4262.0498046875,4323.06005859375,4438270000,19.729999542236328,1.23,0.2,0.015162609437855634,-2.770000457763672,-0.12311113145616315,1.03
2021-07-21,4331.1298828125,4359.7001953125,4331.1298828125,4358.68994140625,3810280000,17.90999984741211,1.3,0.22,0.008241819990835397,-1.8199996948242188,-0.09224529838067741,1.08
2021-07-22,4361.27001953125,4369.8701171875,4350.06005859375,4367.47998046875,3358300000,17.690000534057617,1.27,0.2,0.0020166699583279435,-0.2199993133544922,-0.012283602190330645,1.07
2021-07-23,4381.2001953125,4415.18017578125,4381.2001953125,4411.7900390625,4540070000,17.200000762939453,1.3,0.22,0.010145452020822843,-0.48999977111816406,-0.027699251346815612,1.08
2021-07-26,4409.580078125,4422.72998046875,4405.4501953125,4422.2998046875,4275630000,17.579999923706055,1.29,0.22,0.0023821998626283314,0.37999916076660156,0.02209297348319761,1.07
2021-07-27,4416.3798828125,4416.3798828125,4372.509765625,4401.4599609375,4241950000,19.36000061035156,1.25,0.2,-0.0047124448070912095,1.7800006866455043,0.10125146156828091,1.05
2021-07-28,4402.9501953125,4415.47021484375,4387.009765625,4400.64013671875,4215290000,18.309999465942383,1.26,0.2,-0.0001862618826539153,-1.0500011444091761,-0.05423559459227256,1.06
2021-07-29,4403.58984375,4429.97021484375,4403.58984375,4419.14990234375,4044600000,17.700000762939453,1.28,0.2,0.004206152980007483,-0.6099987030029297,-0.0333150584814359,1.08
2021-07-30,4395.1201171875,4412.25,4389.64990234375,4395.259765625,3956740000,18.239999771118164,1.24,0.19,-0.0054060480514769305,0.5399990081787109,0.03050841722613762,1.05
2021-08-02,4406.85986328125,4422.18017578125,4384.81005859375,4387.16015625,3724090000,19.459999084472656,1.2,0.17,-0.001842805614891363,1.2199993133544922,0.0668859281065497,1.03
2021-08-03,4392.740234375,4423.7900390625,4373.0,4423.14990234375,3965190000,18.040000915527344,1.19,0.17,0.0082034265474622,-1.4199981689453125,-0.07297010461209863,1.02
2021-08-04,4415.9501953125,4416.169921875,4400.22998046875,4402.66015625,4260760000,17.969999313354492,1.19,0.17,-0.004632387901412294,-0.07000160217285156,-0.003880354690702914,1.02
2021-08-05,4408.85986328125,4429.759765625,4408.85986328125,4429.10009765625,3769410000,17.280000686645508,1.23,0.21,0.006005446813494242,-0.6899986267089844,-0.03839725392733928,1.02
2021-08-06,4429.06982421875,4440.81982421875,4429.06982421875,4436.52001953125,3451870000,16.149999618530273,1.31,0.21,0.001675266241764728,-1.1300010681152344,-0.06539357773223542,1.1
2021-08-09,4437.77001953125,4439.39013671875,4424.740234375,4432.35009765625,3449280000,16.719999313354492,1.33,0.23,-0.0009399082741974318,0.5699996948242188,0.035294099584386895,1.1
2021-08-10,4435.7900390625,4445.2099609375,4430.02978515625,4436.75,3886610000,16.790000915527344,1.36,0.24,0.0009926793341701323,0.07000160217285156,0.004186698866484928,1.12
2021-08-11,4442.18017578125,4449.43994140625,4436.419921875,4442.41015625,3532560000,16.170000076293945,1.35,0.23,0.0012757437876824707,-0.6200008392333984,-0.03692679007897037,1.12
2021-08-12,4446.080078125,4461.77001953125,4435.9599609375,4460.830078125,3375310000,15.59000015258789,1.36,0.23,0.004146380281677686,-0.5799999237060547,-0.0358688881242718,1.1300000000000001
2021-08-13,4464.83984375,4468.3701171875,4460.81982421875,4468.0,3016470000,15.449999809265137,1.29,0.23,0.001607306655808216,-0.1400003433227539,-0.0089801373927193,1.06
2021-08-16,4461.64990234375,4480.259765625,4437.66015625,4479.7099609375,3370640000,16.1200008392334,1.26,0.21,0.002620850702215849,0.6700010299682617,0.04336576299285588,1.05
2021-08-17,4462.1201171875,4462.1201171875,4417.830078125,4448.080078125,3836960000,17.90999984741211,1.26,0.23,-0.00706069881494753,1.789999008178711,0.1110421163144204,1.03
2021-08-18,4440.93994140625,4454.31982421875,4397.58984375,4400.27001953125,3755590000,21.56999969482422,1.27,0.23,-0.010748470745585936,3.6599998474121094,0.20435510209906327,1.04
2021-08-19,4382.43994140625,4418.60986328125,4367.72998046875,4405.7998046875,4398410000,21.670000076293945,1.24,0.22,0.0012566922329095842,0.10000038146972656,0.004636086364605774,1.02
2021-08-20,4410.56005859375,4444.35009765625,4406.7998046875,4441.669921875,3652610000,18.559999465942383,1.26,0.23,0.008141567655737925,-3.1100006103515625,-0.1435164097555205,1.03
2021-08-23,4450.2900390625,4489.8798828125,4450.2900390625,4479.52978515625,3576530000,17.149999618530273,1.25,0.23,0.00852379036424833,-1.4099998474121094,-0.07596982155088206,1.02
2021-08-24,4484.39990234375,4492.81005859375,4482.27978515625,4486.22998046875,3979220000,17.219999313354492,1.29,0.24,0.0014957363013194946,0.06999969482421875,0.004081614949343004,1.05
2021-08-25,4490.4501953125,4501.7099609375,4485.66015625,4496.18994140625,3444700000,16.790000915527344,1.35,0.23,0.002220118224179668,-0.42999839782714844,-0.024970871949668183,1.12
2021-08-26,4493.75,4495.89990234375,4468.990234375,4470.0,3263980000,18.84000015258789,1.34,0.25,-0.005824918819612557,2.049999237060547,0.12209643390577263,1.09
2021-08-27,4474.10009765625,4513.330078125,4474.10009765625,4509.3701171875,3331200000,16.389999389648438,1.31,0.22,0.008807632480425154,-2.450000762939453,-0.13004250228750225,1.09
2021-08-30,4513.759765625,4537.35986328125,4513.759765625,4528.7900390625,3168660000,16.190000534057617,1.29,0.2,0.004306570844779589,-0.1999988555908203,-0.012202493168921968,1.09
2021-08-31,4529.75,4531.39013671875,4515.7998046875,4522.68017578125,4290710000,16.479999542236328,1.3,0.2,-0.0013491160395050494,0.28999900817871094,0.01791222968576589,1.1
2021-09-01,4528.7998046875,4537.10986328125,4522.02001953125,4524.08984375,4057340000,16.110000610351562,1.31,0.2,0.0003116886257619189,-0.3699989318847656,-0.022451392121492608,1.11
2021-09-02,4534.47998046875,4545.85009765625,4524.66015625,4536.9501953125,3735990000,16.40999984741211,1.29,0.2,0.002842638410522902,0.2999992370605469,0.018621925865588196,1.09
2021-09-03,4532.419921875,4541.4501953125,4521.2998046875,4535.43017578125,3217530000,16.40999984741211,1.33,0.21,-0.0003350311257153127,0.0,0.0,1.12
2021-09-07,4535.3798828125,4535.3798828125,4513.0,4520.02978515625,3822960000,18.13999938964844,1.38,0.22,-0.003395574405981705,1.7299995422363317,0.10542349532740292,1.16
2021-09-08,4518.08984375,4521.7900390625,4493.9501953125,4514.06982421875,3750880000,17.959999084472656,1.35,0.22,-0.001318566739775151,-0.1800003051757848,-0.0099228396489639,1.1300000000000001
2021-09-09,4513.02001953125,4529.89990234375,4492.06982421875,4493.27978515625,3735390000,18.799999237060547,1.3,0.23,-0.004605608657393345,0.8400001525878906,0.04677061221646239,1.07
2021-09-10,4506.919921875,4520.47021484375,4457.66015625,4458.580078125,3623180000,20.950000762939453,1.35,0.23,-0.007722578759925436,2.1500015258789062,0.11436178793244811,1.12
2021-09-13,4474.81005859375,4492.990234375,4445.7001953125,4468.72998046875,3914220000,19.3700008392334,1.33,0.21,0.0022764876184568905,-1.5799999237060547,-0.07541765470963968,1.12
2021-09-14,4479.330078125,4485.68017578125,4435.4599609375,4443.0498046875,3670460000,19.459999084472656,1.28,0.21,-0.00574663850657553,0.08999824523925781,0.004646269558077121,1.07
2021-09-15,4447.490234375,4486.8701171875,4438.3701171875,4480.7001953125,4032020000,18.18000030517578,1.31,0.21,0.008473996979569742,-1.279998779296875,-0.06577589103373593,1.1
2021-09-16,4477.08984375,4485.8701171875,4443.7998046875,4473.75,3984560000,18.690000534057617,1.34,0.23,-0.0015511404489350067,0.5100002288818359,0.0280528173993837,1.11
2021-09-17,4469.740234375,4471.52001953125,4427.759765625,4432.990234375,7289530000,20.809999465942383,1.37,0.23,-0.009110872450405094,2.1199989318847656,0.11342958112931156,1.1400000000000001
2021-09-20,4402.9501953125,4402.9501953125,4305.91015625,4357.72998046875,4898070000,25.709999084472656,1.31,0.23,-0.01697731100841482,4.899999618530273,0.2354637070774368,1.08
2021-09-21,4374.4501953125,4394.8701171875,4347.9599609375,4354.18994140625,3920920000,24.36000061035156,1.33,0.22,-0.0008123585165593639,-1.3499984741210973,-0.05250869397877256,1.11
2021-09-22,4367.43017578125,4416.75,4367.43017578125,4395.64013671875,3939170000,20.8700008392334,1.32,0.25,0.009519611195260236,-3.4899997711181605,-0.1432676389028955,1.07
2021-09-23,4406.75,4465.39990234375,4406.75,4448.97998046875,3916350000,18.6299991607666,1.41,0.27,0.012134715784494876,-2.240001678466797,-0.10733117337761822,1.14
2021-09-24,4438.0400390625,4463.1201171875,4430.27001953125,4455.47998046875,3384290000,17.75,1.47,0.29,0.001461009046688222,-0.8799991607666016,-0.04723559851896364,1.18
2021-09-27,4442.1201171875,4457.2998046875,4436.18994140625,4443.10986328125,4058650000,18.76000022888184,1.48,0.31,-0.0027763826213396126,1.0100002288818395,0.05690142134545573,1.17
2021-09-28,4419.5400390625,4419.5400390625,4346.330078125,4352.6298828125,4416550000,23.25,1.54,0.31,-0.020364110556098214,4.4899997711181605,0.23933900406917963,1.23
2021-09-29,4362.41015625,4385.56982421875,4355.080078125,4359.4599609375,3712660000,22.559999465942383,1.55,0.3,0.0015691842194003325,-0.6900005340576172,-0.029677442325058756,1.25
2021-09-30,4370.669921875,4382.5498046875,4306.240234375,4307.5400390625,4448140000,23.13999938964844,1.52,0.28,-0.011909714125195148,0.5799999237060582,0.025709217084940672,1.24
2021-10-01,4317.16015625,4375.18994140625,4288.52001953125,4357.0400390625,4010370000,21.100000381469727,1.48,0.27,0.01149147763018199,-2.0399990081787145,-0.08815899144281303,1.21
2021-10-04,4348.83984375,4355.509765625,4278.93994140625,4300.4599609375,4307870000,22.959999084472656,1.49,0.27,-0.012985898136748442,1.8599987030029297,0.08815159570501252,1.22
2021-10-05,4309.8701171875,4369.22998046875,4309.8701171875,4345.72021484375,3902890000,21.299999237060547,1.54,0.28,0.010524514660609219,-1.6599998474121094,-0.07229964780507026,1.26
2021-10-06,4319.56982421875,4365.56982421875,4290.490234375,4363.5498046875,4009630000,21.0,1.53,0.3,0.004102792854185466,-0.2999992370605469,-0.014084471727988102,1.23
2021-10-07,4383.72998046875,4429.97021484375,4383.72998046875,4399.759765625,3843740000,19.540000915527344,1.58,0.32,0.008298280656405366,-1.4599990844726562,-0.06952376592726939,1.26
2021-10-08,4406.509765625,4412.02001953125,4386.22021484375,4391.33984375,3280160000,18.770000457763672,1.61,0.32,-0.0019137230947889883,-0.7700004577636719,-0.039406367537669684,1.29
2021-10-11,4385.43994140625,4415.8798828125,4360.58984375,4361.18994140625,3281970000,20.0,1.61,0.32,-0.006865763848056816,1.2299995422363281,0.06553007523916032,1.29
2021-10-12,4368.31005859375,4374.89013671875,4342.08984375,4350.64990234375,3558450000,19.850000381469727,1.59,0.35,-0.0024167805585421087,-0.14999961853027344,-0.007499980926513716,1.2400000000000002
2021-10-13,4358.009765625,4372.8701171875,4329.919921875,4363.7998046875,3620070000,18.63999938964844,1.56,0.37,0.00302251448379387,-1.2100009918212855,-0.06095722763566491,1.19
2021-10-14,4386.75,4439.72998046875,4386.75,4438.259765625,3598280000,16.860000610351562,1.52,0.36,0.01706310194558336,-1.7799987792968786,-0.09549349987025135,1.1600000000000001
2021-10-15,4447.68994140625,4475.81982421875,4447.68994140625,4471.3701171875,3819380000,16.299999237060547,1.59,0.41,0.007460210377712606,-0.5600013732910156,-0.033214789621489715,1.1800000000000002
2021-10-18,4463.72021484375,4488.75,4447.47021484375,4486.4599609375,3662010000,16.309999465942383,1.59,0.44,0.00337476955709759,0.010000228881835938,0.0006135110030618396,1.1500000000000001
2021-10-19,4497.33984375,4520.39990234375,4496.41015625,4519.6298828125,3459130000,15.699999809265137,1.65,0.41,0.007393339551406308,-0.6099996566772461,-0.037400348047283094,1.24
2021-10-20,4524.419921875,4540.8701171875,4524.39990234375,4536.18994140625,3670760000,15.489999771118164,1.65,0.4,0.0036640298040166996,-0.21000003814697266,-0.013375798770586256,1.25
2021-10-21,4532.240234375,4551.43994140625,4526.89013671875,4549.77978515625,3822330000,15.010000228881836,1.68,0.45,0.002995871849622578,-0.4799995422363281,-0.03098770492762115,1.23
2021-10-22,4546.1201171875,4559.669921875,4524.0,4544.89990234375,3758220000,15.43000030517578,1.66,0.48,-0.0010725536274130976,0.42000007629394354,0.02798135042568428,1.18
2021-10-25,4553.68994140625,4572.6201171875,4537.35986328125,4566.47998046875,3899400000,15.239999771118164,1.64,0.47,0.004748196569493546,-0.1900005340576154,-0.012313709027852893,1.17
2021-10-26,4578.68994140625,4598.52978515625,4569.169921875,4574.7900390625,3879740000,15.979999542236328,1.63,0.47,0.0018197952535197182,0.7399997711181641,0.04855641615694517,1.16
2021-10-27,4580.22021484375,4584.56982421875,4551.66015625,4551.68017578125,4226050000,16.979999542236328,1.54,0.5,-0.005051568068462853,1.0,0.0625782245710913,1.04
2021-10-28,4562.83984375,4597.5498046875,4562.83984375,4596.419921875,4132950000,16.530000686645508,1.57,0.5,0.009829281576461124,-0.4499988555908203,-0.026501700101433157,1.07
2021-10-29,4572.8701171875,4608.080078125,4567.58984375,4605.3798828125,4510200000,16.260000228881836,1.55,0.48,0.001949334719149265,-0.2700004577636719,-0.01633396530841069,1.07
2021-11-01,4610.6201171875,4620.33984375,4595.06005859375,4613.669921875,3971540000,16.40999984741211,1.58,0.5,0.0018000771431341267,0.14999961853027344,0.009225068660444258,1.08
2021-11-02,4613.33984375,4635.14990234375,4613.33984375,4630.64990234375,3975250000,16.030000686645508,1.56,0.46,0.0036803630854131963,-0.37999916076660156,-0.023156560895795986,1.1
2021-11-03,4630.64990234375,4663.4599609375,4621.18994140625,4660.56982421875,4319660000,15.100000381469728,1.6,0.47,0.006461279195357994,-0.9300003051757795,-0.05801623614093521,1.1300000000000001
2021-11-04,4662.93017578125,4683.0,4662.58984375,4680.06005859375,4462300000,15.4399995803833,1.53,0.41,0.004181942361150437,0.33999919891357244,0.022516502670477445,1.12
2021-11-05,4699.259765625,4718.5,4681.31982421875,4697.52978515625,4467180000,16.479999542236328,1.45,0.39,0.003732799652949259,1.0399999618530273,0.06735751231330078,1.06
2021-11-08,4701.47998046875,4714.919921875,4694.39013671875,4701.7001953125,4269710000,17.219999313354492,1.51,0.45,0.0008877879113036169,0.7399997711181641,0.044902899980162614,1.06
2021-11-09,4707.25,4708.52978515625,4670.8701171875,4685.25,4117080000,17.780000686645508,1.46,0.41,-0.003498775895770745,0.5600013732910156,0.03252040624976815,1.05
2021-11-10,4670.259765625,4684.85009765625,4630.85986328125,4646.7099609375,4503720000,18.729999542236328,1.56,0.51,-0.008225823395229703,0.9499988555908203,0.05343075471894454,1.05
2021-11-11,4659.39013671875,4664.5498046875,4648.31005859375,4649.27001953125,3926870000,17.65999984741211,1.56,0.51,0.0005509400447352153,-1.0699996948242188,-0.057127587879079234,1.05
2021-11-12,4655.240234375,4688.47021484375,4650.77001953125,4682.85009765625,3728600000,16.290000915527344,1.58,0.53,0.007222656026415475,-1.3699989318847656,-0.07757638412921752,1.05
2021-11-15,4689.2998046875,4697.419921875,4672.85986328125,4682.7998046875,3488410000,16.489999771118164,1.63,0.53,-1.0739820344718431e-05,0.1999988555908203,0.012277399898743102,1.0999999999999999
2021-11-16,4679.419921875,4714.9501953125,4679.419921875,4700.89990234375,3972640000,16.3700008392334,1.63,0.54,0.003865229864862485,-0.11999893188476562,-0.007277072986680122,1.0899999999999999
2021-11-17,4701.5,4701.5,4684.41015625,4688.669921875,3969070000,17.110000610351562,1.6,0.52,-0.002601625374463401,0.7399997711181641,0.04520462633970257,1.08
2021-11-18,4700.72021484375,4708.7998046875,4672.77978515625,4704.5400390625,4226410000,17.59000015258789,1.59,0.52,0.0033847802152713324,0.4799995422363281,0.028053741970408108,1.07
2021-11-19,4708.43994140625,4717.75,4694.22021484375,4697.9599609375,4253180000,17.90999984741211,1.54,0.52,-0.001398665559303236,0.31999969482421875,0.01819213712611245,1.02
2021-11-22,4712.0,4743.830078125,4682.169921875,4682.93994140625,4441100000,19.170000076293945,1.63,0.63,-0.0031971365563219223,1.260000228881836,0.07035177217290145,0.9999999999999999
2021-11-23,4678.47998046875,4699.39013671875,4652.66015625,4690.7001953125,4277590000,19.3799991607666,1.67,0.6,0.001657132912945114,0.20999908447265625,0.010954568786483598,1.0699999999999998
2021-11-24,4675.77978515625,4702.8701171875,4659.89013671875,4701.4599609375,3418430000,18.57999992370605,1.64,0.64,0.0022938506357221833,-0.7999992370605504,-0.04127963218285846,0.9999999999999999
2021-11-26,4664.6298828125,4664.6298828125,4585.43017578125,4594.6201171875,3517700000,28.6200008392334,1.48,0.5,-0.022724822637582465,10.040000915527347,0.5403660364237894,0.98
2021-11-29,4628.75,4672.9501953125,4625.259765625,4655.27001953125,4336410000,22.959999084472656,1.52,0.51,0.013200199537034996,-5.660001754760742,-0.19776385705068866,1.01
2021-11-30,4640.25,4646.02001953125,4560.0,4567.0,6625990000,27.190000534057617,1.43,0.52,-0.01896131033450521,4.230001449584961,0.1842335199588756,0.9099999999999999
2021-12-01,4602.81982421875,4652.93994140625,4510.27001953125,4513.0400390625,5366730000,31.1200008392334,1.43,0.56,-0.011815187417889228,3.9300003051757812,0.14453844163236207,0.8699999999999999
2021-12-02,4504.72998046875,4595.4599609375,4504.72998046875,4577.10009765625,5077180000,27.950000762939453,1.44,0.63,0.01419443613158311,-3.1700000762939453,-0.10186375291794603,0.8099999999999999
2021-12-03,4589.490234375,4608.02978515625,4495.1201171875,4538.43017578125,5240070000,30.670000076293945,1.35,0.6,-0.008448563730297565,2.719999313354492,0.09731660962818656,0.7500000000000001
2021-12-06,4548.3701171875,4612.60009765625,4540.509765625,4591.669921875,4770800000,27.18000030517578,1.43,0.65,0.011730872577451423,-3.489999771118164,-0.11379197138690988,0.7799999999999999
2021-12-07,4631.97021484375,4694.0400390625,4631.97021484375,4686.75,4492400000,21.88999938964844,1.48,0.7,0.020707080374404274,-5.29000091552734,-0.19462843473625668,0.78
2021-12-08,4690.85986328125,4705.06005859375,4674.52001953125,4701.2099609375,4234600000,19.899999618530277,1.52,0.68,0.0030852853123166657,-1.989999771118164,-0.0909090829878787,0.84
2021-12-09,4691.0,4695.259765625,4665.97998046875,4667.4501953125,3903840000,21.57999992370605,1.49,0.7,-0.007181080169894716,1.6800003051757741,0.08442212750654576,0.79
2021-12-10,4687.64013671875,4713.56982421875,4670.240234375,4712.02001953125,3870110000,18.690000534057617,1.48,0.67,0.009549073338481762,-2.889999389648434,-0.1339202687611557,0.8099999999999999
2021-12-13,4710.2998046875,4710.2998046875,4667.60009765625,4668.97021484375,4397230000,20.309999465942383,1.42,0.66,-0.009136167611567658,1.6199989318847656,0.08667730795045947,0.7599999999999999
2021-12-14,4642.990234375,4660.47021484375,4606.52001953125,4634.08984375,4485430000,21.88999938964844,1.44,0.67,-0.0074706775774360246,1.5799999237060582,0.07779418834331064,0.7699999999999999
2021-12-15,4636.4599609375,4712.60009765625,4611.22021484375,4709.85009765625,4910130000,19.290000915527344,1.47,0.69,0.016348464630746795,-2.5999984741210973,-0.11877563027025984,0.78
2021-12-16,4719.1298828125,4731.990234375,4651.89013671875,4668.669921875,4829500000,20.56999969482422,1.44,0.64,-0.008743415379980468,1.279998779296875,0.0663555582450257,0.7999999999999999
2021-12-17,4652.5,4666.7001953125,4600.22021484375,4620.64013671875,7987090000,21.56999969482422,1.41,0.66,-0.010287680637092622,1.0,0.04861448783840361,0.7499999999999999
2021-12-20,4587.89990234375,4587.89990234375,4531.10009765625,4568.02001953125,4635700000,22.8700008392334,1.43,0.65,-0.01138805785140995,1.3000011444091797,0.06026894588789067,0.7799999999999999
2021-12-21,4594.9599609375,4651.14013671875,4583.16015625,4649.22998046875,4072430000,21.01000022888184,1.48,0.7,0.017777934551572505,-1.860000610351559,-0.08132927599900808,0.78
2021-12-22,4650.35986328125,4697.669921875,4645.52978515625,4696.56005859375,3319610000,18.6299991607666,1.46,0.68,0.010180197220578835,-2.380001068115238,-0.11327944037066306,0.7799999999999999
2021-12-23,4703.9599609375,4740.740234375,4703.9599609375,4725.7900390625,2913040000,17.959999084472656,1.5,0.71,0.006223699921661829,-0.6700000762939453,-0.035963505446898525,0.79
2021-12-27,4733.990234375,4791.490234375,4733.990234375,4791.18994140625,2770290000,17.68000030517578,1.48,0.76,0.01383893524747526,-0.279998779296875,-0.015590133272275541,0.72
2021-12-28,4795.490234375,4807.02001953125,4780.0400390625,4786.35009765625,2707920000,17.540000915527344,1.49,0.74,-0.0010101548486260992,-0.1399993896484375,-0.007918517377369816,0.75
2021-12-29,4788.64013671875,4804.06005859375,4778.080078125,4793.06005859375,2963310000,16.950000762939453,1.55,0.75,0.0014018951394270118,-0.5900001525878906,-0.03363740717171748,0.8
2021-12-30,4794.22998046875,4808.93017578125,4775.330078125,4778.72998046875,3124950000,17.329999923706055,1.52,0.73,-0.0029897555945093135,0.37999916076660156,0.02241882853465449,0.79
2021-12-31,4775.2099609375,4786.830078125,4765.75,4766.18017578125,2677820000,17.219999313354492,1.52,0.73,-0.0026261799136575448,-0.1100006103515625,-0.006347409742402221,0.79
2022-01-03,4778.14013671875,4796.64013671875,4758.169921875,4796.56005859375,3831020000,16.600000381469727,1.63,0.78,0.006374052530970564,-0.6199989318847656,-0.03600458516882421,0.8499999999999999
2022-01-04,4804.509765625,4818.6201171875,4774.27001953125,4793.5400390625,4683170000,16.90999984741211,1.66,0.77,-0.000629621957060511,0.3099994659423828,0.018674666193889244,0.8899999999999999
2022-01-05,4787.990234375,4797.7001953125,4699.43994140625,4700.580078125,4887960000,19.729999542236328,1.71,0.83,-0.019392757790687165,2.8199996948242188,0.16676521113368237,0.88
2022-01-06,4693.39013671875,4725.009765625,4671.259765625,4696.0498046875,4295280000,19.61000061035156,1.73,0.88,-0.0009637690162076495,-0.11999893188476918,-0.0060820544687740785,0.85
2022-01-07,4697.66015625,4707.9501953125,4662.740234375,4677.02978515625,4181510000,18.76000022888184,1.76,0.87,-0.004050216740091761,-0.8500003814697195,-0.04334525012819368,0.89
2022-01-10,4655.33984375,4673.02001953125,4582.240234375,4670.2900390625,4511810000,19.399999618530277,1.78,0.92,-0.0014410312534549607,0.6399993896484375,0.03411510564179698,0.86
2022-01-11,4669.14013671875,4714.1298828125,4638.27001953125,4713.06982421875,4101590000,18.40999984741211,1.75,0.9,0.009159984668711818,-0.9899997711181676,-0.0510309170404597,0.85
2022-01-12,4728.58984375,4748.830078125,4706.7099609375,4726.35009765625,4048220000,17.6200008392334,1.74,0.92,0.002817754443029452,-0.7899990081787109,-0.04291140764402346,0.82
2022-01-13,4733.56005859375,4744.1298828125,4650.2900390625,4659.02978515625,4251730000,20.309999465942383,1.7,0.91,-0.0142436152864307,2.6899986267089844,0.15266733817170586,0.7899999999999999
2022-01-14,4637.990234375,4665.1298828125,4614.75,4662.85009765625,4338490000,19.190000534057617,1.78,0.99,0.0008199802697488323,-1.1199989318847656,-0.05514519750543956,0.79
2022-01-18,4632.240234375,4632.240234375,4568.7001953125,4577.10986328125,4748700000,22.790000915527344,1.87,1.06,-0.018387945694007368,3.6000003814697266,0.18759772179685963,0.81
2022-01-19,4588.02978515625,4611.5498046875,4530.2001953125,4532.759765625,4465740000,23.850000381469727,1.83,1.04,-0.009689541868338813,1.0599994659423828,0.04651160260463971,0.79
2022-01-20,4547.35009765625,4602.10986328125,4477.9501953125,4482.72998046875,4640870000,25.59000015258789,1.83,1.08,-0.01103737849414832,1.739999771118164,0.07295596407914773,0.75
2022-01-21,4471.3798828125,4494.52001953125,4395.33984375,4397.93994140625,5589100000,28.850000381469727,1.75,1.01,-0.018914821867908604,3.260000228881836,0.12739352127562054,0.74
2022-01-24,4356.31982421875,4417.35009765625,4222.6201171875,4410.1298828125,6928110000,29.899999618530277,1.75,0.99,0.002771738943381896,1.0499992370605504,0.03639512038741466,0.76
2022-01-25,4366.64013671875,4411.009765625,4287.10986328125,4356.4501953125,5145050000,31.15999984741211,1.78,1.02,-0.012171906253646725,1.2600002288818324,0.04214047641997154,0.76
2022-01-26,4408.43017578125,4453.22998046875,4304.7998046875,4349.93017578125,5570640000,31.959999084472656,1.85,1.13,-0.0014966358477518371,0.7999992370605469,0.025673916591080648,0.7200000000000002
2022-01-27,4380.580078125,4428.740234375,4309.5,4326.509765625,5214200000,30.489999771118164,1.81,1.18,-0.00538408875771057,-1.4699993133544922,-0.04599497357522364,0.6300000000000001
2022-01-28,4336.18994140625,4432.72021484375,4292.4599609375,4431.85009765625,5031090000,27.65999984741211,1.78,1.15,0.024347646888076113,-2.8299999237060547,-0.09281731534766324,0.6300000000000001
2022-01-31,4431.7900390625,4516.89013671875,4414.02001953125,4515.5498046875,5098610000,24.82999992370605,1.79,1.18,0.018885951732779516,-2.8299999237060582,-0.10231380836290338,0.6100000000000001
2022-02-01,4519.56982421875,4550.490234375,4483.52978515625,4546.5400390625,4816830000,21.959999084472656,1.81,1.18,0.00686300355780145,-2.870000839233395,-0.1155860188502581,0.6300000000000001
2022-02-02,4566.39013671875,4595.31005859375,4544.31982421875,4589.3798828125,4481580000,22.09000015258789,1.78,1.16,0.00942251544733641,0.13000106811523438,0.0059199031664420865,0.6200000000000001
2022-02-03,4535.41015625,4542.8798828125,4470.39013671875,4477.43994140625,4401970000,24.350000381469727,1.82,1.19,-0.024391082077444004,2.260000228881836,0.10230874663969036,0.6300000000000001
2022-02-04,4482.7900390625,4539.66015625,4451.5,4500.52978515625,4706290000,23.21999931335449,1.93,1.31,0.0051569298644233985,-1.130001068115238,-0.04640661397998025,0.6199999999999999
2022-02-07,4505.75,4521.85986328125,4471.47021484375,4483.8701171875,4228480000,22.86000061035156,1.92,1.3,-0.0037017126347429485,-0.3599987030029297,-0.015503820570566651,0.6199999999999999
2022-02-08,4480.02001953125,4531.31982421875,4465.39990234375,4521.5400390625,4459620000,21.440000534057617,1.96,1.35,0.008401207191663262,-1.4200000762939418,-0.062117237024522765,0.6099999999999999
2022-02-09,4547.0,4590.02978515625,4547.0,4587.18017578125,4524350000,19.959999084472656,1.94,1.36,0.014517207887505545,-1.480001449584961,-0.06902991663801339,0.5799999999999998
2022-02-10,4553.240234375,4588.919921875,4484.31005859375,4504.080078125,5314860000,23.90999984741211,2.03,1.61,-0.01811572566845976,3.950000762939453,0.19789583888369267,0.4199999999999997
2022-02-11,4506.27001953125,4526.330078125,4401.41015625,4418.64013671875,5251500000,27.36000061035156,1.92,1.5,-0.01896945434456343,3.4500007629394496,0.14429112442310865,0.41999999999999993
2022-02-14,4412.60986328125,4426.22021484375,4364.83984375,4401.669921875,4600390000,28.32999992370605,1.98,1.58,-0.0038405967262932217,0.9699993133544922,0.03545319048668061,0.3999999999999999
2022-02-15,4429.27978515625,4472.77001953125,4429.27978515625,4471.06982421875,4430830000,25.700000762939453,2.05,1.58,0.01576672117072042,-2.629999160766598,-0.09283442173841516,0.46999999999999975
2022-02-16,4455.75,4489.5498046875,4429.68017578125,4475.009765625,4283640000,24.290000915527344,2.03,1.52,0.0008812077558950637,-1.4099998474121094,-0.05486380566359328,0.5099999999999998
2022-02-17,4456.06005859375,4456.06005859375,4373.81005859375,4380.259765625,4539420000,28.11000061035156,1.97,1.49,-0.021173138152195015,3.819999694824215,0.15726634626770575,0.48
2022-02-18,4384.56982421875,4394.60009765625,4327.22021484375,4348.8701171875,4708060000,27.75,1.92,1.47,-0.0071661613961429005,-0.36000061035155895,-0.012806851744392667,0.44999999999999996
2022-02-22,4332.740234375,4362.1201171875,4267.10986328125,4304.759765625,5121900000,28.809999465942383,1.94,1.56,-0.010142945264832837,1.0599994659423828,0.03819817895287869,0.3799999999999999
2022-02-23,4324.93017578125,4341.509765625,4221.509765625,4225.5,4797430000,31.020000457763672,1.99,1.58,-0.018412122845487655,2.210000991821289,0.07670951172469942,0.4099999999999999
2022-02-24,4155.77001953125,4294.72998046875,4114.64990234375,4288.7001953125,6752130000,30.31999969482422,1.96,1.54,0.014956856067329216,-0.7000007629394531,-0.02256611065794678,0.41999999999999993
2022-02-25,4298.3798828125,4385.33984375,4286.830078125,4384.64990234375,5177060000,27.59000015258789,1.97,1.55,0.022372677655603468,-2.729999542236328,-0.09003956364492816,0.41999999999999993
2022-02-28,4354.169921875,4388.83984375,4315.1201171875,4373.93994140625,6071370000,30.149999618530277,1.83,1.44,-0.002442603440647617,2.5599994659423864,0.09278722188416744,0.3900000000000001
2022-03-01,4363.14013671875,4378.4501953125,4279.5400390625,4306.259765625,5846230000,33.31999969482422,1.72,1.31,-0.015473503680411893,3.1700000762939418,0.10514096571814391,0.4099999999999999
2022-03-02,4322.56005859375,4401.47998046875,4322.56005859375,4386.5400390625,5337870000,30.739999771118164,1.86,1.5,0.018642691757321028,-2.5799999237060547,-0.07743097080840666,0.3600000000000001
2022-03-03,4401.31005859375,4416.77978515625,4345.56005859375,4363.490234375,5039890000,30.479999542236328,1.86,1.53,-0.005254666430088317,-0.26000022888183594,-0.008458042642086161,0.33000000000000007
2022-03-04,4342.1201171875,4342.1201171875,4284.97998046875,4328.8701171875,5797380000,31.979999542236328,1.74,1.5,-0.007934042550334475,1.5,0.04921259916429599,0.24
2022-03-07,4327.009765625,4327.009765625,4199.85009765625,4201.08984375,6940470000,36.45000076293945,1.78,1.55,-0.029518158313449172,4.470001220703125,0.1397748994586303,0.22999999999999998
2022-03-08,4202.66015625,4276.93994140625,4157.8701171875,4170.7001953125,7243120000,35.130001068115234,1.86,1.63,-0.00723375351819977,-1.3199996948242188,-0.036213982639098585,0.2300000000000002
2022-03-09,4223.10009765625,4299.39990234375,4223.10009765625,4277.8798828125,5662670000,32.45000076293945,1.94,1.68,0.02569824789143582,-2.6800003051757812,-0.07628807923971881,0.26
2022-03-10,4252.5498046875,4268.27978515625,4209.7998046875,4259.52001953125,4980830000,30.229999542236328,1.98,1.72,-0.004291813651667864,-2.220001220703125,-0.0684129789987108,0.26
2022-03-11,4279.5,4291.009765625,4200.490234375,4204.31005859375,4938640000,30.75,2.0,1.75,-0.012961545123475138,0.5200004577636719,0.01720147091094537,0.25
2022-03-14,4202.75,4247.56982421875,4161.72021484375,4173.10986328125,5574920000,31.770000457763672,2.14,1.87,-0.007421002465963666,1.0200004577636719,0.03317074659394059,0.27
2022-03-15,4188.81982421875,4271.0498046875,4187.89990234375,4262.4501953125,5392470000,29.82999992370605,2.15,1.85,0.021408574170870942,-1.9400005340576207,-0.06106391268822098,0.2999999999999998
2022-03-16,4288.14013671875,4358.89990234375,4251.990234375,4357.85986328125,6309750000,26.670000076293945,2.19,1.95,0.02238376135718223,-3.159999847412106,-0.10593361902427756,0.24
2022-03-17,4345.10986328125,4412.669921875,4335.64990234375,4411.669921875,4985090000,25.670000076293945,2.2,1.94,0.01234781757145198,-1.0,-0.03749531297860276,0.26000000000000023
2022-03-18,4407.33984375,4465.39990234375,4390.56982421875,4463.1201171875,8278430000,23.8700008392334,2.14,1.97,0.011662294827948783,-1.7999992370605469,-0.07012073360774285,0.17000000000000015
2022-03-21,4462.39990234375,4481.75,4424.2998046875,4461.18017578125,4869820000,23.530000686645508,2.32,2.14,-0.00043466036210393355,-0.3400001525878906,-0.014243826587096553,0.17999999999999972
2022-03-22,4469.10009765625,4522.0,4469.10009765625,4511.60986328125,4754840000,22.940000534057617,2.38,2.18,0.0113041136006502,-0.5900001525878906,-0.025074378893781613,0.19999999999999973
2022-03-23,4493.10009765625,4501.06982421875,4455.81005859375,4456.240234375,4550670000,23.56999969482422,2.32,2.13,-0.012272698789159042,0.6299991607666016,0.02746290959458708,0.18999999999999995
2022-03-24,4469.97998046875,4520.580078125,4465.169921875,4520.16015625,4131390000,21.670000076293945,2.34,2.13,0.01434391292056647,-1.8999996185302734,-0.08061093097712246,0.20999999999999996
2022-03-25,4522.91015625,4546.02978515625,4501.06982421875,4543.06005859375,4305020000,20.809999465942383,2.48,2.3,0.005066170567449069,-0.8600006103515625,-0.03968623014876527,0.18000000000000016
2022-03-28,4541.08984375,4575.64990234375,4517.68994140625,4575.52001953125,4312260000,19.6299991607666,2.46,2.35,0.007144955276586762,-1.1800003051757812,-0.056703524048953846,0.10999999999999988
2022-03-29,4602.85986328125,4637.2998046875,4589.66015625,4631.60009765625,5085910000,18.899999618530277,2.41,2.35,0.012256547427530462,-0.7299995422363246,-0.03718795585561385,0.06000000000000005
2022-03-30,4624.2001953125,4627.77001953125,4581.31982421875,4602.4501953125,4385570000,19.32999992370605,2.35,2.31,-0.0062937001746978805,0.43000030517577414,0.022751339357392597,0.040000000000000036
2022-03-31,4599.02001953125,4603.06982421875,4530.41015625,4530.41015625,4823020000,20.559999465942383,2.32,2.28,-0.015652540713177343,1.2299995422363317,0.06363163720077814,0.040000000000000036
2022-04-01,4540.31982421875,4548.7001953125,4507.56982421875,4545.85986328125,4562940000,19.6299991607666,2.39,2.44,0.0034102225843584133,-0.9300003051757812,-0.04523347905316466,-0.04999999999999982
2022-04-04,4547.97021484375,4583.5,4539.2099609375,4582.64013671875,4547350000,18.56999969482422,2.42,2.43,0.008090938687879357,-1.0599994659423828,-0.05399895625369899,-0.010000000000000231
2022-04-05,4572.4501953125,4593.4501953125,4514.169921875,4525.1201171875,4800620000,21.030000686645508,2.54,2.51,-0.012551720801807331,2.460000991821289,0.13247178418139316,0.03000000000000025
2022-04-06,4494.169921875,4503.93994140625,4450.0400390625,4481.14990234375,4986830000,22.100000381469727,2.61,2.5,-0.009716916613271898,1.0699996948242188,0.05087967950013872,0.10999999999999988
2022-04-07,4474.64990234375,4521.16015625,4450.2998046875,4500.2099609375,4821490000,21.549999237060547,2.66,2.47,0.004253385628492534,-0.5500011444091797,-0.02488692918169999,0.18999999999999995
2022-04-08,4494.14990234375,4520.41015625,4474.60009765625,4488.27978515625,4083200000,21.15999984741211,2.72,2.53,-0.002651026482054286,-0.3899993896484375,-0.018097420113952323,0.1900000000000004
2022-04-11,4462.64013671875,4464.35009765625,4408.3798828125,4412.52978515625,4266290000,24.3700008392334,2.79,2.5,-0.01687729010355421,3.210000991821289,0.15170137121782057,0.29000000000000004
2022-04-12,4437.58984375,4471.0,4381.33984375,4397.4501953125,4152090000,24.26000022888184,2.72,2.39,-0.003417447717741773,-0.11000061035155895,-0.004513771299279878,0.33000000000000007
2022-04-13,4394.2998046875,4453.919921875,4392.7001953125,4446.58984375,3828150000,21.81999969482422,2.7,2.37,0.011174577597236057,-2.4400005340576207,-0.10057710268084696,0.33000000000000007
2022-04-14,4449.1201171875,4460.4599609375,4390.77001953125,4392.58984375,4083090000,22.700000762939453,2.83,2.47,-0.01214413784439794,0.8800010681152344,0.04033002201755176,0.3599999999999999
2022-04-18,4385.6298828125,4410.31005859375,4370.2998046875,4391.68994140625,3910490000,22.170000076293945,2.85,2.46,-0.0002048682840329885,-0.5300006866455078,-0.023348047085126056,0.3900000000000001
2022-04-19,4390.6298828125,4471.02978515625,4390.6298828125,4462.2099609375,4108120000,21.3700008392334,2.93,2.61,0.016057604355527166,-0.7999992370605469,-0.03608476474097866,0.3200000000000003
2022-04-20,4472.259765625,4488.2900390625,4448.759765625,4459.4501953125,4290450000,20.31999969482422,2.85,2.6,-0.0006184750715809706,-1.0500011444091797,-0.04913435204370564,0.25
2022-04-21,4489.169921875,4512.93994140625,4384.47021484375,4393.66015625,4636890000,22.68000030517578,2.9,2.68,-0.014752948498371943,2.3600006103515625,0.1161417640647251,0.21999999999999975
2022-04-22,4385.830078125,4385.830078125,4267.6201171875,4271.77978515625,4651940000,28.209999084472656,2.9,2.72,-0.027740054250753654,5.529998779296875,0.2438271033900683,0.17999999999999972
2022-04-25,4255.33984375,4299.02001953125,4200.81982421875,4296.1201171875,5240040000,27.020000457763672,2.81,2.63,0.005697936985382235,-1.1899986267089844,-0.042183575516809735,0.18000000000000016
2022-04-26,4278.14013671875,4278.14013671875,4175.0400390625,4175.2001953125,4689970000,33.52000045776367,2.77,2.54,-0.028146308431003852,6.5,0.2405625421864992,0.22999999999999998
2022-04-27,4186.52001953125,4240.7099609375,4162.89990234375,4183.9599609375,4769680000,31.600000381469727,2.82,2.58,0.0020980468517017847,-1.9200000762939453,-0.05727923777069188,0.23999999999999977
2022-04-28,4222.580078125,4308.4501953125,4188.6298828125,4287.5,4854180000,29.989999771118164,2.85,2.63,0.02474690007293945,-1.6100006103515625,-0.050949385788478296,0.2200000000000002
2022-04-29,4253.75,4269.68017578125,4124.27978515625,4131.93017578125,5084030000,33.400001525878906,2.89,2.7,-0.036284507106413955,3.410001754760742,0.11370462756871169,0.18999999999999995
2022-05-02,4130.60986328125,4169.81005859375,4062.510009765625,4155.3798828125,5163790000,32.34000015258789,2.99,2.73,0.005675242812353654,-1.0600013732910156,-0.031736566612720285,0.26000000000000023
2022-05-03,4159.77978515625,4200.10009765625,4147.080078125,4175.47998046875,4582050000,29.25,2.97,2.78,0.004837126381486367,-3.0900001525878906,-0.09554731410044925,0.1900000000000004
2022-05-04,4181.18017578125,4307.66015625,4148.91015625,4300.169921875,5136360000,25.420000076293945,2.93,2.66,0.02986242108440229,-3.8299999237060547,-0.13094016833183098,0.27
2022-05-05,4270.43017578125,4270.43017578125,4106.009765625,4146.8701171875,5077030000,31.200000762939453,3.05,2.71,-0.035649708609806985,5.780000686645508,0.2273800420652159,0.33999999999999986
2022-05-06,4128.169921875,4157.68994140625,4067.909912109375,4123.33984375,5116940000,30.190000534057617,3.12,2.72,-0.0056742248424840325,-1.010000228881836,-0.032371801416157364,0.3999999999999999
2022-05-09,4081.27001953125,4081.27001953125,3975.47998046875,3991.239990234375,5954520000,34.75,3.05,2.61,-0.03203710063235676,4.559999465942383,0.15104337148978209,0.43999999999999995
2022-05-10,4035.179931640625,4068.820068359375,3958.169921875,4001.050048828125,5885820000,32.9900016784668,2.99,2.62,0.0024578974498534745,-1.7599983215332031,-0.0506474337131857,0.3700000000000001
2022-05-11,3990.080078125,4049.090087890625,3928.820068359375,3935.179931640625,5816140000,32.560001373291016,2.91,2.66,-0.01646320750393837,-0.43000030517578125,-0.01303426139127628,0.25
2022-05-12,3903.949951171875,3964.800048828125,3858.8701171875,3930.080078125,6286450000,31.770000457763672,2.84,2.56,-0.0012959645058717717,-0.7900009155273438,-0.02426292635771765,0.2799999999999998
2022-05-13,3963.89990234375,4038.8798828125,3963.89990234375,4023.889892578125,5183340000,28.8700008392334,2.93,2.61,0.02386969542307149,-2.8999996185302734,-0.09128106946002879,0.3200000000000003
2022-05-16,4013.02001953125,4046.4599609375,3983.989990234375,4008.010009765625,4415030000,27.46999931335449,2.88,2.58,-0.003946400929555671,-1.4000015258789098,-0.04849329702742344,0.2999999999999998
2022-05-17,4052.0,4090.719970703125,4033.929931640625,4088.85009765625,4841410000,26.100000381469727,2.98,2.71,0.020169632234863677,-1.369998931884762,-0.04987255064177376,0.27
2022-05-18,4051.97998046875,4051.97998046875,3911.909912109375,3923.679931640625,5103220000,30.959999084472656,2.89,2.68,-0.04039526078745259,4.85999870300293,0.18620684413680677,0.20999999999999996
2022-05-19,3899.0,3945.9599609375,3876.580078125,3900.7900390625,5113550000,29.350000381469727,2.84,2.63,-0.005833781800992588,-1.6099987030029297,-0.05200254362444057,0.20999999999999996
2022-05-20,3927.760009765625,3943.419921875,3810.320068359375,3901.360107421875,5130730000,29.43000030517578,2.78,2.6,0.00014614176965843662,0.07999992370605469,0.002725721385562929,0.17999999999999972
2022-05-23,3919.419921875,3981.8798828125,3909.0400390625,3973.75,4420030000,28.479999542236328,2.86,2.65,0.018555039930923556,-0.9500007629394531,-0.03228001199756625,0.20999999999999996
2022-05-24,3942.93994140625,3955.679931640625,3875.1298828125,3941.47998046875,4923190000,29.450000762939453,2.76,2.5,-0.008120797617175213,0.970001220703125,0.03405903217324835,0.2599999999999998
2022-05-25,3929.590087890625,3999.330078125,3925.030029296875,3978.72998046875,4802560000,28.3700008392334,2.75,2.48,0.009450764734207695,-1.0799999237060547,-0.03667232243556173,0.27
2022-05-26,3984.60009765625,4075.139892578125,3984.60009765625,4057.840087890625,4709970000,27.5,2.75,2.46,0.019883256167224195,-0.8700008392333984,-0.030666225361201227,0.29000000000000004
2022-05-27,4077.429931640625,4158.490234375,4077.429931640625,4158.240234375,4375620000,25.71999931335449,2.74,2.47,0.02474226295510973,-1.7800006866455114,-0.06472729769620045,0.27
2022-05-31,4151.08984375,4168.33984375,4104.8798828125,4132.14990234375,6822640000,26.190000534057617,2.85,2.53,-0.006274368617659065,0.47000122070312855,0.018273764900883727,0.3200000000000003
2022-06-01,4149.77978515625,4166.5400390625,4073.85009765625,4101.22998046875,4531800000,25.690000534057617,2.94,2.66,-0.007482768681131846,-0.5,-0.019091255815355868,0.2799999999999998
2022-06-02,4095.409912109375,4177.509765625,4074.3701171875,4176.81982421875,4405790000,24.71999931335449,2.92,2.65,0.018431018038486124,-0.9700012207031286,-0.03775792917626386,0.27
2022-06-03,4137.56982421875,4142.669921875,4098.669921875,4108.5400390625,3711110000,24.790000915527344,2.96,2.66,-0.016347313992415624,0.07000160217285512,0.0028317801018318267,0.2999999999999998
2022-06-06,4134.72021484375,4168.77978515625,4109.18017578125,4121.43017578125,4332700000,25.06999969482422,3.04,2.73,0.003137400778913113,0.279998779296875,0.011294827307630095,0.31000000000000005
2022-06-07,4096.47021484375,4164.85986328125,4080.18994140625,4160.68017578125,4248210000,24.020000457763672,2.98,2.75,0.009523393173235029,-1.0499992370605469,-0.041882698438058696,0.22999999999999998
2022-06-08,4147.1201171875,4160.14013671875,4107.2001953125,4115.77001953125,4159470000,23.959999084472656,3.03,2.78,-0.010793945785935621,-0.060001373291015625,-0.0024979755265417403,0.25
2022-06-09,4101.64990234375,4119.10009765625,4017.169921875,4017.820068359375,4134170000,26.09000015258789,3.04,2.83,-0.02379869397635359,2.1300010681152344,0.08889821158196898,0.20999999999999996
2022-06-10,3974.389892578125,3974.389892578125,3900.159912109375,3900.860107421875,4889640000,27.75,3.15,3.06,-0.029110303335524668,1.6599998474121094,0.06362590408982616,0.08999999999999986
2022-06-13,3838.14990234375,3838.14990234375,3734.300048828125,3749.6298828125,5636890000,34.02000045776367,3.43,3.4,-0.038768430665237275,6.270000457763672,0.2259459624419342,0.03000000000000025
2022-06-14,3763.52001953125,3778.179931640625,3705.679931640625,3735.47998046875,5153890000,32.689998626708984,3.49,3.45,-0.0037736797459957394,-1.3300018310546875,-0.03909470350260291,0.040000000000000036
2022-06-15,3764.050048828125,3837.56005859375,3722.300048828125,3789.989990234375,5530480000,29.6200008392334,3.33,3.2,0.014592504858983224,-3.069997787475586,-0.09391244773461938,0.1299999999999999
2022-06-16,3728.179931640625,3728.179931640625,3639.77001953125,3666.77001953125,5644930000,32.95000076293945,3.28,3.14,-0.03251195148816344,3.3299999237060547,0.11242403205118334,0.13999999999999968
2022-06-17,3665.89990234375,3707.7099609375,3636.8701171875,3674.840087890625,8520740000,31.1299991607666,3.25,3.17,0.002200865698254617,-1.8200016021728516,-0.05523525220126546,0.08000000000000007
2022-06-21,3715.31005859375,3779.64990234375,3715.31005859375,3764.7900390625,5292260000,30.190000534057617,3.31,3.21,0.024477242280086964,-0.9399986267089844,-0.030195909156774836,0.10000000000000009
2022-06-22,3733.889892578125,3801.7900390625,3717.68994140625,3759.889892578125,5058990000,28.950000762939453,3.16,3.06,-0.0013015723144006452,-1.239999771118164,-0.041073194739407515,0.10000000000000009
2022-06-23,3774.7099609375,3802.580078125,3743.52001953125,3795.72998046875,5098640000,29.049999237060547,3.09,3.01,0.009532217409177868,0.09999847412109375,0.003454178635086791,0.08000000000000007
2022-06-24,3821.75,3913.64990234375,3821.75,3911.739990234375,8120260000,27.229999542236328,3.13,3.04,0.03056329358583576,-1.8199996948242188,-0.06265059354983915,0.08999999999999986
2022-06-27,3920.760009765625,3927.719970703125,3889.659912109375,3900.110107421875,4325310000,26.950000762939453,3.2,3.08,-0.0029730715337762392,-0.279998779296875,-0.01028273169313021,0.1200000000000001
2022-06-28,3913.0,3945.860107421875,3820.139892578125,3821.550048828125,4270120000,28.36000061035156,3.2,3.1,-0.020143036075892073,1.4099998474121058,0.052319102318953536,0.10000000000000009
2022-06-29,3825.090087890625,3836.5,3799.02001953125,3818.830078125,4211240000,28.15999984741211,3.1,3.06,-0.0007117454091590814,-0.20000076293944957,-0.007052212927895596,0.040000000000000036
2022-06-30,3785.989990234375,3818.989990234375,3738.669921875,3785.3798828125,4840070000,28.709999084472656,2.98,2.92,-0.008759278267998716,0.5499992370605469,0.019531223012811516,0.06000000000000005
2022-07-01,3781.0,3829.820068359375,3752.10009765625,3825.330078125,4046950000,26.700000762939453,2.88,2.84,0.010553814029047315,-2.009998321533203,-0.07001039309054802,0.040000000000000036
2022-07-05,3792.610107421875,3832.18994140625,3742.06005859375,3831.389892578125,5076590000,27.540000915527344,2.82,2.82,0.0015841285142366157,0.8400001525878906,0.031460678973232126,0.0
2022-07-06,3831.97998046875,3870.909912109375,3809.3701171875,3845.080078125,4417720000,26.729999542236328,2.93,2.97,0.0035731642904301975,-0.8100013732910156,-0.029411813593453018,-0.040000000000000036
2022-07-07,3858.85009765625,3910.6298828125,3858.85009765625,3902.6201171875,4057770000,26.07999992370605,3.01,3.03,0.014964587965241805,-0.649999618530277,-0.024317232684692214,-0.020000000000000018
2022-07-08,3888.260009765625,3918.5,3869.340087890625,3899.3798828125,3521620000,24.63999938964844,3.09,3.12,-0.000830271529819071,-1.44000053405761,-0.055214744565573626,-0.03000000000000025
2022-07-11,3880.93994140625,3880.93994140625,3847.219970703125,3854.429931640625,3423480000,26.170000076293945,2.99,3.07,-0.011527461422777274,1.5300006866455043,0.062094185249382594,-0.07999999999999963
2022-07-12,3851.949951171875,3873.409912109375,3802.360107421875,3818.800048828125,3817210000,27.290000915527344,2.96,3.03,-0.009243878717321574,1.1200008392333984,0.04279712785511025,-0.06999999999999984
2022-07-13,3779.669921875,3829.43994140625,3759.070068359375,3801.780029296875,4109390000,26.81999969482422,2.91,3.13,-0.0044569025122100925,-0.470001220703125,-0.01722246994999932,-0.21999999999999975
2022-07-14,3763.989990234375,3796.409912109375,3721.56005859375,3790.3798828125,4199690000,26.399999618530277,2.96,3.15,-0.00299863390215227,-0.42000007629394176,-0.01565995828012612,-0.18999999999999995
2022-07-15,3818.0,3863.6201171875,3817.179931640625,3863.159912109375,4143800000,24.229999542236328,2.93,3.13,0.01920124935943668,-2.170000076293949,-0.08219697377460633,-0.19999999999999973
2022-07-18,3883.7900390625,3902.43994140625,3818.6298828125,3830.85009765625,4046870000,25.299999237060547,2.96,3.15,-0.008363571580831342,1.0699996948242188,0.04416012030702099,-0.18999999999999995
2022-07-19,3860.72998046875,3939.81005859375,3860.72998046875,3936.68994140625,4041070000,24.5,3.01,3.23,0.02762829164595959,-0.7999992370605469,-0.031620524157513485,-0.2200000000000002
2022-07-20,3935.320068359375,3974.1298828125,3922.030029296875,3959.89990234375,4185300000,23.8799991607666,3.04,3.25,0.005895806193263242,-0.6200008392333984,-0.02530615670340397,-0.20999999999999996
2022-07-21,3955.469970703125,3999.2900390625,3927.639892578125,3998.949951171875,4132790000,23.11000061035156,2.91,3.1,0.00986137270919718,-0.7699985504150426,-0.03224449654420858,-0.18999999999999995
2022-07-22,3998.429931640625,4012.43994140625,3938.860107421875,3961.6298828125,3979240000,23.030000686645508,2.77,2.98,-0.00933246697634671,-0.07999992370605113,-0.003461701496892955,-0.20999999999999996
2022-07-25,3965.719970703125,3975.300048828125,3943.4599609375,3966.840087890625,3568340000,23.36000061035156,2.81,3.0,0.0013151670479691902,0.32999992370605113,0.01432913216964904,-0.18999999999999995
2022-07-26,3953.219970703125,3953.219970703125,3910.739990234375,3921.050048828125,3778950000,24.690000534057617,2.81,3.02,-0.01154320266205866,1.3299999237060582,0.05693492675324219,-0.20999999999999996
2022-07-27,3951.429931640625,4039.56005859375,3951.429931640625,4023.610107421875,4112180000,23.239999771118164,2.78,2.96,0.026156273782937722,-1.4500007629394531,-0.058728259683077266,-0.18000000000000016
2022-07-28,4026.1298828125,4078.949951171875,3992.969970703125,4072.429931640625,4413000000,22.32999992370605,2.68,2.85,0.012133338697180918,-0.9099998474121129,-0.03915662032591871,-0.16999999999999993
2022-07-29,4087.330078125,4140.14990234375,4079.219970703125,4130.2900390625,4616360000,21.32999992370605,2.67,2.89,0.014207760082581844,-1.0,-0.04478280355650055,-0.2200000000000002
2022-08-01,4112.3798828125,4144.9501953125,4096.02001953125,4118.6298828125,4202810000,22.84000015258789,2.6,2.9,-0.0028230841271976725,1.5100002288818395,0.07079232228236587,-0.2999999999999998
2022-08-02,4104.2099609375,4140.47021484375,4079.81005859375,4091.18994140625,4727710000,23.93000030517578,2.75,3.06,-0.006662395550704803,1.0900001525878906,0.04772329883125637,-0.31000000000000005
2022-08-03,4107.9599609375,4167.66015625,4107.9599609375,4155.169921875,4351760000,21.950000762939453,2.73,3.1,0.015638477163140152,-1.9799995422363281,-0.08274130869142016,-0.3700000000000001
2022-08-04,4154.85009765625,4161.2900390625,4135.419921875,4151.93994140625,4283320000,21.440000534057617,2.68,3.03,-0.0007773401640558397,-0.5100002288818359,-0.02323463376561352,-0.34999999999999964
2022-08-05,4115.8701171875,4151.580078125,4107.31005859375,4145.18994140625,4085940000,21.149999618530277,2.83,3.24,-0.0016257460597355333,-0.2900009155273402,-0.013526161767891343,-0.41000000000000014
2022-08-08,4155.93017578125,4186.6201171875,4128.97021484375,4140.06005859375,4221090000,21.290000915527344,2.77,3.21,-0.0012375507238541195,0.14000129699706676,0.006619446785918859,-0.43999999999999995
2022-08-09,4133.10986328125,4137.2998046875,4112.08984375,4122.47021484375,3913090000,21.770000457763672,2.8,3.28,-0.004248692893594086,0.4799995422363281,0.02254577367755073,-0.48
2022-08-10,4181.02001953125,4211.02978515625,4177.259765625,4210.240234375,4546010000,19.739999771118164,2.78,3.23,0.021290637641290244,-2.030000686645508,-0.09324761800459969,-0.4500000000000002
2022-08-11,4227.39990234375,4257.91015625,4201.41015625,4207.27001953125,4630200000,20.200000762939453,2.87,3.23,-0.0007054739583503,0.46000099182128906,0.023302988710988792,-0.3599999999999999
2022-08-12,4225.02001953125,4280.47021484375,4219.77978515625,4280.14990234375,3788010000,19.530000686645508,2.84,3.25,0.017322368774566943,-0.6700000762939453,-0.033168319355867615,-0.41000000000000014
2022-08-15,4269.3701171875,4301.7900390625,4256.89990234375,4297.14013671875,3696830000,19.950000762939453,2.79,3.2,0.0039695418998517695,0.4200000762939453,0.021505379494489052,-0.41000000000000014
2022-08-16,4290.4599609375,4325.27978515625,4277.77001953125,4305.2001953125,4329820000,19.690000534057617,2.82,3.25,0.0018756797165810912,-0.26000022888183594,-0.013032592428007916,-0.43000000000000016
2022-08-17,4280.39990234375,4302.18017578125,4253.080078125,4274.0400390625,3885030000,19.899999618530277,2.89,3.28,-0.007237794954094601,0.2099990844726598,0.010665265554941294,-0.3899999999999997
2022-08-18,4273.1298828125,4292.52978515625,4261.97998046875,4283.740234375,3340330000,19.559999465942383,2.88,3.22,0.002269561170191503,-0.3400001525878942,-0.017085435130928195,-0.3400000000000003
2022-08-19,4266.31005859375,4266.31005859375,4218.7001953125,4228.47998046875,3761340000,20.600000381469727,2.98,3.25,-0.012900001139847905,1.0400009155273438,0.05316978240915504,-0.27
2022-08-22,4195.080078125,4195.080078125,4129.85986328125,4137.990234375,3907430000,23.799999237060547,3.03,3.32,-0.0214000649197158,3.1999988555908203,0.1553397473948257,-0.29000000000000004
2022-08-23,4133.08984375,4159.77001953125,4124.02978515625,4128.72998046875,3823520000,24.11000061035156,3.05,3.29,-0.0022378626777133093,0.3100013732910121,0.013025268202878193,-0.2400000000000002
2022-08-24,4126.5498046875,4156.56005859375,4119.97021484375,4140.77001953125,3583630000,22.81999969482422,3.11,3.36,0.0029161604463010526,-1.2900009155273402,-0.05350480642350053,-0.25
2022-08-25,4153.259765625,4200.5400390625,4147.58984375,4199.1201171875,3566870000,21.780000686645508,3.03,3.35,0.014091605518061545,-1.039999008178711,-0.04557401499065716,-0.3200000000000003
2022-08-26,4198.740234375,4203.0400390625,4057.659912109375,4057.659912109375,3832750000,25.559999465942383,3.04,3.37,-0.03368805871951874,3.779998779296875,0.17355365748976292,-0.33000000000000007
2022-08-29,4034.580078125,4062.989990234375,4017.419921875,4030.610107421875,3396510000,26.209999084472656,3.12,3.42,-0.006666355799502699,0.6499996185302734,0.02543034554427015,-0.2999999999999998
2022-08-30,4041.25,4044.97998046875,3965.2099609375,3986.159912109375,3835860000,26.209999084472656,3.11,3.46,-0.011028155571448206,0.0,0.0,-0.3500000000000001
2022-08-31,4000.669921875,4015.3701171875,3954.530029296875,3955.0,4542490000,25.8700008392334,3.15,3.45,-0.007817025105971265,-0.3399982452392578,-0.01297208153817453,-0.30000000000000027
2022-09-01,3936.72998046875,3970.22998046875,3903.64990234375,3966.85009765625,4152250000,25.559999465942383,3.26,3.51,0.0029962320243361873,-0.3100013732910156,-0.011983044578061208,-0.25
2022-09-02,3994.659912109375,4018.429931640625,3906.2099609375,3924.260009765625,3665850000,25.46999931335449,3.2,3.4,-0.010736500458081055,-0.09000015258789418,-0.003521132803927296,-0.19999999999999973
2022-09-06,3930.889892578125,3942.550048828125,3886.75,3908.18994140625,4127340000,26.90999984741211,3.33,3.5,-0.004095056983834944,1.4400005340576207,0.05653712496578667,-0.16999999999999993
2022-09-07,3909.429931640625,3987.889892578125,3906.030029296875,3979.8701171875,3890320000,24.63999938964844,3.27,3.45,0.018341016392734,-2.2700004577636683,-0.08435527575753476,-0.18000000000000016
2022-09-08,3959.93994140625,4010.5,3944.81005859375,4006.179931640625,3966850000,23.61000061035156,3.29,3.48,0.006610721877456038,-1.029998779296882,-0.04180189954589031,-0.18999999999999995
2022-09-09,4022.93994140625,4076.81005859375,4022.93994140625,4067.360107421875,3901940000,22.790000915527344,3.33,3.56,0.015271449816332883,-0.8199996948242152,-0.0347310323433323,-0.22999999999999998
2022-09-12,4083.669921875,4119.27978515625,4083.669921875,4110.41015625,3814200000,23.8700008392334,3.37,3.58,0.0105842727693497,1.0799999237060547,0.047389200540585596,-0.20999999999999996
2022-09-13,4037.1201171875,4037.1201171875,3921.280029296875,3932.68994140625,4224550000,27.270000457763672,3.42,3.75,-0.0432366134006168,3.3999996185302734,0.14243818596528657,-0.33000000000000007
2022-09-14,3940.72998046875,3961.93994140625,3912.179931640625,3946.010009765625,4293240000,26.15999984741211,3.41,3.78,0.0033870120853238816,-1.1100006103515625,-0.04070409210556314,-0.36999999999999966
2022-09-15,3932.409912109375,3959.139892578125,3888.280029296875,3901.35009765625,4441830000,26.270000457763672,3.45,3.87,-0.011317739184353415,0.1100006103515625,0.004204916322369412,-0.41999999999999993
2022-09-16,3880.949951171875,3880.949951171875,3837.080078125,3873.330078125,7954650000,26.299999237060547,3.45,3.85,-0.007182134089448455,0.029998779296875,0.001141940570009048,-0.3999999999999999
2022-09-19,3849.909912109375,3900.449951171875,3838.5,3899.889892578125,3766850000,25.76000022888184,3.49,3.95,0.006857100716286535,-0.5399990081787074,-0.02053228227542192,-0.45999999999999996
2022-09-20,3875.22998046875,3876.010009765625,3827.5400390625,3855.929931640625,4058050000,27.15999984741211,3.57,3.96,-0.011272103097361819,1.3999996185302699,0.054347810795459806,-0.3900000000000001
2022-09-21,3871.39990234375,3907.070068359375,3789.489990234375,3789.929931640625,4078330000,27.989999771118164,3.51,4.02,-0.017116493600784488,0.8299999237060547,0.030559643901659994,-0.5099999999999998
2022-09-22,3782.360107421875,3790.89990234375,3749.449951171875,3757.989990234375,4284600000,27.350000381469727,3.7,4.11,-0.00842758097968943,-0.6399993896484375,-0.02286528741986016,-0.41000000000000014
2022-09-23,3727.139892578125,3727.139892578125,3647.469970703125,3693.22998046875,5144270000,29.920000076293945,3.69,4.2,-0.017232619015461026,2.5699996948242188,0.09396708076704297,-0.5100000000000002
2022-09-26,3682.719970703125,3715.669921875,3644.760009765625,3655.0400390625,4886140000,32.2599983215332,3.88,4.27,-0.010340526208282075,2.339998245239258,0.07820849730188573,-0.3899999999999997
2022-09-27,3686.43994140625,3717.530029296875,3623.2900390625,3647.2900390625,4577740000,32.599998474121094,3.97,4.3,-0.0021203598092424114,0.3400001525878906,0.010539372916239298,-0.3299999999999996
2022-09-28,3651.93994140625,3736.739990234375,3640.610107421875,3719.0400390625,4684850000,30.18000030517578,3.72,4.07,0.019672139926234733,-2.4199981689453125,-0.07423307614159502,-0.3500000000000001
2022-09-29,3687.010009765625,3687.010009765625,3610.39990234375,3640.469970703125,4681810000,31.84000015258789,3.76,4.16,-0.021126437880238824,1.6599998474121094,0.05500330784050478,-0.40000000000000036
2022-09-30,3633.47998046875,3671.43994140625,3584.1298828125,3585.6201171875,5645360000,31.6200008392334,3.83,4.22,-0.015066695771983274,-0.2199993133544922,-0.0069095261400811125,-0.3899999999999997
2022-10-03,3609.780029296875,3698.35009765625,3604.929931640625,3678.429931640625,4806680000,30.100000381469727,3.67,4.12,0.025883894952576147,-1.5200004577636719,-0.048070854440891986,-0.4500000000000002
2022-10-04,3726.4599609375,3791.919921875,3726.4599609375,3790.929931640625,5146580000,29.06999969482422,3.62,4.1,0.030583700679551518,-1.0300006866455078,-0.03421929148145797,-0.47999999999999954
2022-10-05,3753.25,3806.909912109375,3722.659912109375,3783.280029296875,4293180000,28.549999237060547,3.76,4.15,-0.002017948757084831,-0.5200004577636719,-0.01788787283187543,-0.39000000000000057
2022-10-06,3771.969970703125,3797.929931640625,3739.219970703125,3744.52001953125,4252100000,30.520000457763672,3.83,4.23,-0.010245080846639998,1.970001220703125,0.06900179591409161,-0.40000000000000036
2022-10-07,3706.739990234375,3706.739990234375,3620.72998046875,3639.659912109375,4449660000,31.36000061035156,3.89,4.3,-0.028003617786773516,0.8400001525878871,0.027522940366608184,-0.4099999999999997
2022-10-10,3647.510009765625,3652.169921875,3588.10009765625,3612.389892578125,3834320000,32.45000076293945,3.89,4.3,-0.00749246363390188,1.0900001525878942,0.034757657250430674,-0.4099999999999997
2022-10-11,3595.860107421875,3640.659912109375,3568.449951171875,3588.840087890625,4759030000,33.630001068115234,3.93,4.3,-0.006519175777754405,1.1800003051757812,0.036363644913174786,-0.36999999999999966
2022-10-12,3590.830078125,3608.340087890625,3573.860107421875,3577.030029296875,4006830000,33.56999969482422,3.91,4.28,-0.0032907731480149582,-0.060001373291015625,-0.0017841620988797713,-0.3700000000000001
2022-10-13,3520.3701171875,3685.409912109375,3491.580078125,3669.909912109375,5021680000,31.940000534057617,3.97,4.47,0.02596564246086497,-1.6299991607666016,-0.04855523311243615,-0.49999999999999956
2022-10-14,3690.409912109375,3712.0,3579.679931640625,3583.070068359375,4243030000,32.02000045776367,4.0,4.48,-0.02366266361565439,0.07999992370605469,0.0025046938750283854,-0.4800000000000004
2022-10-17,3638.64990234375,3689.72998046875,3638.64990234375,3677.949951171875,4352780000,31.3700008392334,4.02,4.45,0.026480052302171098,-0.6499996185302734,-0.02029980041342172,-0.4300000000000006
2022-10-18,3746.260009765625,3762.7900390625,3686.530029296875,3719.97998046875,4483740000,30.5,4.01,4.43,0.011427569666488724,-0.8700008392333984,-0.02773352935793738,-0.41999999999999993
2022-10-19,3703.110107421875,3728.580078125,3666.510009765625,3695.159912109375,4223800000,30.76000022888184,4.14,4.55,-0.0066720972934503076,0.2600002288818395,0.008524597668257083,-0.41000000000000014
2022-10-20,3689.050048828125,3736.0,3656.43994140625,3665.780029296875,4496620000,29.979999542236328,4.24,4.62,-0.007950909706564868,-0.7800006866455114,-0.02535762941617714,-0.3799999999999999
2022-10-21,3657.10009765625,3757.889892578125,3647.419921875,3752.75,5078020000,29.690000534057617,4.21,4.49,0.02372481982226482,-0.28999900817871094,-0.009673082475206707,-0.28000000000000025
2022-10-24,3762.010009765625,3810.739990234375,3741.64990234375,3797.340087890625,4747930000,29.850000381469727,4.25,4.5,0.011881976654619875,0.15999984741210938,0.005389014635704514,-0.25
2022-10-25,3799.43994140625,3862.85009765625,3799.43994140625,3859.110107421875,4843120000,28.459999084472656,4.1,4.42,0.016266654579669915,-1.3900012969970703,-0.04656620700949654,-0.3200000000000003
2022-10-26,3825.969970703125,3886.14990234375,3824.070068359375,3830.60009765625,4817310000,27.280000686645508,4.04,4.39,-0.007387716072364547,-1.1799983978271484,-0.041461645670640146,-0.34999999999999964
2022-10-27,3834.68994140625,3859.949951171875,3803.7900390625,3807.300048828125,4687320000,27.38999938964844,3.96,4.3,-0.006082610618211248,0.10999870300293324,0.004032210419143478,-0.33999999999999986
2022-10-28,3808.260009765625,3905.419921875,3808.260009765625,3901.06005859375,4459410000,25.75,4.02,4.41,0.024626377895927698,-1.639999389648441,-0.05987584615530328,-0.39000000000000057
2022-10-31,3881.85009765625,3893.72998046875,3863.179931640625,3871.97998046875,4820620000,25.8799991607666,4.1,4.51,-0.00745440410765752,0.12999916076660156,0.005048511097732078,-0.41000000000000014
2022-11-01,3901.7900390625,3911.7900390625,3843.800048828125,3856.10009765625,4481210000,25.809999465942383,4.07,4.54,-0.004101230608784645,-0.06999969482421875,-0.0027047796404234825,-0.46999999999999975
2022-11-02,3852.89990234375,3894.43994140625,3758.679931640625,3759.68994140625,4899000000,25.86000061035156,4.1,4.61,-0.02500198485734284,0.050001144409176135,0.0019372780102207,-0.5100000000000007
2022-11-03,3733.25,3750.590087890625,3698.14990234375,3719.889892578125,4625290000,25.299999237060547,4.14,4.71,-0.010585992315429671,-0.5600013732910121,-0.021655118332319256,-0.5700000000000003
2022-11-04,3766.97998046875,3796.340087890625,3708.840087890625,3770.550048828125,5400180000,24.549999237060547,4.17,4.66,0.013618724670070526,-0.75,-0.029644269668647527,-0.4900000000000002
2022-11-07,3780.7099609375,3813.949951171875,3764.699951171875,3806.800048828125,4341620000,24.350000381469727,4.22,4.72,0.009613981920559844,-0.1999988555908203,-0.00814659314892785,-0.5
2022-11-08,3817.02001953125,3859.39990234375,3786.280029296875,3828.110107421875,4607640000,25.540000915527344,4.14,4.67,0.005597892802462701,1.1900005340576172,0.04887065771724597,-0.5300000000000002
2022-11-09,3810.93994140625,3818.199951171875,3744.219970703125,3748.570068359375,4645010000,26.09000015258789,4.12,4.61,-0.02077788695478977,0.5499992370605469,0.021534816654065425,-0.4900000000000002
2022-11-10,3859.889892578125,3958.330078125,3859.889892578125,3956.3701171875,5781260000,23.530000686645508,3.82,4.34,0.05543448436034493,-2.559999465942383,-0.09812186473630413,-0.52
2022-11-11,3963.719970703125,4001.47998046875,3944.820068359375,3992.929931640625,5593310000,22.520000457763672,3.82,4.34,0.009240746788147902,-1.010000228881836,-0.04292393537646866,-0.52
2022-11-14,3977.969970703125,4008.969970703125,3956.39990234375,3957.25,4561930000,23.729999542236328,3.88,4.4,-0.008935777048800997,1.2099990844726562,0.05372997601585361,-0.5200000000000005
2022-11-15,4006.409912109375,4028.840087890625,3953.169921875,3991.72998046875,5015310000,24.540000915527344,3.8,4.37,0.008713116550319144,0.8100013732910156,0.03413406611531178,-0.5700000000000003
2022-11-16,3976.820068359375,3983.090087890625,3954.340087890625,3958.7900390625,4165320000,24.11000061035156,3.67,4.35,-0.008252046497990273,-0.4300003051757848,-0.017522424170070328,-0.6799999999999997
2022-11-17,3919.260009765625,3954.330078125,3906.5400390625,3946.56005859375,4051780000,23.93000030517578,3.77,4.43,-0.0030893228355314273,-0.1800003051757777,-0.007465794301908635,-0.6599999999999997
2022-11-18,3966.389892578125,3979.889892578125,3935.97998046875,3965.340087890625,4037360000,23.1200008392334,3.82,4.51,0.00475858190881473,-0.8099994659423828,-0.03384870270006601,-0.69
2022-11-21,3956.22998046875,3962.0,3933.340087890625,3949.93994140625,3850690000,22.36000061035156,3.83,4.48,-0.003883688698329779,-0.7600002288818395,-0.03287198102485189,-0.6500000000000004
2022-11-22,3965.510009765625,4005.8798828125,3956.8798828125,4003.580078125,3887990000,21.290000915527344,3.76,4.47,0.013579987927526016,-1.0699996948242152,-0.04785329452669418,-0.71
2022-11-23,4000.300048828125,4033.780029296875,3998.659912109375,4027.260009765625,3279720000,20.350000381469727,3.71,4.46,0.0059146891478476515,-0.9400005340576172,-0.04415220731024261,-0.75
2022-11-25,4023.340087890625,4034.02001953125,4020.760009765625,4026.1201171875,1706460000,20.5,3.68,4.42,-0.0002830441976333642,0.14999961853027344,0.007370988487393815,-0.7399999999999998
2022-11-28,4005.360107421875,4012.27001953125,3955.77001953125,3963.93994140625,3615430000,22.209999084472656,3.69,4.46,-0.015444192913123267,1.7099990844726562,0.08341458948647107,-0.77
2022-11-29,3964.18994140625,3976.77001953125,3937.64990234375,3957.6298828125,3546040000,21.88999938964844,3.75,4.48,-0.0015918653377758885,-0.3199996948242152,-0.014407911211843816,-0.7300000000000004
2022-11-30,3957.179931640625,4080.110107421875,3938.580078125,4080.110107421875,6579360000,20.57999992370605,3.68,4.38,0.030947872397389053,-1.30999946594239,-0.05984465520642612,-0.6999999999999997
2022-12-01,4087.139892578125,4100.509765625,4050.8701171875,4076.570068359375,4527130000,19.84000015258789,3.53,4.25,-0.0008676332180498347,-0.7399997711181605,-0.03595722905060639,-0.7200000000000002
2022-12-02,4040.169921875,4080.47998046875,4026.6298828125,4071.699951171875,4012620000,19.059999465942383,3.51,4.28,-0.001194660488065602,-0.7800006866455078,-0.039314550435815665,-0.7700000000000005
2022-12-05,4052.02001953125,4052.449951171875,3984.489990234375,3998.840087890625,4280820000,20.75,3.6,4.41,-0.017894212283564803,1.6900005340576172,0.08866739671621793,-0.81
2022-12-06,3996.6298828125,4001.510009765625,3918.389892578125,3941.260009765625,4368380000,22.170000076293945,3.51,4.34,-0.014399194981406072,1.4200000762939453,0.06843373861657565,-0.8300000000000001
2022-12-07,3933.280029296875,3957.570068359375,3922.679931640625,3933.919921875,4118050000,22.68000030517578,3.42,4.26,-0.0018623708845491027,0.5100002288818359,0.02300406978469849,-0.8399999999999999
2022-12-08,3947.7900390625,3974.18994140625,3935.830078125,3963.510009765625,4006900000,22.290000915527344,3.48,4.31,0.00752178195750397,-0.3899993896484375,-0.017195740052941555,-0.8299999999999996
2022-12-09,3954.169921875,3977.02001953125,3933.0400390625,3934.3798828125,3888260000,22.82999992370605,3.57,4.33,-0.007349578247904498,0.5399990081787074,0.024226064872098885,-0.7600000000000002
2022-12-12,3939.2900390625,3990.7099609375,3935.300048828125,3990.56005859375,3904130000,25.0,3.61,4.39,0.014279296218109305,2.170000076293949,0.09505037597659727,-0.7799999999999998
2022-12-13,4069.3798828125,4100.9599609375,3993.030029296875,4019.64990234375,5079360000,22.549999237060547,3.51,4.22,0.0072896644387934195,-2.450000762939453,-0.09800003051757811,-0.71
2022-12-14,4015.5400390625,4053.760009765625,3965.64990234375,3995.320068359375,4472340000,21.13999938964844,3.49,4.23,-0.006052724634100337,-1.4099998474121058,-0.06252771153512038,-0.7400000000000002
2022-12-15,3958.3701171875,3958.3701171875,3879.449951171875,3895.75,4493900000,22.82999992370605,3.44,4.23,-0.024921675023714007,1.69000053405761,0.07994326314338251,-0.7900000000000005
2022-12-16,3890.909912109375,3890.909912109375,3827.909912109375,3852.360107421875,7493660000,22.6200008392334,3.48,4.17,-0.011137750774080746,-0.2099990844726527,-0.00919838305626075,-0.69
2022-12-19,3853.7900390625,3854.860107421875,3800.0400390625,3817.659912109375,3969610000,22.420000076293945,3.57,4.25,-0.009007516001852345,-0.20000076293945312,-0.008841766380156879,-0.6800000000000002
2022-12-20,3810.469970703125,3838.239990234375,3795.6201171875,3821.6201171875,3985370000,21.479999542236328,3.69,4.25,0.0010373383615349674,-0.9400005340576172,-0.041926874703784645,-0.56
2022-12-21,3839.489990234375,3889.820068359375,3839.489990234375,3878.43994140625,3775200000,20.06999969482422,3.68,4.21,0.014867993802734736,-1.4099998474121094,-0.06564245239575606,-0.5299999999999998
2022-12-22,3853.260009765625,3853.260009765625,3764.489990234375,3822.389892578125,3956950000,21.96999931335449,3.67,4.24,-0.01445169956861636,1.8999996185302699,0.09466864212360959,-0.5700000000000003
2022-12-23,3815.110107421875,3845.800048828125,3797.010009765625,3844.820068359375,2819280000,20.8700008392334,3.75,4.31,0.005868102525282026,-1.0999984741210902,-0.05006820703232584,-0.5599999999999996
2022-12-27,3843.340087890625,3846.64990234375,3813.219970703125,3829.25,3030300000,21.649999618530277,3.84,4.32,-0.004049622110409712,0.7799987792968786,0.03737416137667626,-0.4800000000000004
2022-12-28,3829.56005859375,3848.320068359375,3780.780029296875,3783.219970703125,3083520000,22.13999938964844,3.88,4.31,-0.012020638322615351,0.48999977111816406,0.02263278428415183,-0.4299999999999997
2022-12-29,3805.449951171875,3858.18994140625,3805.449951171875,3849.280029296875,3003680000,21.440000534057617,3.83,4.34,0.01746133164481911,-0.6999988555908239,-0.03161693201844029,-0.5099999999999998
2022-12-30,3829.06005859375,3839.85009765625,3800.340087890625,3839.5,2979870000,21.670000076293945,3.88,4.41,-0.0025407424823445934,0.22999954223632812,0.010727590322163083,-0.5300000000000002
2023-01-03,3853.2900390625,3878.4599609375,3794.330078125,3824.139892578125,3959140000,22.899999618530277,3.79,4.4,-0.004000548879248611,1.2299995422363317,0.05676047706072218,-0.6100000000000003
2023-01-04,3840.360107421875,3873.159912109375,3815.77001953125,3852.969970703125,4414080000,22.01000022888184,3.69,4.36,0.007538970575044379,-0.8899993896484375,-0.03886460281546322,-0.6700000000000004
2023-01-05,3839.739990234375,3839.739990234375,3802.419921875,3808.10009765625,3893450000,22.459999084472656,3.71,4.45,-0.011645528874622113,0.44999885559081676,0.020445199950535287,-0.7400000000000002
2023-01-06,3823.3701171875,3906.18994140625,3809.56005859375,3895.080078125,3923560000,21.1299991607666,3.55,4.24,0.02284078102943865,-1.3299999237060547,-0.05921638370081361,-0.6900000000000004
2023-01-09,3910.820068359375,3950.570068359375,3890.419921875,3892.090087890625,4311770000,21.96999931335449,3.53,4.19,-0.0007676325452631305,0.8400001525878871,0.03975391320164223,-0.6600000000000006
2023-01-10,3888.570068359375,3919.830078125,3877.2900390625,3919.25,3851030000,20.57999992370605,3.61,4.24,0.006978233159061986,-1.3899993896484375,-0.06326806705012156,-0.6300000000000003
2023-01-11,3932.35009765625,3970.070068359375,3928.5400390625,3969.610107421875,4303360000,21.09000015258789,3.54,4.2,0.012849424614881588,0.5100002288818395,0.024781352321307404,-0.6600000000000001
2023-01-12,3977.570068359375,3997.760009765625,3937.56005859375,3983.169921875,4440260000,18.82999992370605,3.43,4.12,0.0034159058663651987,-2.2600002288818395,-0.1071598014476316,-0.69
2023-01-13,3960.60009765625,4003.949951171875,3947.669921875,3999.090087890625,3939700000,18.350000381469727,3.49,4.22,0.003996858363534361,-0.4799995422363246,-0.025491213180092953,-0.7299999999999995
2023-01-17,3999.280029296875,4015.389892578125,3984.570068359375,3990.969970703125,4235560000,19.36000061035156,3.53,4.18,-0.0020304911890052235,1.0100002288818324,0.05504088326350964,-0.6499999999999999
2023-01-18,4002.25,4014.159912109375,3926.590087890625,3928.860107421875,4298710000,20.34000015258789,3.37,4.06,-0.015562598500411085,0.9799995422363317,0.050619809470064725,-0.6899999999999995
2023-01-19,3911.840087890625,3922.93994140625,3885.5400390625,3898.85009765625,3991500000,20.520000457763672,3.39,4.09,-0.007638350296294338,0.18000030517578125,0.008849572459461275,-0.6999999999999997
2023-01-20,3909.0400390625,3972.9599609375,3897.860107421875,3972.610107421875,4013360000,19.850000381469727,3.48,4.14,0.018918401045981525,-0.6700000762939453,-0.03265107511439913,-0.6599999999999997
2023-01-23,3978.139892578125,4039.31005859375,3971.639892578125,4019.81005859375,3945210000,19.809999465942383,3.52,4.21,0.01188134498366522,-0.04000091552734375,-0.0020151594336836887,-0.69
2023-01-24,4001.739990234375,4023.919921875,3989.7900390625,4016.949951171875,3320430000,19.200000762939453,3.46,4.12,-0.0007115031258156934,-0.6099987030029297,-0.030792464384042373,-0.6600000000000001
2023-01-25,3982.7099609375,4019.550048828125,3949.06005859375,4016.219970703125,3724020000,19.07999992370605,3.46,4.11,-0.0001817250594663422,-0.12000083923340199,-0.006250043461718646,-0.6500000000000004
2023-01-26,4036.080078125,4061.570068359375,4013.2900390625,4060.429931640625,3809590000,18.729999542236328,3.49,4.17,0.011007853469181317,-0.350000381469723,-0.01834383558014918,-0.6799999999999997
2023-01-27,4053.719970703125,4094.2099609375,4048.699951171875,4070.56005859375,3907760000,18.51000022888184,3.52,4.19,0.002494840970949097,-0.21999931335448863,-0.01174582587994133,-0.6700000000000004
2023-01-30,4049.27001953125,4063.85009765625,4015.550048828125,4017.77001953125,3802000000,19.940000534057617,3.55,4.25,-0.012968740984683369,1.4300003051757777,0.07725555307905907,-0.7000000000000002
2023-01-31,4020.85009765625,4077.159912109375,4020.43994140625,4076.60009765625,4679320000,19.399999618530277,3.52,4.21,0.014642470285510134,-0.5400009155273402,-0.02708128891997852,-0.69
2023-02-01,4070.070068359375,4148.9501953125,4037.199951171875,4119.2099609375,4856930000,17.8700008392334,3.39,4.09,0.010452303944590291,-1.5299987792968786,-0.07886591800937315,-0.6999999999999997
2023-02-02,4158.68017578125,4195.43994140625,4141.8798828125,4179.759765625,5624360000,18.729999542236328,3.4,4.09,0.014699373244309921,0.8599987030029297,0.04812527490848306,-0.69
2023-02-03,4136.68994140625,4182.35986328125,4123.35986328125,4136.47998046875,4694510000,18.32999992370605,3.53,4.3,-0.010354610691310495,-0.399999618530277,-0.02135609334256916,-0.77
2023-02-06,4119.56982421875,4124.6298828125,4093.3798828125,4111.080078125,4114240000,19.43000030517578,3.63,4.44,-0.006140463017754394,1.1000003814697301,0.06001093213574471,-0.8100000000000005
2023-02-07,4105.35009765625,4176.5400390625,4088.389892578125,4164.0,4355860000,18.65999984741211,3.67,4.47,0.01287251059802652,-0.7700004577636719,-0.039629461949033495,-0.7999999999999998
2023-02-08,4153.47021484375,4156.85009765625,4111.669921875,4117.85986328125,4029820000,19.6299991607666,3.63,4.45,-0.011080724476164705,0.9699993133544922,0.05198281464557564,-0.8200000000000003
2023-02-09,4144.25,4156.22998046875,4069.669921875,4081.5,4270200000,20.709999084472656,3.67,4.48,-0.00882979617773516,1.0799999237060547,0.055017828317822426,-0.8100000000000005
2023-02-10,4068.919921875,4094.360107421875,4060.7900390625,4090.4599609375,3891520000,20.530000686645508,3.74,4.5,0.0021952617756952897,-0.17999839782714844,-0.008691376426090858,-0.7599999999999998
2023-02-13,4096.6201171875,4138.89990234375,4092.669921875,4137.2900390625,3448620000,20.34000015258789,3.72,4.52,0.011448609342766147,-0.1900005340576172,-0.009254774851576553,-0.7999999999999994
2023-02-14,4126.7001953125,4159.77001953125,4095.010009765625,4136.1298828125,3929200000,18.90999984741211,3.77,4.6,-0.0002804145319874607,-1.4300003051757812,-0.07030483256873721,-0.8299999999999996
2023-02-15,4119.5,4148.10986328125,4103.97998046875,4147.60009765625,4075980000,18.229999542236328,3.81,4.62,0.002773175690496066,-0.6800003051757812,-0.03595982605303094,-0.81
2023-02-16,4114.75,4136.5400390625,4089.489990234375,4090.409912109375,4143660000,20.170000076293945,3.86,4.62,-0.013788741489130674,1.9400005340576172,0.10641802428809233,-0.7600000000000002
2023-02-17,4077.389892578125,4081.510009765625,4047.949951171875,4079.090087890625,4045480000,20.020000457763672,3.82,4.6,-0.002767405825327751,-0.14999961853027344,-0.007436768367024893,-0.7799999999999998
2023-02-21,4052.35009765625,4052.35009765625,3995.18994140625,3997.340087890625,4121590000,22.8700008392334,3.95,4.67,-0.020041234255327334,2.8500003814697266,0.14235765815702117,-0.7199999999999998
2023-02-22,4001.830078125,4017.3701171875,3976.89990234375,3991.050048828125,4079320000,22.290000915527344,3.93,4.66,-0.0015735561458868341,-0.5799999237060547,-0.025360730320178493,-0.73
2023-02-23,4018.60009765625,4028.300048828125,3969.18994140625,4012.320068359375,3952940000,21.13999938964844,3.88,4.66,0.005329429416074394,-1.1500015258789027,-0.05159270877722599,-0.7800000000000002
2023-02-24,3973.239990234375,3978.25,3943.080078125,3970.0400390625,3877700000,21.670000076293945,3.95,4.78,-0.010537551485558128,0.5300006866455043,0.025070988739244182,-0.8300000000000001
2023-02-27,3992.360107421875,4018.050048828125,3973.550048828125,3982.239990234375,3836950000,20.950000762939453,3.92,4.78,0.0030730045671669703,-0.7199993133544922,-0.03322562578770549,-0.8600000000000003
2023-02-28,3977.18994140625,3997.5,3968.97998046875,3970.14990234375,5043400000,20.700000762939453,3.92,4.81,-0.0030360018281855305,-0.25,-0.011933173789771434,-0.8899999999999997
2023-03-01,3963.340087890625,3971.72998046875,3939.050048828125,3951.389892578125,4249480000,20.57999992370605,4.01,4.89,-0.004725264845680033,-0.12000083923340199,-0.0057971417782866075,-0.8799999999999999
2023-03-02,3938.679931640625,3990.840087890625,3928.159912109375,3981.35009765625,4244900000,19.59000015258789,4.08,4.89,0.0075821940867943916,-0.9899997711181605,-0.0481049453249891,-0.8099999999999996
2023-03-03,3998.02001953125,4048.2900390625,3995.169921875,4045.639892578125,4084730000,18.489999771118164,3.97,4.86,0.0161477371607488,-1.1000003814697266,-0.05615111653403504,-0.8900000000000001
2023-03-06,4055.14990234375,4078.489990234375,4044.610107421875,4048.419921875,4000870000,18.61000061035156,3.98,4.89,0.0006871667698291617,0.12000083923339488,0.006490040060511015,-0.9099999999999997
2023-03-07,4048.260009765625,4050.0,3980.31005859375,3986.3701171875,3922500000,19.59000015258789,3.97,5.0,-0.015326919115337678,0.9799995422363317,0.05265983396535834,-1.0299999999999998
2023-03-08,3987.550048828125,4000.409912109375,3969.760009765625,3992.010009765625,3535570000,19.11000061035156,3.98,5.05,0.0014147940136839399,-0.4799995422363317,-0.024502273532291063,-1.0699999999999998
2023-03-09,3998.659912109375,4017.81005859375,3908.699951171875,3918.320068359375,4445260000,22.61000061035156,3.93,4.9,-0.01845935787384867,3.5,0.18315017730057592,-0.9700000000000002
2023-03-10,3912.77001953125,3934.050048828125,3846.320068359375,3861.590087890625,5518190000,24.799999237060547,3.7,4.6,-0.01447813845705137,2.189998626708988,0.09685973319727981,-0.8999999999999995
2023-03-13,3835.1201171875,3905.050048828125,3808.860107421875,3855.760009765625,6558020000,26.520000457763672,3.55,4.03,-0.001509761003189447,1.720001220703125,0.06935489006518969,-0.4800000000000004
2023-03-14,3894.010009765625,3937.2900390625,3873.6298828125,3919.2900390625,5665870000,23.729999542236328,3.64,4.2,0.016476655480623936,-2.7900009155273438,-0.10520365261572151,-0.56
2023-03-15,3876.739990234375,3894.260009765625,3838.239990234375,3891.929931640625,6594010000,26.13999938964844,3.51,3.93,-0.00698088356543769,2.409999847412113,0.10155920328285828,-0.4200000000000004
2023-03-16,3878.929931640625,3964.4599609375,3864.110107421875,3960.280029296875,5695790000,22.989999771118164,3.56,4.14,0.017562006217166637,-3.149999618530277,-0.12050496144149458,-0.5799999999999996
2023-03-17,3958.68994140625,3958.909912109375,3901.27001953125,3916.639892578125,9354280000,25.51000022888184,3.39,3.81,-0.011019457310067593,2.5200004577636754,0.10961289616581449,-0.41999999999999993
2023-03-20,3917.469970703125,3956.6201171875,3916.889892578125,3951.570068359375,5347140000,24.149999618530277,3.47,3.92,0.008918403718310097,-1.3600006103515625,-0.05331244994705253,-0.44999999999999973
2023-03-21,3975.889892578125,4009.080078125,3971.18994140625,4002.8701171875,4920240000,21.3799991607666,3.59,4.17,0.012982193897784988,-2.7700004577636754,-0.11469981372746096,-0.5800000000000001
2023-03-22,4002.0400390625,4039.489990234375,3936.169921875,3936.969970703125,4533010000,22.26000022888184,3.48,3.96,-0.01646322377571363,0.8800010681152379,0.041160014156131686,-0.48
2023-03-23,3959.2099609375,4007.659912109375,3919.050048828125,3948.719970703125,4991600000,22.61000061035156,3.38,3.76,0.0029845287333754023,0.35000038146971946,0.01572328741558593,-0.3799999999999999
2023-03-24,3939.2099609375,3972.739990234375,3909.159912109375,3970.989990234375,4583970000,21.739999771118164,3.38,3.76,0.005639807253104534,-0.8700008392333949,-0.038478585393539544,-0.3799999999999999
2023-03-27,3982.929931640625,4003.830078125,3970.489990234375,3977.530029296875,4233540000,20.600000381469727,3.53,3.94,0.0016469543057482383,-1.1399993896484375,-0.052437874960925224,-0.41000000000000014
2023-03-28,3974.1298828125,3979.199951171875,3951.530029296875,3971.27001953125,4014600000,19.96999931335449,3.55,4.02,-0.0015738434957162095,-0.6300010681152379,-0.030582575555772373,-0.46999999999999975
2023-03-29,3999.530029296875,4030.590087890625,3999.530029296875,4027.81005859375,4145250000,19.1200008392334,3.57,4.08,0.014237268879836451,-0.8499984741210902,-0.042563770823600966,-0.5100000000000002
2023-03-30,4046.739990234375,4057.85009765625,4032.10009765625,4050.830078125,3930860000,19.020000457763672,3.55,4.1,0.005715269388667954,-0.10000038146972656,-0.005230145244791484,-0.5499999999999998
2023-03-31,4056.179931640625,4110.75,4056.179931640625,4109.31005859375,4525120000,18.700000762939453,3.48,4.06,0.014436542471763847,-0.31999969482421875,-0.01682437892337696,-0.5799999999999996
2023-04-03,4102.2001953125,4127.66015625,4098.7900390625,4124.509765625,4234700000,18.549999237060547,3.43,3.97,0.0036988464765423945,-0.15000152587890625,-0.008021471644866773,-0.54
2023-04-04,4128.02978515625,4133.1298828125,4086.8701171875,4100.60009765625,4227800000,19.0,3.35,3.84,-0.005796972083329965,0.4500007629394531,0.02425880223436394,-0.48999999999999977
2023-04-05,4094.5,4099.68994140625,4072.56005859375,4090.3798828125,3968020000,19.07999992370605,3.3,3.79,-0.002492370531228194,0.07999992370605113,0.004210522300318376,-0.4900000000000002
2023-04-06,4081.14990234375,4107.31982421875,4069.840087890625,4105.02001953125,3486690000,18.399999618530277,3.3,3.82,0.0035791630944272956,-0.6800003051757741,-0.035639429134949996,-0.52
2023-04-10,4085.199951171875,4109.5,4072.550048828125,4109.10986328125,3423650000,18.96999931335449,3.41,4.0,0.0009963029974375814,0.5699996948242116,0.030978244926167076,-0.5899999999999999
2023-04-11,4110.2900390625,4124.259765625,4102.60986328125,4108.93994140625,3665830000,19.100000381469727,3.43,4.03,-4.1352477946232646e-05,0.13000106811523793,0.0068529822256619966,-0.6000000000000001
2023-04-12,4121.72021484375,4134.3701171875,4086.93994140625,4091.949951171875,3633120000,19.09000015258789,3.41,3.95,-0.004134884052006904,-0.010000228881835938,-0.000523572182309362,-0.54
2023-04-13,4100.0400390625,4150.259765625,4099.39990234375,4146.22021484375,3596590000,17.799999237060547,3.45,3.96,0.01326268999363811,-1.2900009155273438,-0.06757469383008197,-0.5099999999999998
2023-04-14,4140.10986328125,4163.18994140625,4113.2001953125,4137.64013671875,3575690000,17.06999969482422,3.52,4.08,-0.0020693734728036706,-0.7299995422363281,-0.04101121199580893,-0.56
2023-04-17,4137.169921875,4151.72021484375,4123.18017578125,4151.31982421875,3611180000,16.950000762939453,3.6,4.18,0.00330615690296554,-0.11999893188476562,-0.007029814530175482,-0.5799999999999996
2023-04-18,4164.259765625,4169.47998046875,4140.35986328125,4154.8701171875,3536640000,16.829999923706055,3.58,4.19,0.0008552202959737354,-0.12000083923339844,-0.007079695211328563,-0.6100000000000003
2023-04-19,4139.330078125,4162.56982421875,4134.490234375,4154.52001953125,3572560000,16.459999084472656,3.6,4.24,-8.42619976980652e-05,-0.37000083923339844,-0.02198460136130065,-0.6400000000000001
2023-04-20,4130.47998046875,4148.56982421875,4114.56982421875,4129.7900390625,3772080000,17.170000076293945,3.54,4.14,-0.00595254815297297,0.7100009918212891,0.043134935073663616,-0.5999999999999996
2023-04-21,4132.14013671875,4138.02001953125,4113.85986328125,4133.52001953125,3611750000,16.770000457763672,3.57,4.17,0.0009031888869577287,-0.39999961853027344,-0.023296424971048224,-0.6000000000000001
2023-04-24,4132.06982421875,4142.41015625,4117.77001953125,4137.0400390625,3290940000,16.889999389648438,3.52,4.12,0.0008515791660903549,0.11999893188476562,0.0071555711752655515,-0.6000000000000001
2023-04-25,4126.43017578125,4126.43017578125,4071.3798828125,4071.6298828125,3978640000,18.76000022888184,3.4,3.86,-0.015810858882773227,1.870000839233402,0.11071645392595397,-0.45999999999999996
2023-04-26,4087.780029296875,4089.669921875,4049.35009765625,4055.989990234375,3837030000,18.84000015258789,3.43,3.9,-0.003841187197329843,0.07999992370605113,0.004264388205224456,-0.46999999999999975
2023-04-27,4075.2900390625,4138.240234375,4075.2900390625,4135.35009765625,3750550000,17.030000686645508,3.53,4.07,0.01956614972249704,-1.8099994659423828,-0.09607215771140842,-0.5400000000000005
2023-04-28,4129.6298828125,4170.06005859375,4127.18017578125,4169.47998046875,4087800000,15.779999732971191,3.44,4.04,0.008253202753460531,-1.2500009536743164,-0.07339993560038638,-0.6000000000000001
2023-05-01,4166.7900390625,4186.919921875,4164.1201171875,4167.8701171875,3321370000,16.079999923706055,3.59,4.14,-0.0003861064902076494,0.3000001907348633,0.01901141925294425,-0.5499999999999998
2023-05-02,4164.10009765625,4164.10009765625,4089.719970703125,4119.580078125,4486130000,17.780000686645508,3.44,3.97,-0.011586262936400304,1.7000007629394531,0.10572144098292036,-0.5300000000000002
2023-05-03,4122.25,4148.2998046875,4088.860107421875,4090.75,4246510000,18.34000015258789,3.38,3.89,-0.006998305064656485,0.5599994659423828,0.031496031738794894,-0.5100000000000002
2023-05-04,4082.550048828125,4082.610107421875,4048.280029296875,4061.219970703125,4920090000,20.09000015258789,3.37,3.75,-0.007218732334382416,1.75,0.09541984653435587,-0.3799999999999999
2023-05-05,4084.72998046875,4147.02001953125,4084.72998046875,4136.25,4186270000,17.190000534057617,3.44,3.92,0.018474751389515376,-2.8999996185302734,-0.14435040301165503,-0.48
2023-05-08,4136.97998046875,4142.2998046875,4123.81005859375,4138.1201171875,3641640000,16.979999542236328,3.52,4.0,0.0004521286642489297,-0.21000099182128906,-0.01221646220459538,-0.48
2023-05-09,4124.25,4130.35009765625,4116.64990234375,4119.169921875,3810140000,17.709999084472656,3.53,4.01,-0.004579421277258522,0.7299995422363281,0.042991729205911655,-0.48
2023-05-10,4143.740234375,4154.27978515625,4098.919921875,4137.64013671875,4057160000,16.940000534057617,3.43,3.9,0.004483965263404999,-0.7699985504150391,-0.0434781812659798,-0.46999999999999975
2023-05-11,4132.240234375,4132.7998046875,4109.2900390625,4130.6201171875,3752900000,16.93000030517578,3.39,3.89,-0.0016966239932159066,-0.010000228881835938,-0.0005903322648502796,-0.5
2023-05-12,4138.5400390625,4143.740234375,4099.1201171875,4124.080078125,3533740000,17.030000686645508,3.46,3.98,-0.0015833068345566526,0.10000038146972656,0.005906696967935332,-0.52
2023-05-15,4126.64990234375,4141.25,4110.27001953125,4136.27978515625,3562170000,17.1200008392334,3.5,3.99,0.0029581644391338813,0.09000015258789062,0.005284800291198266,-0.4900000000000002
2023-05-16,4127.9501953125,4135.5400390625,4109.85986328125,4109.89990234375,3654200000,17.989999771118164,3.54,4.06,-0.006377683373153031,0.8699989318847656,0.050817692128321434,-0.5199999999999996
2023-05-17,4122.85009765625,4164.669921875,4113.6201171875,4158.77001953125,4039080000,16.8700008392334,3.57,4.12,0.011890829058788244,-1.1199989318847656,-0.062256750757876844,-0.5500000000000003
2023-05-18,4157.68017578125,4202.2001953125,4153.5,4198.0498046875,3980500000,16.049999237060547,3.65,4.24,0.009445048649426635,-0.8200016021728516,-0.04860708721874096,-0.5900000000000003
2023-05-19,4204.14990234375,4212.91015625,4180.2001953125,4191.97998046875,4041900000,16.809999465942383,3.7,4.28,-0.0014458676054706077,0.7600002288818359,0.0473520414335562,-0.5800000000000001
2023-05-22,4190.77978515625,4209.22021484375,4179.68017578125,4192.6298828125,3728520000,17.209999084472656,3.72,4.29,0.0001550346964389604,0.39999961853027344,0.02379533796777844,-0.5699999999999998
2023-05-23,4176.7998046875,4185.68017578125,4142.5400390625,4145.580078125,4155320000,18.530000686645508,3.7,4.26,-0.011222026747550129,1.3200016021728516,0.07669969043541625,-0.5599999999999996
2023-05-24,4132.9599609375,4132.9599609375,4103.97998046875,4115.240234375,0,20.030000686645508,3.73,4.31,-0.007318600335353365,1.5,0.0809498081174409,-0.5799999999999996
2023-05-25,4155.7099609375,4165.740234375,4129.72998046875,4151.27978515625,4147760000,19.13999938964844,3.83,4.5,0.008757581265902425,-0.8900012969970668,-0.0444334132045463,-0.6699999999999999
2023-05-26,4156.16015625,4212.8701171875,4156.16015625,4205.4501953125,3715460000,17.950000762939453,3.8,4.54,0.01304908677799732,-1.189998626708988,-0.06217338895802571,-0.7400000000000002
2023-05-30,4226.7099609375,4231.10009765625,4192.18017578125,4205.52001953125,4228510000,17.459999084472656,3.69,4.46,1.660326849850513e-05,-0.4900016784667969,-0.027298142486906207,-0.77
2023-05-31,4190.740234375,4195.43994140625,4166.14990234375,4179.830078125,5980670000,17.940000534057617,3.64,4.4,-0.006108624209833935,0.48000144958496094,0.02749149339943724,-0.7600000000000002
2023-06-01,4183.02978515625,4232.43017578125,4171.64013671875,4221.02001953125,4391860000,15.649999618530272,3.61,4.33,0.009854453563032717,-2.2900009155273455,-0.1276477618370171,-0.7200000000000002
2023-06-02,4241.009765625,4290.669921875,4241.009765625,4282.3701171875,4454200000,14.600000381469728,3.69,4.5,0.014534424705965554,-1.0499992370605433,-0.06709260464244993,-0.81
2023-06-05,4282.990234375,4299.27978515625,4266.81982421875,4273.7900390625,3813290000,14.729999542236328,3.69,4.46,-0.0020035816359177394,0.1299991607665998,0.008904051874655705,-0.77
2023-06-06,4271.33984375,4288.330078125,4263.08984375,4283.85009765625,3996560000,13.960000038146973,3.7,4.51,0.0023538963079141606,-0.7699995040893555,-0.05227423815469123,-0.8099999999999996
2023-06-07,4285.47021484375,4299.18994140625,4263.9599609375,4267.52001953125,4537800000,13.9399995803833,3.79,4.56,-0.0038120096998572883,-0.020000457763671875,-0.0014326975436259604,-0.7699999999999996
2023-06-08,4268.68994140625,4298.009765625,4261.06982421875,4293.93017578125,3826740000,13.649999618530272,3.73,4.52,0.0061886426142414575,-0.2899999618530291,-0.020803441218256835,-0.7899999999999996
2023-06-09,4304.8798828125,4322.6201171875,4291.7001953125,4298.85986328125,3786510000,13.829999923706056,3.75,4.59,0.001148059539441082,0.1800003051757848,0.013186835912539552,-0.8399999999999999
2023-06-12,4308.31982421875,4340.1298828125,4304.3701171875,4338.93017578125,3945670000,15.010000228881836,3.73,4.55,0.009321148810237156,1.1800003051757795,0.08532178681744873,-0.8199999999999998
2023-06-13,4352.60986328125,4375.3701171875,4349.31005859375,4369.009765625,4275400000,14.609999656677246,3.84,4.67,0.006932489951473775,-0.40000057220458984,-0.02664893844804339,-0.8300000000000001
2023-06-14,4366.2900390625,4391.81982421875,4337.85009765625,4372.58984375,4252110000,13.880000114440918,3.83,4.74,0.0008194255259321714,-0.7299995422363281,-0.0499657467070983,-0.9100000000000001
2023-06-15,4365.330078125,4439.2001953125,4362.60009765625,4425.83984375,4176690000,14.5,3.72,4.62,0.01217813742034668,0.619999885559082,0.044668579282937326,-0.8999999999999999
2023-06-16,4440.9501953125,4448.47021484375,4407.43994140625,4409.58984375,6848600000,13.539999961853027,3.77,4.7,-0.0036716195284263176,-0.9600000381469727,-0.06620689918254985,-0.9300000000000002
2023-06-20,4396.10986328125,4400.14990234375,4367.18994140625,4388.7099609375,4055790000,13.880000114440918,3.74,4.68,-0.0047351076976228645,0.3400001525878906,0.025110794205745357,-0.9399999999999995
2023-06-21,4380.009765625,4386.22021484375,4360.14013671875,4365.68994140625,3709330000,13.199999809265137,3.72,4.68,-0.005245281583003636,-0.6800003051757812,-0.048991376049651536,-0.9599999999999995
2023-06-22,4355.39990234375,4382.25,4351.81982421875,4381.89013671875,3511000000,12.90999984741211,3.8,4.77,0.003710798414438443,-0.28999996185302734,-0.02196969439722829,-0.9699999999999998
2023-06-23,4354.169921875,4366.5498046875,4341.33984375,4348.330078125,6053620000,13.4399995803833,3.74,4.71,-0.007658808766684566,0.5299997329711914,0.041053426741707755,-0.9699999999999998
2023-06-26,4344.83984375,4362.06005859375,4328.080078125,4328.81982421875,3415030000,14.25,3.72,4.65,-0.004486838293256468,0.8100004196166992,0.06026789024599055,-0.9300000000000002
2023-06-27,4337.35986328125,4384.419921875,4335.0,4378.41015625,3573500000,13.739999771118164,3.77,4.74,0.011455854954693034,-0.5100002288818359,-0.03578948974609375,-0.9700000000000002
2023-06-28,4367.47998046875,4390.35009765625,4360.22021484375,4376.85986328125,3739330000,13.43000030517578,3.71,4.71,-0.00035407668843834283,-0.3099994659423846,-0.022561824680231157,-1.0
2023-06-29,4374.93994140625,4398.39013671875,4371.97021484375,4396.43994140625,3696660000,13.539999961853027,3.85,4.87,0.004473544672805918,0.10999965667724787,0.008190592269372798,-1.02
2023-06-30,4422.43994140625,4458.47998046875,4422.43994140625,4450.3798828125,3923450000,13.59000015258789,3.81,4.87,0.012269004495714109,0.05000019073486328,0.00369277628328879,-1.06
2023-07-03,4450.47998046875,4456.4599609375,4442.2900390625,4455.58984375,2034280000,13.56999969482422,3.86,4.94,0.0011706778016009611,-0.0200004577636701,-0.001471704013179198,-1.0800000000000005
2023-07-05,4442.0400390625,4454.06005859375,4436.60986328125,4446.81982421875,3482620000,14.18000030517578,3.95,4.94,-0.0019683184132291975,0.610000610351559,0.0449521462100122,-0.9900000000000002
2023-07-06,4422.6201171875,4422.6201171875,4385.0498046875,4411.58984375,3682020000,15.4399995803833,4.05,4.99,-0.007922511336500904,1.2599992752075213,0.08885749281314292,-0.9400000000000004
2023-07-07,4404.5400390625,4440.39013671875,4397.39990234375,4398.9501953125,3630480000,14.829999923706056,4.06,4.94,-0.0028651005386203243,-0.6099996566772443,-0.03950775085850755,-0.8800000000000008
2023-07-10,4394.22998046875,4412.60009765625,4389.919921875,4409.52978515625,3429600000,15.06999969482422,4.01,4.85,0.002405026057131332,0.23999977111816406,0.01618339665224955,-0.8399999999999999
2023-07-11,4415.5498046875,4443.64013671875,4408.4599609375,4439.259765625,3624220000,14.84000015258789,3.99,4.88,0.0067422110558885695,-0.2299995422363299,-0.015262080085862495,-0.8899999999999997
2023-07-12,4467.68994140625,4488.33984375,4463.22998046875,4472.16015625,3920290000,13.539999961853027,3.86,4.72,0.007411233485312474,-1.3000001907348633,-0.0876010901191373,-0.8599999999999999
2023-07-13,4491.5,4517.3798828125,4489.35986328125,4510.0400390625,3839530000,13.609999656677246,3.76,4.59,0.008470153458069118,0.06999969482421875,0.005169844536294876,-0.8300000000000001
2023-07-14,4514.60986328125,4527.759765625,4499.56005859375,4505.419921875,3647450000,13.34000015258789,3.83,4.74,-0.0010244071333035398,-0.26999950408935547,-0.019838318214570272,-0.9100000000000001
2023-07-17,4508.85986328125,4532.85009765625,4504.89990234375,4522.7900390625,3538240000,13.479999542236328,3.81,4.74,0.0038553825145495324,0.1399993896484375,0.010494706750155292,-0.9300000000000002
2023-07-18,4521.77978515625,4562.2998046875,4514.58984375,4554.97998046875,4090010000,13.300000190734863,3.8,4.74,0.007117275205842377,-0.17999935150146484,-0.013353068072256224,-0.9400000000000004
2023-07-19,4563.8701171875,4578.43017578125,4557.47998046875,4565.72021484375,4115670000,13.760000228881836,3.75,4.74,0.002357910335732072,0.46000003814697266,0.03458646853760361,-0.9900000000000002
2023-07-20,4554.3798828125,4564.740234375,4527.56005859375,4534.8701171875,3761770000,13.989999771118164,3.85,4.8,-0.006756896218903741,0.22999954223632812,0.016715082733324893,-0.9499999999999997
2023-07-21,4550.16015625,4555.0,4535.7900390625,4536.33984375,3570190000,13.600000381469728,3.84,4.82,0.0003240945218980773,-0.3899993896484357,-0.02787701186768954,-0.9800000000000004
2023-07-24,4543.39013671875,4563.41015625,4541.2900390625,4554.64013671875,3856250000,13.90999984741211,3.86,4.81,0.004034153877153557,0.30999946594238104,0.022794077738759633,-0.9499999999999997
2023-07-25,4555.18994140625,4580.6201171875,4552.419921875,4567.4599609375,3812470000,13.859999656677246,3.91,4.85,0.002814673351556163,-0.05000019073486328,-0.003594550056315482,-0.9399999999999995
2023-07-26,4558.9599609375,4582.47021484375,4547.580078125,4566.75,3990290000,13.1899995803833,3.86,4.82,-0.00015543889679858758,-0.6700000762939453,-0.04834055504259438,-0.9600000000000004
2023-07-27,4598.259765625,4607.06982421875,4528.56005859375,4537.41015625,4553210000,14.40999984741211,4.01,4.91,-0.006424666064487883,1.2200002670288086,0.09249433706148413,-0.9000000000000004
2023-07-28,4565.75,4590.16015625,4564.009765625,4582.22998046875,3981010000,13.329999923706056,3.96,4.87,0.009877842794752345,-1.079999923706053,-0.07494794830966012,-0.9100000000000001
2023-07-31,4584.81982421875,4594.22021484375,4573.14013671875,4588.9599609375,4503600000,13.630000114440918,3.97,4.88,0.0014687129405193122,0.3000001907348615,0.022505640844104002,-0.9099999999999997
2023-08-01,4578.830078125,4584.6201171875,4567.52978515625,4576.72998046875,4042370000,13.93000030517578,4.05,4.92,-0.002665087639215691,0.3000001907348615,0.022010285268964314,-0.8700000000000001
2023-08-02,4550.93017578125,4550.93017578125,4505.75,4513.39013671875,4270710000,16.09000015258789,4.08,4.88,-0.013839541336347905,2.159999847412111,0.15506100503167608,-0.7999999999999998
2023-08-03,4494.27001953125,4519.490234375,4485.5400390625,4501.89013671875,4149120000,15.920000076293944,4.2,4.9,-0.0025479738404268204,-0.1700000762939471,-0.010565573317698473,-0.7000000000000002
2023-08-04,4513.9599609375,4540.33984375,4474.5498046875,4478.02978515625,4143310000,17.100000381469727,4.05,4.78,-0.005300074155050516,1.180000305175783,0.07412062182919787,-0.7300000000000004
2023-08-07,4491.580078125,4519.83984375,4491.14990234375,4518.43994140625,3493920000,15.770000457763672,4.09,4.76,0.00902409277936278,-1.3299999237060547,-0.07777777158106369,-0.6699999999999999
2023-08-08,4498.02978515625,4503.31005859375,4464.39013671875,4499.3798828125,3884910000,15.989999771118164,4.02,4.74,-0.004218283044793103,0.2199993133544922,0.013950495051900047,-0.7200000000000006
2023-08-09,4501.56982421875,4502.43994140625,4461.330078125,4467.7099609375,3803100000,15.960000038146973,4.0,4.79,-0.007038730380597102,-0.029999732971191406,-0.0018761559349974588,-0.79
2023-08-10,4487.16015625,4527.3701171875,4457.919921875,4468.830078125,4504370000,15.850000381469728,4.09,4.82,0.00025071394456976925,-0.10999965667724432,-0.006892209048516729,-0.7300000000000004
2023-08-11,4450.68994140625,4476.22998046875,4443.97998046875,4464.0498046875,3753290000,14.84000015258789,4.16,4.89,-0.0010696923700230787,-1.0100002288818377,-0.0637224103831967,-0.7299999999999995
2023-08-14,4458.1298828125,4490.330078125,4453.43994140625,4489.72021484375,3896410000,14.81999969482422,4.19,4.96,0.005750475751703066,-0.0200004577636701,-0.0013477397276294711,-0.7699999999999996
2023-08-15,4478.8701171875,4478.8701171875,4432.18994140625,4437.85986328125,3832250000,16.459999084472656,4.21,4.92,-0.011550909428841738,1.6399993896484357,0.11066122965044278,-0.71
2023-08-16,4433.7900390625,4449.9501953125,4403.5498046875,4404.330078125,3753910000,16.780000686645508,4.28,4.97,-0.007555395210577687,0.32000160217285156,0.019441167677507476,-0.6899999999999995
2023-08-17,4416.31982421875,4421.169921875,4364.830078125,4370.35986328125,3943700000,17.889999389648438,4.3,4.94,-0.007712913029036983,1.1099987030029297,0.06615009878315026,-0.6400000000000006
2023-08-18,4344.8798828125,4381.81982421875,4335.31005859375,4369.7099609375,3940400000,17.299999237060547,4.26,4.92,-0.00014870682600087726,-0.5900001525878906,-0.03297932770916012,-0.6600000000000001
2023-08-21,4380.27978515625,4407.5498046875,4360.2998046875,4399.77001953125,3726850000,17.1299991607666,4.34,4.97,0.006879188518795987,-0.1700000762939453,-0.009826594438788527,-0.6299999999999999
2023-08-22,4415.330078125,4418.58984375,4382.77001953125,4387.5498046875,3522760000,16.969999313354492,4.34,5.02,-0.002777466728829614,-0.15999984741210938,-0.009340330137234454,-0.6799999999999997
2023-08-23,4396.43994140625,4443.18017578125,4396.43994140625,4436.009765625,3837270000,15.979999542236328,4.19,4.95,0.011044879965972587,-0.9899997711181641,-0.058338232832990555,-0.7599999999999998
2023-08-24,4455.16015625,4458.2998046875,4375.5498046875,4376.31005859375,3723470000,17.200000762939453,4.23,4.98,-0.013457974663146133,1.220001220703125,0.07634551036616566,-0.75
2023-08-25,4389.3798828125,4418.4599609375,4356.2900390625,4405.7099609375,3296180000,15.68000030517578,4.25,5.03,0.006717966037625089,-1.5200004577636737,-0.0883721157175058,-0.7800000000000002
2023-08-28,4426.02978515625,4439.56005859375,4414.97998046875,4433.31005859375,2957230000,15.079999923706056,4.2,4.98,0.006264619755036449,-0.600000381469723,-0.03826532970612695,-0.7800000000000002
2023-08-29,4432.75,4500.14013671875,4431.68017578125,4497.6298828125,3354820000,14.449999809265137,4.12,4.87,0.01450830719454621,-0.6300001144409197,-0.04177719612919539,-0.75
2023-08-30,4500.33984375,4521.64990234375,4493.58984375,4514.8701171875,3064110000,13.880000114440918,4.12,4.9,0.003833182103508026,-0.5699996948242188,-0.03944634618325349,-0.7800000000000002
2023-08-31,4517.009765625,4532.259765625,4507.39013671875,4507.66015625,3946360000,13.56999969482422,4.09,4.85,-0.0015969365120942491,-0.31000041961669744,-0.02233432399573032,-0.7599999999999998
2023-09-01,4530.60009765625,4541.25,4501.35009765625,4515.77001953125,3246260000,13.09000015258789,4.18,4.87,0.0017991292600010311,-0.4799995422363299,-0.03537211149823449,-0.6900000000000004
2023-09-05,4510.06005859375,4514.2900390625,4496.009765625,4496.830078125,3526250000,14.010000228881836,4.27,4.94,-0.004194177587506065,0.9200000762939453,0.07028266352709411,-0.6700000000000008
2023-09-06,4490.35009765625,4490.35009765625,4442.3798828125,4465.47998046875,3418850000,14.449999809265137,4.3,5.01,-0.006971599351452862,0.4399995803833008,0.03140610800820931,-0.71
2023-09-07,4434.5498046875,4457.81005859375,4430.4599609375,4451.14013671875,3763760000,14.399999618530272,4.27,4.94,-0.0032112659361860363,-0.05000019073486506,-0.003460220857775087,-0.6700000000000008
2023-09-08,4451.2998046875,4473.52978515625,4448.3798828125,4457.490234375,3259290000,13.84000015258789,4.26,4.98,0.0014266227216406246,-0.559999465942381,-0.038888852831757026,-0.7200000000000006
2023-09-11,4480.97998046875,4490.77001953125,4467.89013671875,4487.4599609375,3369920000,13.800000190734863,4.29,4.97,0.006723453106275201,-0.039999961853027344,-0.0028901706222559387,-0.6799999999999997
2023-09-12,4473.27001953125,4487.10986328125,4456.830078125,4461.89990234375,3435740000,14.229999542236328,4.27,4.98,-0.005695885604828921,0.42999935150146484,0.031159372866542467,-0.7100000000000009
2023-09-13,4462.64990234375,4479.39013671875,4453.52001953125,4467.43994140625,3529430000,13.479999542236328,4.25,4.96,0.0012416323054647016,-0.75,-0.052705553346921175,-0.71
2023-09-14,4487.77978515625,4511.990234375,4478.68994140625,4505.10009765625,3648720000,12.81999969482422,4.29,5.0,0.00842991886716793,-0.6599998474121076,-0.04896141467543502,-0.71
2023-09-15,4497.97998046875,4497.97998046875,4447.2099609375,4450.31982421875,6932230000,13.789999961853027,4.33,5.02,-0.012159612938677844,0.9700002670288068,0.07566304915127442,-0.6899999999999995
2023-09-18,4445.1298828125,4466.35986328125,4442.10986328125,4453.52978515625,3161230000,14.0,4.32,5.05,0.0007212876971294246,0.21000003814697266,0.015228429204342975,-0.7299999999999995
2023-09-19,4445.41015625,4449.85009765625,4416.60986328125,4443.9501953125,3614880000,14.109999656677246,4.37,5.08,-0.002151010615372817,0.1099996566772461,0.007857118334088975,-0.71
2023-09-20,4452.81005859375,4461.02978515625,4401.3798828125,4402.2001953125,3308450000,15.140000343322754,4.35,5.12,-0.0093947947580596,1.0300006866455078,0.07299792428826057,-0.7700000000000005
2023-09-21,4374.35986328125,4375.7001953125,4329.169921875,4330.0,3662340000,17.540000915527344,4.49,5.12,-0.01640093410321941,2.40000057220459,0.15852050976095722,-0.6299999999999999
2023-09-22,4341.740234375,4357.39990234375,4316.490234375,4320.06005859375,3349570000,17.200000762939453,4.44,5.1,-0.002295598477193961,-0.3400001525878906,-0.019384272225830057,-0.6599999999999993
2023-09-25,4310.6201171875,4338.509765625,4302.7001953125,4337.43994140625,3195650000,16.899999618530273,4.55,5.09,0.0040230650909416354,-0.3000011444091797,-0.017441926226863136,-0.54
2023-09-26,4312.8798828125,4313.009765625,4265.97998046875,4273.52978515625,3472340000,18.940000534057617,4.56,5.04,-0.014734533990868215,2.0400009155273438,0.12071011606950299,-0.4800000000000004
2023-09-27,4282.6298828125,4292.06982421875,4238.6298828125,4274.509765625,3875880000,18.21999931335449,4.61,5.1,0.00022931406074522265,-0.7200012207031286,-0.038014846906072375,-0.4899999999999993
2023-09-28,4269.64990234375,4317.27001953125,4264.3798828125,4299.7001953125,3846230000,17.34000015258789,4.59,5.04,0.005893173970516585,-0.879999160766598,-0.04829852875579399,-0.4500000000000002
2023-09-29,4328.18017578125,4333.14990234375,4274.85986328125,4288.0498046875,3865960000,17.520000457763672,4.59,5.03,-0.002709582086142026,0.18000030517578125,0.010380640345549086,-0.4400000000000004
2023-10-02,4284.52001953125,4300.580078125,4260.2099609375,4288.39013671875,3938660000,17.610000610351562,4.69,5.12,7.936755559079245e-05,0.09000015258789062,0.0051369948765045415,-0.4299999999999997
2023-10-03,4269.75,4281.14990234375,4216.4501953125,4229.4501953125,3953830000,19.780000686645508,4.81,5.15,-0.013744071674259506,2.1700000762939453,0.1232254401523627,-0.34000000000000075
2023-10-04,4233.830078125,4268.5,4220.47998046875,4263.75,3777600000,18.57999992370605,4.73,5.05,0.008109754957160709,-1.2000007629394567,-0.06066737721347193,-0.3199999999999994
2023-10-05,4259.31005859375,4267.1298828125,4225.91015625,4258.18994140625,3581470000,18.489999771118164,4.72,5.03,-0.001304030159777203,-0.09000015258788707,-0.004843926423974687,-0.3100000000000005
2023-10-06,4234.7900390625,4324.10009765625,4219.5498046875,4308.5,3902030000,17.450000762939453,4.78,5.08,0.011814893014644445,-1.039999008178711,-0.05624656684978524,-0.2999999999999998
2023-10-09,4289.02001953125,4341.72998046875,4283.7900390625,4335.66015625,3174630000,17.700000762939453,4.78,5.08,0.00630385429964031,0.25,0.01432664693808805,-0.2999999999999998
2023-10-10,4339.75,4385.4599609375,4339.64013671875,4358.240234375,3520240000,17.030000686645508,4.66,4.96,0.005207990781392224,-0.6700000762939453,-0.03785311002340763,-0.2999999999999998
2023-10-11,4366.58984375,4378.64013671875,4345.33984375,4376.9501953125,3601660000,16.09000015258789,4.58,4.99,0.00429300817103373,-0.9400005340576172,-0.05519674081955506,-0.41000000000000014
2023-10-12,4380.93994140625,4385.85009765625,4325.43017578125,4349.60986328125,3713140000,16.690000534057617,4.7,5.06,-0.00624643434611849,0.6000003814697266,0.03729026574143468,-0.35999999999999943
2023-10-13,4360.490234375,4377.10009765625,4311.97021484375,4327.77978515625,3566560000,19.31999969482422,4.63,5.04,-0.005018858888767519,2.6299991607666016,0.15757933352966802,-0.41000000000000014
2023-10-16,4342.3701171875,4383.330078125,4342.3701171875,4373.6298828125,3409960000,17.209999084472656,4.71,5.09,0.01059436938392988,-2.1100006103515625,-0.10921328383441054,-0.3799999999999999
2023-10-17,4345.22998046875,4393.56982421875,4337.5400390625,4373.2001953125,3794850000,17.8799991607666,4.83,5.19,-9.824505308242415e-05,0.6700000762939453,0.03893086065869911,-0.3600000000000003
2023-10-18,4357.35009765625,4364.2001953125,4303.83984375,4314.60009765625,3686030000,19.21999931335449,4.91,5.19,-0.013399820506516447,1.340000152587887,0.07494408364001481,-0.28000000000000025
2023-10-19,4321.35986328125,4339.5400390625,4269.68994140625,4278.0,3969730000,21.399999618530277,4.98,5.14,-0.008482848196321058,2.1800003051757884,0.11342353709976849,-0.15999999999999925
2023-10-20,4273.85009765625,4276.56005859375,4223.02978515625,4224.16015625,4004030000,21.709999084472656,4.93,5.07,-0.012585283719027562,0.30999946594237926,0.01448595661066987,-0.14000000000000057
2023-10-23,4210.39990234375,4255.83984375,4189.22021484375,4217.0400390625,3776100000,20.3700008392334,4.86,5.05,-0.0016855698941634634,-1.3399982452392578,-0.06172263020488311,-0.1899999999999995
2023-10-24,4235.7900390625,4259.3798828125,4219.43017578125,4247.68017578125,3821820000,18.96999931335449,4.83,5.02,0.007265792222727274,-1.4000015258789098,-0.06872859441333223,-0.1899999999999995
2023-10-25,4232.419921875,4232.419921875,4181.419921875,4186.77001953125,3869370000,20.190000534057617,4.95,5.08,-0.014339628627712542,1.2200012207031286,0.06431213836914962,-0.1299999999999999
2023-10-26,4175.990234375,4183.60009765625,4127.89990234375,4137.22998046875,4277640000,20.68000030517578,4.86,5.02,-0.011832519778109618,0.48999977111816406,0.024269428338627552,-0.15999999999999925
2023-10-27,4152.93017578125,4156.7001953125,4103.77978515625,4117.3701171875,4019500000,21.270000457763672,4.84,4.99,-0.004800280229768528,0.5900001525878906,0.02852998761514658,-0.15000000000000036
2023-10-30,4139.39013671875,4177.47021484375,4132.93994140625,4166.81982421875,3911140000,19.75,4.88,5.03,0.012010022325859904,-1.5200004577636719,-0.07146217325109949,-0.15000000000000036
2023-10-31,4171.330078125,4195.5498046875,4153.1201171875,4193.7998046875,4249470000,18.13999938964844,4.88,5.07,0.006474957307233353,-1.610000610351559,-0.08151901824564856,-0.1900000000000004
2023-11-01,4201.27001953125,4245.64013671875,4197.740234375,4237.85986328125,4224900000,16.8700008392334,4.77,4.95,0.010505999486313922,-1.2699985504150426,-0.07001094780299522,-0.1800000000000006
2023-11-02,4268.259765625,4319.72021484375,4268.259765625,4317.77978515625,4669780000,15.65999984741211,4.67,4.98,0.01885855702012762,-1.210000991821289,-0.07172501076628712,-0.3100000000000005
2023-11-03,4334.22998046875,4373.6201171875,4334.22998046875,4358.33984375,4570960000,14.90999984741211,4.57,4.83,0.009393730253031363,-0.75,-0.047892720773170416,-0.2599999999999998
2023-11-06,4364.27001953125,4372.2099609375,4347.52978515625,4365.97998046875,3656340000,14.890000343322754,4.67,4.93,0.0017529924220356374,-0.01999950408935547,-0.0013413483765277734,-0.2599999999999998
2023-11-07,4366.2099609375,4386.259765625,4355.41015625,4378.3798828125,3791230000,14.8100004196167,4.58,4.91,0.0028401189192852616,-0.07999992370605469,-0.005372728130387805,-0.33000000000000007
2023-11-08,4384.3701171875,4391.2001953125,4359.759765625,4382.77978515625,3729510000,14.449999809265137,4.49,4.93,0.0010049156221052513,-0.3600006103515625,-0.02430794059092134,-0.4399999999999995
2023-11-09,4391.41015625,4393.39990234375,4343.93994140625,4347.35009765625,3900780000,15.289999961853027,4.62,5.03,-0.008083839306732843,0.8400001525878906,0.058131499216304006,-0.41000000000000014
2023-11-10,4364.14990234375,4418.02978515625,4353.33984375,4415.240234375,3665080000,14.170000076293944,4.61,5.04,0.015616441094852496,-1.1199998855590838,-0.07325048321473959,-0.4299999999999997
2023-11-13,4406.66015625,4421.759765625,4393.81982421875,4411.5498046875,3326240000,14.760000228881836,4.63,5.02,-0.0008358389332403515,0.5900001525878924,0.04163727236494141,-0.3899999999999997
2023-11-14,4458.97021484375,4508.669921875,4458.97021484375,4495.7001953125,4700350000,14.15999984741211,4.44,4.8,0.019075017703661823,-0.6000003814697266,-0.04065043171853533,-0.35999999999999943
2023-11-15,4505.2998046875,4521.169921875,4495.31005859375,4502.8798828125,4347170000,14.18000030517578,4.53,4.9,0.0015970120755575135,0.0200004577636701,0.0014124617216946245,-0.3700000000000001
2023-11-16,4497.080078125,4511.990234375,4487.830078125,4508.240234375,3964520000,14.31999969482422,4.45,4.83,0.0011904273935798848,0.13999938964844105,0.00987301739319002,-0.3799999999999999
2023-11-17,4509.5498046875,4520.1201171875,4499.66015625,4514.02001953125,3777240000,13.800000190734863,4.44,4.88,0.0012820490603360213,-0.5199995040893572,-0.03631281530524788,-0.4399999999999995
2023-11-20,4511.7001953125,4557.10986328125,4510.35986328125,4547.3798828125,3644790000,13.40999984741211,4.42,4.89,0.007390278097329839,-0.3900003433227539,-0.028260894053073637,-0.46999999999999975
2023-11-21,4538.77001953125,4542.14013671875,4525.509765625,4538.18994140625,3511080000,13.350000381469728,4.41,4.86,-0.0020209310950652926,-0.059999465942381036,-0.004474233156233742,-0.4500000000000002
2023-11-22,4553.0400390625,4568.43017578125,4545.0498046875,4556.6201171875,3042810000,12.850000381469728,4.42,4.89,0.00406112922094648,-0.5,-0.03745318245039286,-0.46999999999999975
2023-11-24,4555.83984375,4560.31005859375,4552.7998046875,4559.33984375,1639500000,12.460000038146973,4.47,4.92,0.0005968736678840791,-0.3900003433227557,-0.030350220369265823,-0.4500000000000002
2023-11-27,4554.85986328125,4560.52001953125,4546.31982421875,4550.43017578125,3403990000,12.6899995803833,4.39,4.84,-0.001954157460090089,0.22999954223632812,0.018459032225695893,-0.4500000000000002
2023-11-28,4545.5498046875,4568.14013671875,4540.509765625,4554.89013671875,3586240000,12.6899995803833,4.34,4.73,0.0009801185306033133,0.0,0.0,-0.39000000000000057
2023-11-29,4571.83984375,4587.64013671875,4547.14990234375,4550.580078125,4418760000,12.979999542236328,4.27,4.64,-0.0009462486392383118,0.28999996185302734,0.02285263762351275,-0.3700000000000001
2023-11-30,4554.8701171875,4569.89013671875,4537.240234375,4567.7998046875,5399300000,12.920000076293944,4.37,4.73,0.0037840728581564065,-0.05999946594238459,-0.004622455166284789,-0.3600000000000003
2023-12-01,4559.43017578125,4599.39013671875,4554.7099609375,4594.6298828125,4397120000,12.630000114440918,4.22,4.56,0.005873742123607695,-0.28999996185302557,-0.022445817348339392,-0.33999999999999986
2023-12-04,4564.3701171875,4572.3701171875,4546.72021484375,4569.77978515625,4369910000,13.079999923706056,4.28,4.64,-0.005408509126972105,0.4499998092651385,0.0356294382571396,-0.35999999999999943
2023-12-05,4557.25,4578.56005859375,4551.68017578125,4567.18017578125,3909950000,12.850000381469728,4.18,4.57,-0.0005688697261614362,-0.22999954223632812,-0.01758406296467019,-0.39000000000000057
2023-12-06,4586.22998046875,4590.740234375,4546.5,4549.33984375,4245680000,12.970000267028809,4.12,4.6,-0.003906202808869552,0.11999988555908025,0.009338512217643702,-0.47999999999999954
2023-12-07,4568.83984375,4590.919921875,4565.22021484375,4585.58984375,3818880000,13.0600004196167,4.14,4.58,0.007968189065892917,0.09000015258789062,0.00693910182998847,-0.4400000000000004
2023-12-08,4576.2001953125,4609.22998046875,4574.06005859375,4604.3701171875,3707010000,12.350000381469728,4.23,4.71,0.00409549786994079,-0.7100000381469709,-0.05436447284339441,-0.47999999999999954
2023-12-11,4593.39013671875,4623.7099609375,4593.39013671875,4622.43994140625,3823210000,12.630000114440918,4.23,4.71,0.003924494286698943,0.27999973297118963,0.022672042455262442,-0.47999999999999954
2023-12-12,4618.2998046875,4643.93017578125,4608.08984375,4643.7001953125,3808380000,12.06999969482422,4.2,4.73,0.00459935752021523,-0.5600004196166974,-0.044338908514846564,-0.5300000000000002
2023-12-13,4646.2001953125,4709.68994140625,4643.22998046875,4707.08984375,5063650000,12.1899995803833,4.04,4.46,0.013650676351045998,0.11999988555908025,0.009941995740939236,-0.41999999999999993
2023-12-14,4721.0400390625,4738.56982421875,4694.33984375,4719.5498046875,6314040000,12.479999542236328,3.92,4.37,0.0026470624846992585,0.28999996185302734,0.023789989486111995,-0.4500000000000002
2023-12-15,4714.22998046875,4725.52978515625,4704.68994140625,4719.18994140625,8218980000,12.279999732971191,3.91,4.44,-7.62494933082003e-05,-0.19999980926513672,-0.016025626330215204,-0.5300000000000002
2023-12-18,4725.580078125,4749.52001953125,4725.580078125,4740.56005859375,4060340000,12.5600004196167,3.95,4.43,0.004528344366900416,0.2800006866455078,0.022801359343169958,-0.47999999999999954
2023-12-19,4743.72021484375,4768.68994140625,4743.72021484375,4768.3701171875,4026970000,12.529999732971191,3.93,4.41,0.005866407818910568,-0.030000686645507812,-0.0023885896212750835,-0.48
2023-12-20,4764.72998046875,4778.009765625,4697.81982421875,4698.35009765625,4201320000,13.670000076293944,3.86,4.34,-0.014684266911006771,1.1400003433227521,0.09098167339325469,-0.48
2023-12-21,4724.2900390625,4748.7099609375,4708.35009765625,4746.75,3431180000,13.649999618530272,3.89,4.33,0.010301467821202559,-0.020000457763671875,-0.0014630912693524012,-0.43999999999999995
2023-12-22,4753.919921875,4772.93994140625,4736.77001953125,4754.6298828125,3046770000,13.029999732971191,3.9,4.31,0.0016600585268868873,-0.6199998855590803,-0.045421238306659895,-0.4099999999999997
2023-12-26,4758.85986328125,4784.72021484375,4758.4501953125,4774.75,2513910000,12.989999771118164,3.89,4.26,0.0042316894655107795,-0.039999961853027344,-0.003069835968746104,-0.36999999999999966
2023-12-27,4773.4501953125,4785.39013671875,4768.89990234375,4781.580078125,2748450000,12.43000030517578,3.79,4.2,0.0014304577464787638,-0.5599994659423846,-0.0431100443271355,-0.41000000000000014
2023-12-28,4786.43994140625,4793.2998046875,4780.97998046875,4783.35009765625,2698860000,12.470000267028809,3.84,4.26,0.0003701746080437829,0.03999996185302912,0.0032180177691849554,-0.41999999999999993
2023-12-29,4782.8798828125,4788.43017578125,4751.990234375,4769.830078125,3126060000,12.449999809265137,3.88,4.23,-0.0028264750133749628,-0.020000457763671875,-0.001603885913022296,-0.35000000000000053
2024-01-02,4745.2001953125,4754.330078125,4722.669921875,4742.830078125,3743050000,13.199999809265137,3.95,4.33,-0.005660579005492328,0.75,0.06024096477831753,-0.3799999999999999
2024-01-03,4725.06982421875,4729.2900390625,4699.7099609375,4704.81005859375,3950760000,14.039999961853027,3.91,4.33,-0.008016314922730805,0.8400001525878906,0.06363637611557316,-0.41999999999999993
2024-01-04,4697.419921875,4726.77978515625,4687.52978515625,4688.68017578125,3715480000,14.130000114440918,3.99,4.38,-0.0034283812973570083,0.09000015258789062,0.006410267295756666,-0.3899999999999997
2024-01-05,4690.56982421875,4721.490234375,4682.10986328125,4697.240234375,3844370000,13.350000381469728,4.05,4.4,0.0018256861788026324,-0.7799997329711896,-0.055201679168708995,-0.35000000000000053
2024-01-08,4703.7001953125,4764.5400390625,4699.81982421875,4763.5400390625,3742320000,13.079999923706056,4.01,4.36,0.014114629309846638,-0.2700004577636719,-0.020224752812624813,-0.35000000000000053
2024-01-09,4741.93017578125,4765.47021484375,4730.35009765625,4756.5,3529960000,12.760000228881836,4.02,4.36,-0.0014779006799081618,-0.3199996948242205,-0.024464808615499822,-0.34000000000000075
2024-01-10,4759.93994140625,4790.7998046875,4756.2001953125,4783.4501953125,3498680000,12.6899995803833,4.04,4.37,0.00566597189372442,-0.07000064849853516,-0.00548594414129322,-0.33000000000000007
2024-01-11,4792.1298828125,4798.5,4739.580078125,4780.240234375,3759890000,12.4399995803833,3.98,4.26,-0.0006710555783868699,-0.25,-0.019700552266877946,-0.2799999999999998
2024-01-12,4791.18017578125,4802.39990234375,4768.97998046875,4783.830078125,3486340000,12.699999809265137,3.96,4.14,0.0007509755941104146,0.26000022888183594,0.020900340647264315,-0.17999999999999972
2024-01-16,4772.35009765625,4782.33984375,4747.1201171875,4765.97998046875,4260550000,13.84000015258789,4.07,4.22,-0.0037313402367431525,1.140000343322754,0.08976380790896399,-0.14999999999999947
2024-01-17,4739.1298828125,4744.22998046875,4714.81982421875,4739.2099609375,3928600000,14.789999961853027,4.1,4.34,-0.005616897183990499,0.9499998092651367,0.06864160395890595,-0.2400000000000002
2024-01-18,4760.10009765625,4785.7900390625,4740.56982421875,4780.93994140625,4019000000,14.130000114440918,4.14,4.34,0.008805260963896,-0.6599998474121094,-0.04462473624843866,-0.20000000000000018
2024-01-19,4796.27978515625,4842.06982421875,4785.8701171875,4839.81005859375,4287200000,13.300000190734863,4.15,4.39,0.012313502764936146,-0.8299999237060547,-0.058740263056175857,-0.23999999999999932
2024-01-22,4853.419921875,4868.41015625,4844.0498046875,4850.43017578125,4297610000,13.1899995803833,4.11,4.37,0.0021943252026270788,-0.1100006103515625,-0.00827072246421412,-0.2599999999999998
2024-01-23,4856.7998046875,4866.47998046875,4844.3701171875,4864.60009765625,3912800000,12.550000190734863,4.14,4.31,0.002921374261968035,-0.6399993896484375,-0.04852156254805884,-0.16999999999999993
2024-01-24,4888.56005859375,4903.68017578125,4865.93994140625,4868.5498046875,4330030000,13.140000343322754,4.18,4.34,0.0008119284117831249,0.5900001525878906,0.04701196363514493,-0.16000000000000014
2024-01-25,4886.66015625,4898.14990234375,4869.33984375,4894.16015625,4020430000,13.449999809265137,4.14,4.28,0.005260365527706368,0.3099994659423828,0.02359204397585213,-0.14000000000000057
2024-01-26,4888.91015625,4906.68994140625,4881.47021484375,4890.97021484375,3353400000,13.260000228881836,4.15,4.34,-0.0006517852510764532,-0.18999958038330078,-0.014126363054103419,-0.1899999999999995
2024-01-29,4892.9501953125,4929.31005859375,4887.39990234375,4927.93017578125,3525160000,13.600000381469728,4.08,4.29,0.007556774896180896,0.3400001525878924,0.02564103670581641,-0.20999999999999996
2024-01-30,4925.89013671875,4931.08984375,4916.27001953125,4924.97021484375,3836130000,13.3100004196167,4.06,4.36,-0.0006006499345398986,-0.2899999618530291,-0.021323526008731553,-0.3000000000000007
2024-01-31,4899.18994140625,4906.75,4845.14990234375,4845.64990234375,4696120000,14.350000381469728,3.99,4.27,-0.016105744611597972,1.0399999618530291,0.07813673396435394,-0.27999999999999936
2024-02-01,4861.10986328125,4906.97021484375,4853.52001953125,4906.18994140625,4386090000,13.880000114440918,3.87,4.2,0.012493688211609788,-0.47000026702881037,-0.032752630978026054,-0.33000000000000007
2024-02-02,4916.06005859375,4975.2900390625,4907.990234375,4958.60986328125,3974350000,13.850000381469728,4.03,4.36,0.01068444607751462,-0.02999973297118963,-0.0021613640290951697,-0.33000000000000007
2024-02-05,4957.18994140625,4957.18994140625,4918.08984375,4942.81005859375,4023640000,13.670000076293944,4.17,4.46,-0.0031863375266721894,-0.1800003051757848,-0.01299641156809006,-0.29000000000000004
2024-02-06,4950.16015625,4957.77001953125,4934.8798828125,4954.22998046875,4440880000,13.0600004196167,4.09,4.39,0.0023104108269635937,-0.6099996566772443,-0.04462323725477402,-0.2999999999999998
2024-02-07,4973.0498046875,4999.89013671875,4969.0498046875,4995.06005859375,4895590000,12.829999923706056,4.09,4.41,0.008241457963390042,-0.23000049591064275,-0.017611063439567087,-0.3200000000000003
2024-02-08,4995.16015625,5000.39990234375,4987.08984375,4997.91015625,4341860000,12.789999961853027,4.15,4.46,0.0005705832608251526,-0.03999996185302912,-0.003117689952524594,-0.3099999999999996
2024-02-09,5004.169921875,5030.06005859375,5000.33984375,5026.60986328125,3912990000,12.93000030517578,4.17,4.48,0.0057423415255595245,0.14000034332275213,0.010946078478523136,-0.3100000000000005
2024-02-12,5026.830078125,5048.39013671875,5016.830078125,5021.83984375,3805740000,13.93000030517578,4.17,4.46,-0.0009489536011326738,1.0,0.07733951866959421,-0.29000000000000004
2024-02-13,4967.93994140625,4971.2998046875,4920.31005859375,4953.169921875,4302190000,15.850000381469728,4.31,4.64,-0.013674255653625456,1.9200000762939489,0.13783201968635717,-0.33000000000000007
2024-02-14,4976.43994140625,5002.52001953125,4956.4501953125,5000.6201171875,3845600000,14.380000114440918,4.27,4.56,0.009579763275017639,-1.4700002670288104,-0.09274449411038443,-0.29000000000000004
2024-02-15,5003.14013671875,5032.72021484375,4999.43994140625,5029.72998046875,4137970000,14.010000228881836,4.24,4.56,0.005821250684729495,-0.36999988555908203,-0.02573017264356725,-0.3199999999999994
2024-02-16,5031.1298828125,5038.7001953125,4999.52001953125,5005.56982421875,3833270000,14.239999771118164,4.3,4.64,-0.0048034698371121065,0.22999954223632812,0.016416812168366768,-0.33999999999999986
2024-02-20,4989.31982421875,4993.7099609375,4955.02001953125,4975.509765625,4034880000,15.420000076293944,4.27,4.59,-0.006005322001165325,1.1800003051757795,0.082865191302115,-0.3200000000000003
2024-02-21,4963.02978515625,4983.2099609375,4946.0,4981.7998046875,3788390000,15.34000015258789,4.32,4.64,0.001264199922982101,-0.07999992370605291,-0.005188062471480848,-0.3199999999999994
2024-02-22,5038.830078125,5094.39013671875,5038.830078125,5087.02978515625,4051710000,14.539999961853027,4.33,4.69,0.02112288421741404,-0.8000001907348633,-0.05215125050698921,-0.3600000000000003
2024-02-23,5100.919921875,5111.06005859375,5081.4599609375,5088.7998046875,3672790000,13.75,4.26,4.67,0.0003479475462115911,-0.7899999618530273,-0.054332872347019445,-0.41000000000000014
2024-02-26,5093.0,5097.66015625,5068.91015625,5069.52978515625,3683930000,13.739999771118164,4.28,4.69,-0.003786751350190576,-0.010000228881835938,-0.0007272893732244157,-0.41000000000000014
2024-02-27,5074.60009765625,5080.68994140625,5057.2900390625,5078.18017578125,3925950000,13.43000030517578,4.31,4.7,0.0017063496993998672,-0.3099994659423846,-0.022561824680231157,-0.39000000000000057
2024-02-28,5067.2001953125,5077.3701171875,5058.35009765625,5069.759765625,3789370000,13.84000015258789,4.27,4.64,-0.001658155060430544,0.40999984741211115,0.030528655107632474,-0.3700000000000001
2024-02-29,5085.35986328125,5104.990234375,5061.89013671875,5096.27001953125,5219740000,13.399999618530272,4.25,4.64,0.005229094697149161,-0.44000053405761896,-0.03179194575191857,-0.3899999999999997
2024-03-01,5098.509765625,5140.330078125,5094.16015625,5137.080078125,4748110000,13.109999656677246,4.19,4.54,0.00800782894888763,-0.28999996185302557,-0.021641788814083074,-0.34999999999999964
2024-03-04,5130.990234375,5149.669921875,5127.18017578125,5130.9501953125,4758440000,13.489999771118164,4.22,4.61,-0.0011932620709189656,0.38000011444091797,0.02898551673472971,-0.39000000000000057
2024-03-05,5110.52001953125,5114.5400390625,5056.81982421875,5078.64990234375,4418410000,14.460000038146973,4.13,4.54,-0.010193100883444606,0.9700002670288086,0.07190513591449865,-0.41000000000000014
2024-03-06,5108.02978515625,5127.97021484375,5092.22021484375,5104.759765625,4559050000,14.5,4.11,4.55,0.005141103203274655,0.039999961853027344,0.0027662490835065334,-0.4399999999999995
2024-03-07,5132.3798828125,5165.6201171875,5128.2099609375,5157.35986328125,4137980000,14.4399995803833,4.09,4.5,0.010304127925951478,-0.06000041961669922,-0.004137959973565475,-0.41000000000000014
2024-03-08,5164.4599609375,5189.259765625,5117.5,5123.68994140625,4208870000,14.739999771118164,4.09,4.48,-0.0065285190034379825,0.3000001907348633,0.020775637081209553,-0.39000000000000057
2024-03-11,5111.9599609375,5124.66015625,5091.14013671875,5117.93994140625,3896430000,15.220000267028809,4.1,4.51,-0.001122238087346461,0.48000049591064453,0.032564484624427736,-0.41000000000000014
2024-03-12,5134.2998046875,5179.8701171875,5114.47998046875,5175.27001953125,4080510000,13.84000015258789,4.16,4.58,0.011201787981366396,-1.380000114440918,-0.09067017675620026,-0.41999999999999993
2024-03-13,5173.490234375,5179.14013671875,5151.8798828125,5165.31005859375,4282890000,13.75,4.19,4.61,-0.0019245297153407392,-0.09000015258789062,-0.00650290112685159,-0.41999999999999993
2024-03-14,5175.14013671875,5176.85009765625,5123.2998046875,5150.47998046875,4687970000,14.399999618530272,4.29,4.68,-0.0028710915621273925,0.6499996185302717,0.04727269952947433,-0.3899999999999997
2024-03-15,5123.31005859375,5136.85986328125,5104.35009765625,5117.08984375,7753670000,14.40999984741211,4.31,4.72,-0.006482917484461503,0.010000228881837714,0.0006944603574134955,-0.41000000000000014
2024-03-18,5154.77001953125,5175.60009765625,5145.47021484375,5149.419921875,4036220000,14.329999923706056,4.34,4.73,0.006318059504952345,-0.07999992370605291,-0.005551694972461774,-0.39000000000000057
2024-03-19,5139.08984375,5180.31005859375,5131.58984375,5178.509765625,4031760000,13.81999969482422,4.3,4.68,0.0056491496501236416,-0.5100002288818359,-0.03558968817844477,-0.3799999999999999
2024-03-20,5181.68994140625,5226.18994140625,5171.5498046875,5224.6201171875,4064850000,13.039999961853027,4.27,4.59,0.008904173912846591,-0.7799997329711932,-0.05643992403728593,-0.3200000000000003
2024-03-21,5253.43017578125,5261.10009765625,5240.66015625,5241.52978515625,4207730000,12.920000076293944,4.27,4.62,0.0032365354015160275,-0.11999988555908381,-0.009202445238506884,-0.35000000000000053
2024-03-22,5242.47998046875,5246.08984375,5229.8701171875,5234.18017578125,3374700000,13.0600004196167,4.22,4.59,-0.0014021878490156903,0.14000034332275568,0.010835939821674856,-0.3700000000000001
2024-03-25,5219.52001953125,5229.08984375,5216.08984375,5218.18994140625,3331360000,13.1899995803833,4.25,4.54,-0.0030549644525015296,0.12999916076660156,0.009953993613303291,-0.29000000000000004
2024-03-26,5228.85009765625,5235.16015625,5203.419921875,5203.580078125,3871790000,13.239999771118164,4.24,4.56,-0.002799795225030266,0.05000019073486328,0.003790765149775055,-0.3199999999999994
2024-03-27,5226.31005859375,5249.259765625,5213.919921875,5248.490234375,3850500000,12.779999732971191,4.2,4.54,0.008630626525532925,-0.46000003814697266,-0.0347432058987206,-0.33999999999999986
2024-03-28,5248.02978515625,5264.85009765625,5245.81982421875,5254.35009765625,3998270000,13.010000228881836,4.2,4.59,0.0011164855071790214,0.23000049591064453,0.017996909289228258,-0.3899999999999997
2024-04-01,5257.97021484375,5263.9501953125,5229.2001953125,5243.77001953125,3325930000,13.649999618530272,4.33,4.72,-0.0020135845401164643,0.6399993896484357,0.04919288073705452,-0.3899999999999997
2024-04-02,5204.2900390625,5208.33984375,5184.0498046875,5205.81005859375,3886590000,14.609999656677246,4.36,4.7,-0.0072390590731691296,0.9600000381469744,0.07032967508978882,-0.33999999999999986
2024-04-03,5194.3701171875,5228.75,5194.3701171875,5211.490234375,3703250000,14.329999923706056,4.36,4.68,0.001091122364688113,-0.27999973297118963,-0.019164937683158745,-0.3199999999999994
2024-04-04,5244.0498046875,5256.58984375,5146.06005859375,5147.2099609375,4075680000,16.350000381469727,4.31,4.65,-0.012334336350379616,2.02000045776367,0.14096304734949738,-0.34000000000000075
2024-04-05,5158.9501953125,5222.18017578125,5157.2099609375,5204.33984375,3386780000,16.030000686645508,4.39,4.73,0.011099194174331695,-0.31999969482421875,-0.019571846321599473,-0.34000000000000075
2024-04-08,5211.3701171875,5219.56982421875,5197.35009765625,5202.39013671875,3278180000,15.1899995803833,4.42,4.78,-0.00037463099831791524,-0.840001106262207,-0.05240181349224815,-0.3600000000000003
2024-04-09,5217.02978515625,5224.81005859375,5160.77978515625,5209.91015625,3400680000,14.979999542236328,4.36,4.74,0.0014454931932483817,-0.21000003814697266,-0.013824887685854326,-0.3799999999999999
2024-04-10,5167.8798828125,5178.43017578125,5138.7001953125,5160.64013671875,3845930000,15.800000190734863,4.55,4.97,-0.009456980649108493,0.8200006484985352,0.05473969783420429,-0.41999999999999993
2024-04-11,5172.9501953125,5211.77978515625,5138.77001953125,5199.06005859375,3509380000,14.90999984741211,4.56,4.93,0.007444797710585593,-0.8900003433227539,-0.05632913497334324,-0.3700000000000001
2024-04-12,5171.509765625,5175.02978515625,5107.93994140625,5123.41015625,3963220000,17.309999465942383,4.5,4.88,-0.01455068829580164,2.3999996185302734,0.16096577083110009,-0.3799999999999999
2024-04-15,5149.669921875,5168.43017578125,5052.47021484375,5061.81982421875,3950210000,19.229999542236328,4.63,4.93,-0.01202135494776202,1.9200000762939453,0.11091855202373435,-0.2999999999999998
2024-04-16,5064.58984375,5079.83984375,5039.830078125,5051.41015625,4006200000,18.399999618530277,4.67,4.97,-0.0020565070133361507,-0.8299999237060511,-0.043161723529065,-0.2999999999999998
2024-04-17,5068.97021484375,5077.9599609375,5007.25,5022.2099609375,3596130000,18.209999084472656,4.59,4.93,-0.005780602724641426,-0.19000053405762074,-0.010326116195473967,-0.33999999999999986
2024-04-18,5031.52001953125,5056.66015625,5001.89013671875,5011.1201171875,3619760000,18.0,4.64,4.98,-0.002208160119998248,-0.20999908447265625,-0.011532075509642303,-0.34000000000000075
2024-04-19,5005.43994140625,5019.02001953125,4953.56005859375,4967.22998046875,3878750000,18.709999084472656,4.62,4.97,-0.00875854812743615,0.7099990844726562,0.039444393581814285,-0.34999999999999964
2024-04-22,4987.330078125,5038.83984375,4969.39990234375,5010.60009765625,3820250000,16.940000534057617,4.62,4.97,0.008731248071466746,-1.769998550415039,-0.09460174436266822,-0.34999999999999964
2024-04-23,5028.85009765625,5076.1201171875,5027.9599609375,5070.5498046875,3751400000,15.6899995803833,4.61,4.86,0.011964576270872662,-1.2500009536743164,-0.07378990048797274,-0.25
2024-04-24,5084.85986328125,5089.47998046875,5047.02001953125,5071.6298828125,3656740000,15.970000267028809,4.65,4.89,0.0002130100613548791,0.2800006866455078,0.017845805872141796,-0.23999999999999932
2024-04-25,5019.8798828125,5057.75,4990.580078125,5048.419921875,3958050000,15.369999885559082,4.7,4.96,-0.004576430353515626,-0.6000003814697266,-0.03757046784203688,-0.2599999999999998
2024-04-26,5084.64990234375,5114.6201171875,5073.14013671875,5099.9599609375,3604140000,15.029999732971191,4.67,4.96,0.01020914263474304,-0.3400001525878906,-0.022121025056567434,-0.29000000000000004
2024-04-29,5114.1298828125,5123.490234375,5088.64990234375,5116.169921875,3447450000,14.670000076293944,4.63,4.97,0.0031784486665891176,-0.35999965667724787,-0.023952073391426576,-0.33999999999999986
2024-04-30,5103.77978515625,5110.830078125,5035.31005859375,5035.68994140625,4082470000,15.649999618530272,4.69,5.04,-0.01573051358686217,0.9799995422363281,0.06680296776684846,-0.34999999999999964
2024-05-01,5029.02978515625,5096.1201171875,5013.4501953125,5018.39013671875,4544170000,15.390000343322754,4.63,4.96,-0.0034354388154940185,-0.25999927520751775,-0.016613372622684808,-0.33000000000000007
2024-05-02,5049.31982421875,5073.2099609375,5011.0498046875,5064.2001953125,4381660000,14.68000030517578,4.58,4.87,0.009128437077573048,-0.7100000381469744,-0.0461338546009209,-0.29000000000000004
2024-05-03,5122.77978515625,5139.1201171875,5101.22021484375,5127.7900390625,3924990000,13.489999771118164,4.5,4.81,0.012556739721478527,-1.1900005340576154,-0.08106270499449875,-0.3099999999999996
2024-05-06,5142.419921875,5181.0,5142.419921875,5180.740234375,3683250000,13.489999771118164,4.49,4.82,0.01032612390701182,0.0,0.0,-0.33000000000000007
2024-05-07,5187.2001953125,5200.22998046875,5178.9599609375,5187.7001953125,3987890000,13.229999542236328,4.47,4.82,0.0013434298232750663,-0.26000022888183594,-0.01927355324634561,-0.35000000000000053
2024-05-08,5168.97998046875,5191.9501953125,5165.85986328125,5187.669921875,3842100000,13.0,4.48,4.84,-5.835618166138978e-06,-0.22999954223632812,-0.017384697671535276,-0.35999999999999943
2024-05-09,5189.02978515625,5215.2998046875,5180.41015625,5214.080078125,3727370000,12.6899995803833,4.45,4.8,0.005090947698625836,-0.3100004196166992,-0.023846186124361513,-0.34999999999999964
2024-05-10,5225.490234375,5239.66015625,5209.68017578125,5222.68017578125,3617900000,12.550000190734863,4.5,4.87,0.001649398844549843,-0.1399993896484375,-0.011032261172400193,-0.3700000000000001
2024-05-13,5233.080078125,5237.259765625,5211.16015625,5221.419921875,4255710000,13.600000381469728,4.48,4.85,-0.00024130405535727206,1.050000190734865,0.0836653525718698,-0.3699999999999992
2024-05-14,5221.10009765625,5250.3701171875,5217.97998046875,5246.68017578125,4763580000,13.420000076293944,4.45,4.81,0.004837813139759728,-0.1800003051757848,-0.013235316185802426,-0.35999999999999943
2024-05-15,5263.259765625,5311.759765625,5263.259765625,5308.14990234375,4360810000,12.449999809265137,4.36,4.73,0.011715927882596233,-0.9700002670288068,-0.07228019832446086,-0.3700000000000001
2024-05-16,5310.06982421875,5325.490234375,5296.18994140625,5297.10009765625,3817470000,12.420000076293944,4.38,4.78,-0.0020816677921287052,-0.029999732971193183,-0.0024096171430354474,-0.40000000000000036
2024-05-17,5303.10009765625,5305.4501953125,5283.58984375,5303.27001953125,3578120000,11.989999771118164,4.42,4.83,0.0011647735102702228,-0.4300003051757795,-0.034621602458483114,-0.41000000000000014
2024-05-20,5305.35009765625,5325.31982421875,5302.39990234375,5308.1298828125,3420100000,12.149999618530272,4.44,4.82,0.0009163899374069473,0.1599998474121076,0.01334444123990064,-0.3799999999999999
2024-05-21,5298.68994140625,5324.31982421875,5297.8701171875,5321.41015625,3662240000,11.859999656677246,4.41,4.82,0.002501874243978186,-0.28999996185302557,-0.023868310366918832,-0.41000000000000014
2024-05-22,5319.27978515625,5323.18017578125,5286.009765625,5307.009765625,3847130000,12.289999961853027,4.43,4.86,-0.002706123039226127,0.43000030517578125,0.03625635055846632,-0.4300000000000006
2024-05-23,5340.259765625,5341.8798828125,5256.93017578125,5267.83984375,3869520000,12.770000457763672,4.47,4.91,-0.0073807894850155265,0.48000049591064453,0.03905618367782915,-0.4400000000000004
2024-05-24,5281.4501953125,5311.64990234375,5278.39013671875,5304.72021484375,3005510000,11.93000030517578,4.46,4.93,0.0070010425881694704,-0.8400001525878924,-0.0657791795204834,-0.46999999999999975
2024-05-28,5315.91015625,5315.91015625,5280.89013671875,5306.0400390625,3751540000,12.920000076293944,4.54,4.94,0.0002488018529340774,0.9899997711181641,0.08298405245544349,-0.40000000000000036
2024-05-29,5278.72998046875,5282.27001953125,5262.7001953125,5266.9501953125,3552750000,14.279999732971191,4.61,4.96,-0.007367046509680453,1.3599996566772479,0.10526313070017879,-0.34999999999999964
2024-05-30,5259.77001953125,5260.2099609375,5222.10009765625,5235.47998046875,3818750000,14.470000267028809,4.55,4.92,-0.005975035585443322,0.1900005340576172,0.01330535977664793,-0.3700000000000001
2024-05-31,5243.2099609375,5280.330078125,5191.68017578125,5277.509765625,5437160000,12.920000076293944,4.51,4.89,0.00802787620486467,-1.550000190734865,-0.10711818674023654,-0.3799999999999999
2024-06-03,5297.14990234375,5302.10986328125,5234.31982421875,5283.39990234375,4046920000,13.109999656677246,4.41,4.82,0.0011160825806737495,0.18999958038330256,0.014705849788029024,-0.41000000000000014
2024-06-04,5278.240234375,5298.7998046875,5257.6298828125,5291.33984375,3707900000,13.15999984741211,4.33,4.77,0.0015028090913065117,0.05000019073486328,0.003813897181103032,-0.4399999999999995
2024-06-05,5314.47998046875,5354.16015625,5297.64013671875,5354.02978515625,3591460000,12.630000114440918,4.29,4.72,0.011847649793331305,-0.5299997329711914,-0.04027353640702469,-0.4299999999999997
2024-06-06,5357.7998046875,5362.35009765625,5335.35986328125,5352.9599609375,3609990000,12.579999923706056,4.28,4.72,-0.00019981663563317653,-0.050000190734861505,-0.0039588432527163375,-0.4399999999999995
2024-06-07,5343.81005859375,5375.080078125,5331.330078125,5346.990234375,3692760000,12.220000267028809,4.43,4.87,-0.0011152197300303701,-0.35999965667724787,-0.028616825028659587,-0.4400000000000004
2024-06-10,5341.22021484375,5365.7900390625,5331.52001953125,5360.7900390625,3622280000,12.739999771118164,4.47,4.87,0.0025808546645145203,0.5199995040893555,0.042553149977613725,-0.40000000000000036
2024-06-11,5353.0,5375.9501953125,5327.25,5375.31982421875,3568030000,12.850000381469728,4.39,4.81,0.0027103813151374556,0.11000061035156428,0.008634270983343129,-0.41999999999999993
2024-06-12,5409.1298828125,5447.25,5409.1298828125,5421.02978515625,3962840000,12.039999961853027,4.31,4.75,0.008503672791998707,-0.810000419616701,-0.06303505023896794,-0.4400000000000004
2024-06-13,5441.93017578125,5441.93017578125,5402.509765625,5433.740234375,3530380000,11.9399995803833,4.24,4.68,0.0023446558536817097,-0.10000038146972656,-0.008305679550378975,-0.4399999999999995
2024-06-14,5424.080078125,5432.39013671875,5403.75,5431.60009765625,3438650000,12.65999984741211,4.2,4.67,-0.000393860697500914,0.7200002670288086,0.060301532021133974,-0.46999999999999975
2024-06-17,5431.10986328125,5488.5,5420.39990234375,5473.22998046875,3447840000,12.75,4.28,4.75,0.007664386564552705,0.09000015258789062,0.0071090168777756535,-0.46999999999999975
2024-06-18,5476.14990234375,5490.3798828125,5471.31982421875,5487.02978515625,3544330000,12.300000190734863,4.22,4.69,0.0025213273947457537,-0.4499998092651367,-0.03529410268746169,-0.47000000000000064
2024-06-20,5499.990234375,5505.52978515625,5455.56005859375,5473.169921875,3847060000,13.279999732971191,4.25,4.7,-0.0025259318472709014,0.9799995422363281,0.07967475829590032,-0.4500000000000002
2024-06-21,5466.77001953125,5478.31005859375,5452.02978515625,5464.6201171875,6773800000,13.199999809265137,4.25,4.7,-0.001562130321101196,-0.07999992370605469,-0.006024090761646117,-0.4500000000000002
2024-06-24,5459.580078125,5490.66015625,5447.58984375,5447.8701171875,3696750000,13.329999923706056,4.25,4.71,-0.003065171894990004,0.13000011444091975,0.009848493660558288,-0.45999999999999996
2024-06-25,5460.72998046875,5472.8798828125,5446.56005859375,5469.2998046875,3591960000,12.84000015258789,4.23,4.65,0.003933590015736899,-0.48999977111816584,-0.03675917283740948,-0.41999999999999993
2024-06-26,5460.7099609375,5483.14013671875,5451.8701171875,5477.89990234375,3563920000,12.550000190734863,4.32,4.71,0.0015724312002203256,-0.28999996185302734,-0.022585666542580096,-0.3899999999999997
2024-06-27,5473.58984375,5490.81005859375,5467.5400390625,5482.8701171875,3589530000,12.239999771118164,4.29,4.7,0.0009073212238914774,-0.3100004196166992,-0.024701228279307874,-0.41000000000000014
2024-06-28,5488.47998046875,5523.64013671875,5451.1201171875,5460.47998046875,7199220000,12.4399995803833,4.36,4.71,-0.004083652583445674,0.19999980926513672,0.01633985400367921,-0.34999999999999964
2024-07-01,5471.080078125,5479.5498046875,5446.52978515625,5475.08984375,3488760000,12.220000267028809,4.48,4.77,0.0026755639309195,-0.2199993133544922,-0.017684832859754307,-0.28999999999999915
2024-07-02,5461.83984375,5509.68994140625,5458.43017578125,5509.009765625,3329950000,12.029999732971191,4.43,4.74,0.006195317856513505,-0.1900005340576172,-0.015548324869538943,-0.3100000000000005
2024-07-03,5507.43994140625,5539.27001953125,5507.419921875,5537.02001953125,2179470000,12.09000015258789,4.36,4.71,0.005084444409779065,0.06000041961669922,0.004987566163634494,-0.34999999999999964
2024-07-05,5537.91015625,5570.330078125,5531.6298828125,5567.18994140625,3253080000,12.479999542236328,4.28,4.6,0.005448765178485582,0.3899993896484375,0.03225801362500036,-0.3199999999999994
2024-07-08,5572.75,5583.10986328125,5562.509765625,5572.85009765625,3185670000,12.369999885559082,4.28,4.62,0.0010166989647510949,-0.1099996566772461,-0.008814075377564845,-0.33999999999999986
2024-07-09,5584.240234375,5590.75,5574.56982421875,5576.97998046875,3232920000,12.510000228881836,4.3,4.62,0.0007410719362856977,0.1400003433227539,0.01131773198205055,-0.3200000000000003
2024-07-10,5591.259765625,5635.39013671875,5586.43994140625,5633.91015625,3336100000,12.850000381469728,4.28,4.62,0.010208065293514812,0.3400001525878924,0.027178269094107144,-0.33999999999999986
2024-07-11,5635.2099609375,5642.4501953125,5576.52978515625,5584.5400390625,4020950000,12.920000076293944,4.2,4.5,-0.008763028841120457,0.0699996948242152,0.005447446906317488,-0.2999999999999998
2024-07-12,5590.759765625,5655.56005859375,5590.43994140625,5615.35009765625,3700280000,12.460000038146973,4.18,4.45,0.0055170270744306915,-0.4600000381469709,-0.035603717912586874,-0.27000000000000046
2024-07-15,5638.16015625,5666.93994140625,5614.75,5631.22021484375,3620470000,13.119999885559082,4.23,4.44,0.0028262026252154904,0.6599998474121094,0.0529694899993165,-0.20999999999999996
2024-07-16,5644.08984375,5669.669921875,5639.02001953125,5667.2001953125,4041760000,13.1899995803833,4.17,4.43,0.006389375498743188,0.06999969482421875,0.0053353426398474735,-0.2599999999999998
2024-07-17,5610.06982421875,5622.490234375,5584.81005859375,5588.27001953125,4246450000,14.479999542236328,4.16,4.42,-0.013927543241993745,1.2899999618530273,0.09780136488947022,-0.2599999999999998
2024-07-18,5608.56005859375,5614.0498046875,5522.81005859375,5544.58984375,4007510000,15.93000030517578,4.2,4.46,-0.007816403936922511,1.4500007629394513,0.10013817740186948,-0.2599999999999998
2024-07-19,5543.3701171875,5557.5,5497.0400390625,5505.0,3760570000,16.520000457763672,4.25,4.49,-0.007140265531926926,0.5900001525878924,0.037037045906157084,-0.2400000000000002
2024-07-22,5544.5400390625,5570.35986328125,5529.0400390625,5564.41015625,3375180000,14.90999984741211,4.26,4.5,0.01079203564940956,-1.6100006103515625,-0.09745766136434542,-0.2400000000000002
2024-07-23,5565.2998046875,5585.33984375,5550.89990234375,5555.740234375,3500210000,14.720000267028809,4.25,4.4,-0.001558102589770738,-0.18999958038330078,-0.012743097406287318,-0.15000000000000036
2024-07-24,5505.83984375,5508.0400390625,5419.97998046875,5427.1298828125,3945550000,18.040000915527344,4.28,4.37,-0.02314909375473495,3.320000648498535,0.22554351822499452,-0.08999999999999986
2024-07-25,5428.7001953125,5491.58984375,5390.9501953125,5399.22021484375,4592120000,18.459999084472656,4.27,4.41,-0.005142620237842288,0.4199981689453125,0.023281493771090345,-0.14000000000000057
2024-07-26,5433.669921875,5488.31982421875,5430.7001953125,5459.10009765625,3638770000,16.389999389648438,4.2,4.36,0.011090468702846357,-2.0699996948242188,-0.11213433355830271,-0.16000000000000014
2024-07-29,5476.5498046875,5487.740234375,5444.43994140625,5463.5400390625,3379970000,16.600000381469727,4.17,4.36,0.0008133101292933098,0.21000099182128906,0.012812751655983723,-0.1900000000000004
2024-07-30,5478.72998046875,5489.4599609375,5401.7001953125,5436.43994140625,3777740000,17.690000534057617,4.15,4.35,-0.004960171878030217,1.0900001525878906,0.06566265828551643,-0.1999999999999993
2024-07-31,5505.58984375,5551.509765625,5493.75,5522.2998046875,4546910000,16.360000610351562,4.09,4.29,0.0157933986591674,-1.3299999237060547,-0.07518371303299154,-0.20000000000000018
2024-08-01,5537.83984375,5566.16015625,5410.419921875,5446.68017578125,4703620000,18.59000015258789,3.99,4.16,-0.013693502993456064,2.229999542236328,0.13630803539367387,-0.16999999999999993
2024-08-02,5376.6298828125,5383.89013671875,5302.02978515625,5346.56005859375,5156450000,23.38999938964844,3.8,3.88,-0.018381860868696753,4.79999923706055,0.2582032919667485,-0.08000000000000007
2024-08-05,5151.14013671875,5250.89013671875,5119.259765625,5186.330078125,5333250000,38.56999969482422,3.78,3.89,-0.02996879838863975,15.180000305175778,0.6489953271180455,-0.11000000000000032
2024-08-06,5206.419921875,5312.33984375,5193.56005859375,5240.02978515625,4690190000,27.709999084472656,3.9,3.99,0.010354085880061037,-10.860000610351562,-0.2815660019776688,-0.0900000000000003
2024-08-07,5293.1298828125,5330.64013671875,5195.5400390625,5199.5,4558260000,27.850000381469727,3.96,4.0,-0.007734647858502863,0.1400012969970703,0.005052374652567915,-0.040000000000000036
2024-08-08,5252.56982421875,5328.02978515625,5233.85009765625,5319.31005859375,4016830000,23.790000915527344,3.99,4.04,0.023042611519136447,-4.059999465942383,-0.1457809483063327,-0.04999999999999982
2024-08-09,5314.66015625,5358.669921875,5300.83984375,5344.16015625,3516400000,20.3700008392334,3.94,4.05,0.004671676849538509,-3.4200000762939453,-0.1437578791374391,-0.10999999999999988
2024-08-12,5351.8798828125,5371.2001953125,5324.3701171875,5344.39013671875,3360160000,20.709999084472656,3.9,4.01,4.303397765514916e-05,0.3399982452392578,0.01669112573546916,-0.10999999999999988
2024-08-13,5376.97998046875,5436.5,5376.97998046875,5434.43017578125,3648980000,18.1200008392334,3.85,3.93,0.016847579753558328,-2.589998245239258,-0.12506027811373066,-0.08000000000000007
2024-08-14,5442.35986328125,5463.22021484375,5415.91015625,5455.2099609375,3380050000,16.190000534057617,3.83,3.94,0.0038237284285767004,-1.9300003051757812,-0.10651215318914042,-0.10999999999999988
2024-08-15,5501.1298828125,5546.22998046875,5501.1298828125,5543.22021484375,3723310000,15.229999542236328,3.92,4.08,0.016133247764330783,-0.9600009918212891,-0.05929592094835401,-0.16000000000000014
2024-08-16,5530.5,5561.97998046875,5525.169921875,5554.25,3357690000,14.800000190734863,3.89,4.06,0.001989779357261412,-0.42999935150146484,-0.028233707447526624,-0.16999999999999948
2024-08-19,5557.22998046875,5608.2998046875,5550.740234375,5608.25,3222050000,14.649999618530272,3.86,4.06,0.009722284736913167,-0.15000057220459162,-0.010135173666990571,-0.19999999999999973
2024-08-20,5602.8798828125,5620.509765625,5585.5,5597.1201171875,2994420000,15.880000114440918,3.82,3.99,-0.0019845553982971165,1.2300004959106463,0.08395908040535804,-0.17000000000000037
2024-08-21,5603.08984375,5632.68017578125,5591.56982421875,5620.85009765625,3119670000,16.270000457763672,3.79,3.92,0.004239676828782013,0.3900003433227539,0.024559215397492062,-0.1299999999999999
2024-08-22,5637.77001953125,5643.22021484375,5560.9501953125,5570.64013671875,2981530000,17.549999237060547,3.86,3.99,-0.008932805548120926,1.279998779296875,0.07867232595473528,-0.13000000000000034
2024-08-23,5602.490234375,5641.81982421875,5585.16015625,5634.60986328125,3291940000,15.859999656677246,3.81,3.9,0.01148337085011919,-1.6899995803833008,-0.09629627657273676,-0.08999999999999986
2024-08-26,5639.66015625,5651.6201171875,5602.33984375,5616.83984375,2938570000,16.149999618530273,3.82,3.91,-0.0031537266931381813,0.28999996185302734,0.018284991685414864,-0.0900000000000003
2024-08-27,5602.89013671875,5631.18017578125,5593.47998046875,5625.7998046875,2798990000,15.43000030517578,3.83,3.83,0.0015951960865450143,-0.719999313354494,-0.044582001879949096,0.0
2024-08-28,5624.509765625,5627.02978515625,5560.9501953125,5592.18017578125,3053450000,17.110000610351562,3.84,3.83,-0.00597597320797616,1.680000305175783,0.10887882514248881,0.009999999999999787
2024-08-29,5607.2998046875,5646.9501953125,5583.7099609375,5591.9599609375,3065640000,15.649999618530272,3.87,3.87,-3.937906806072977e-05,-1.4600009918212908,-0.0853302711712347,0.0
2024-08-30,5612.740234375,5651.3701171875,5581.7900390625,5648.39990234375,4185850000,15.0,3.91,3.91,0.010093051774424433,-0.6499996185302717,-0.041533522963198344,0.0
2024-09-03,5623.89013671875,5623.89013671875,5504.330078125,5528.93017578125,3866350000,20.71999931335449,3.84,3.88,-0.02115107439771169,5.719999313354489,0.38133328755696594,-0.040000000000000036
2024-09-04,5506.68017578125,5552.990234375,5503.66015625,5520.06982421875,3478140000,21.31999969482422,3.77,3.76,-0.0016025435809103872,0.6000003814697301,0.028957548327861904,0.010000000000000231
2024-09-05,5520.080078125,5546.2998046875,5480.5400390625,5503.41015625,3521650000,19.899999618530277,3.73,3.75,-0.003018017615584734,-1.4200000762939418,-0.06660413211162808,-0.020000000000000018
2024-09-06,5507.330078125,5522.47021484375,5402.6201171875,5408.419921875,3822800000,22.3799991607666,3.72,3.66,-0.01726024985928465,2.4799995422363246,0.12462309496363133,0.06000000000000005
2024-09-09,5442.06982421875,5484.2001953125,5434.490234375,5471.0498046875,3825940000,19.450000762939453,3.7,3.68,0.0115800702824842,-2.9299983978271484,-0.13092039802055044,0.020000000000000018
2024-09-10,5490.509765625,5497.91015625,5441.72021484375,5495.52001953125,3848180000,19.07999992370605,3.65,3.59,0.004472672652839682,-0.370000839233402,-0.019023178648836403,0.06000000000000005
2024-09-11,5496.419921875,5560.41015625,5406.9599609375,5554.1298828125,3839450000,17.690000534057617,3.65,3.62,0.010665025888896507,-1.389999389648434,-0.07285112134206151,0.029999999999999805
2024-09-12,5557.47998046875,5600.7099609375,5535.5,5595.759765625,3655070000,17.06999969482422,3.68,3.64,0.007495302358939249,-0.6200008392333984,-0.035048096128643014,0.040000000000000036
2024-09-13,5603.33984375,5636.27001953125,5601.64990234375,5626.02001953125,3500790000,16.559999465942383,3.66,3.57,0.005407711405364557,-0.5100002288818359,-0.029876991095463934,0.0900000000000003
2024-09-16,5615.2099609375,5636.0498046875,5604.52978515625,5633.08984375,3437070000,17.139999389648438,3.63,3.56,0.0012566297656613212,0.5799999237060547,0.03502415111177348,0.06999999999999984
2024-09-17,5655.509765625,5670.81005859375,5614.0498046875,5634.580078125,3443600000,17.610000610351562,3.65,3.59,0.00026455008109871336,0.470001220703125,0.027421309068831112,0.06000000000000005
2024-09-18,5641.68017578125,5689.75,5615.080078125,5618.259765625,3691390000,18.229999542236328,3.7,3.61,-0.002896455862498093,0.6199989318847656,0.03520720672322497,0.0900000000000003
2024-09-19,5702.6298828125,5733.56982421875,5686.419921875,5713.64013671875,4024530000,16.329999923706055,3.73,3.59,0.01697685316676334,-1.8999996185302734,-0.10422378860340853,0.14000000000000012
2024-09-20,5709.64013671875,5715.14013671875,5674.490234375,5702.5498046875,7867260000,16.149999618530273,3.73,3.55,-0.0019410273951238066,-0.18000030517578125,-0.011022676424785383,0.18000000000000016
2024-09-23,5711.89990234375,5725.35986328125,5704.22021484375,5718.56982421875,3529550000,15.890000343322754,3.75,3.57,0.0028092730585327352,-0.25999927520751953,-0.01609902670890473,0.18000000000000016
2024-09-24,5727.66015625,5735.31982421875,5698.990234375,5732.93017578125,3872710000,15.390000343322754,3.74,3.49,0.0025111788443470395,-0.5,-0.031466330345934046,0.25
2024-09-25,5733.64990234375,5741.02978515625,5712.06005859375,5722.259765625,3624910000,15.40999984741211,3.79,3.53,-0.0018612489301417234,0.01999950408935547,0.0012995129072905787,0.26000000000000023
2024-09-26,5762.22021484375,5767.3701171875,5721.009765625,5745.3701171875,4391180000,15.369999885559082,3.79,3.6,0.00403867571712313,-0.039999961853027344,-0.002595714617073419,0.18999999999999995
2024-09-27,5755.35986328125,5763.77978515625,5727.33984375,5738.169921875,3898530000,16.959999084472656,3.75,3.55,-0.0012532169669905446,1.5899991989135742,0.10344822451218505,0.20000000000000018
2024-09-30,5726.52001953125,5765.14013671875,5703.52978515625,5762.47998046875,4425730000,16.729999542236328,3.81,3.66,0.004236552581176722,-0.22999954223632812,-0.013561294495994303,0.1499999999999999
2024-10-01,5757.72998046875,5757.72998046875,5681.27978515625,5708.75,4025180000,19.26000022888184,3.74,3.61,-0.009324107094664358,2.5300006866455114,0.15122538887453674,0.13000000000000034
2024-10-02,5698.14013671875,5719.6298828125,5674.0,5709.5400390625,3829050000,18.899999618530277,3.79,3.63,0.00013839090212397487,-0.3600006103515625,-0.018691620253031727,0.16000000000000014
2024-10-03,5698.18994140625,5718.77978515625,5677.3701171875,5699.93994140625,3597450000,20.489999771118164,3.85,3.7,-0.001681413492255035,1.590000152587887,0.0841269938984015,0.1499999999999999
2024-10-04,5737.47998046875,5753.2099609375,5702.830078125,5751.06982421875,3479400000,19.209999084472656,3.98,3.93,0.008970249395274354,-1.2800006866455078,-0.06246953152482426,0.04999999999999982
2024-10-07,5737.7998046875,5739.33984375,5686.85009765625,5695.93994140625,3637790000,22.63999938964844,4.03,3.99,-0.009586022165882668,3.430000305175785,0.17855286145995897,0.040000000000000036
2024-10-08,5719.14013671875,5757.60009765625,5714.56005859375,5751.1298828125,3393400000,21.420000076293945,4.04,3.98,0.009689347495581924,-1.2199993133544957,-0.05388689691892434,0.06000000000000005
2024-10-09,5751.7998046875,5796.7998046875,5745.02001953125,5792.0400390625,3650340000,20.86000061035156,4.06,3.99,0.007113411987488272,-0.5599994659423864,-0.02614376582389244,0.0699999999999994
2024-10-10,5778.35986328125,5795.02978515625,5764.759765625,5780.0498046875,3208790000,20.93000030517578,4.09,3.98,-0.002070122839989974,0.0699996948242223,0.003355689970089726,0.10999999999999988
2024-10-11,5775.08984375,5822.1298828125,5775.08984375,5815.02978515625,3208720000,20.459999084472656,4.08,3.95,0.006051847587953629,-0.470001220703125,-0.022455863060207304,0.1299999999999999
2024-10-14,5829.81005859375,5871.41015625,5829.56982421875,5859.85009765625,3005250000,19.700000762939453,4.08,3.95,0.0077076668832223305,-0.7599983215332031,-0.037145569674535084,0.1299999999999999
2024-10-15,5866.740234375,5870.35986328125,5804.47998046875,5815.259765625,3882120000,20.63999938964844,4.03,3.95,-0.007609466332438197,0.9399986267089879,0.047715664482478326,0.08000000000000007
2024-10-16,5816.580078125,5846.52001953125,5808.33984375,5842.47021484375,3467230000,19.57999992370605,4.02,3.93,0.004679145956573816,-1.05999946594239,-0.05135656479108286,0.08999999999999941
2024-10-17,5875.6201171875,5878.4599609375,5840.25,5841.47021484375,3480010000,19.11000061035156,4.09,3.96,-0.00017116047891174713,-0.4699993133544922,-0.024004050826652468,0.1299999999999999
2024-10-18,5859.43017578125,5872.169921875,5846.10986328125,5864.669921875,3374490000,18.030000686645508,4.08,3.95,0.00397155273894878,-1.0799999237060511,-0.05651490786039193,0.1299999999999999
2024-10-21,5857.81982421875,5866.919921875,5824.7900390625,5853.97998046875,3407010000,18.3700008392334,4.19,4.02,-0.0018227694906369774,0.3400001525878906,0.018857467534081795,0.17000000000000082
2024-10-22,5832.7001953125,5863.0400390625,5821.169921875,5851.2001953125,3342080000,18.200000762939453,4.2,4.03,-0.0004748538883844189,-0.1700000762939453,-0.009254222565459602,0.16999999999999993
2024-10-23,5834.5,5834.85009765625,5762.41015625,5797.419921875,3532650000,19.239999771118164,4.24,4.07,-0.009191323428069387,1.039999008178711,0.05714280025176999,0.16999999999999993
2024-10-24,5817.7998046875,5817.7998046875,5784.919921875,5809.85986328125,3543030000,19.07999992370605,4.21,4.07,0.002145772011323821,-0.15999984741211293,-0.008316000484173358,0.13999999999999968
2024-10-25,5826.75,5862.81982421875,5799.97998046875,5808.1201171875,3501280000,20.32999992370605,4.25,4.11,-0.00029944716993013376,1.25,0.06551362709634656,0.13999999999999968
2024-10-28,5833.93017578125,5842.919921875,5823.080078125,5823.52001953125,3691280000,19.799999237060547,4.28,4.12,0.0026514435020339455,-0.5300006866455043,-0.026069881388808613,0.16000000000000014
2024-10-29,5819.68017578125,5847.18994140625,5802.169921875,5832.919921875,3879100000,19.34000015258789,4.28,4.11,0.001614127248163344,-0.45999908447265625,-0.023232277888761477,0.16999999999999993
2024-10-30,5832.64990234375,5850.93994140625,5811.27978515625,5813.669921875,3851120000,20.350000381469727,4.29,4.15,-0.003300233889343751,1.010000228881836,0.05222338267389759,0.13999999999999968
2024-10-31,5775.33984375,5775.33984375,5702.85986328125,5705.4501953125,4425660000,23.15999984741211,4.28,4.16,-0.018614700871699585,2.809999465942383,0.13808350925148427,0.1200000000000001
2024-11-01,5723.22021484375,5772.52001953125,5723.22021484375,5728.7998046875,3796450000,21.8799991607666,4.37,4.21,0.004092509543626166,-1.2800006866455078,-0.055267732948130144,0.16000000000000014
2024-11-04,5725.14990234375,5741.43017578125,5696.509765625,5712.68994140625,3602060000,21.979999542236328,4.31,4.17,-0.002812083478299976,0.10000038146972656,0.004570401522182799,0.13999999999999968
2024-11-05,5722.43017578125,5783.43994140625,5722.10009765625,5782.759765625,3768310000,20.489999771118164,4.26,4.19,0.012265644545291332,-1.489999771118164,-0.06778888999770039,0.0699999999999994
2024-11-06,5864.89013671875,5936.14013671875,5864.89013671875,5929.0400390625,6329530000,16.270000457763672,4.42,4.27,0.025295927786425976,-4.219999313354492,-0.20595409275225196,0.15000000000000036
2024-11-07,5947.2099609375,5983.83984375,5947.2099609375,5973.10009765625,4925740000,15.199999809265137,4.31,4.21,0.007431229727488331,-1.0700006484985352,-0.06576525005492273,0.09999999999999964
2024-11-08,5976.759765625,6012.4501953125,5976.759765625,5995.5400390625,4666740000,14.9399995803833,4.3,4.26,0.0037568333092317108,-0.26000022888183594,-0.017105278430553206,0.040000000000000036
2024-11-11,6008.85986328125,6017.31005859375,5986.68994140625,6001.35009765625,4333000000,14.970000267028809,4.3,4.26,0.0009690634297987444,0.030000686645507812,0.002008078145122605,0.040000000000000036
2024-11-12,6003.60009765625,6009.919921875,5960.080078125,5983.990234375,4243400000,14.710000038146973,4.43,4.34,-0.00289265965137242,-0.26000022888183594,-0.017368084451840793,0.08999999999999986
2024-11-13,5985.75,6008.18994140625,5965.91015625,5985.3798828125,4220180000,14.020000457763672,4.44,4.27,0.00023222772482434095,-0.6899995803833008,-0.04690683742990798,0.17000000000000082
2024-11-14,5989.68017578125,5993.8798828125,5942.27978515625,5949.169921875,4184570000,14.3100004196167,4.43,4.34,-0.006049734794859041,0.28999996185302734,0.020684732695029018,0.08999999999999986
2024-11-15,5912.7900390625,5915.31982421875,5853.009765625,5870.6201171875,4590960000,16.139999389648438,4.43,4.31,-0.013203489851361216,1.8299989700317383,0.1278825238553527,0.1200000000000001
2024-11-18,5874.169921875,5908.1201171875,5865.9501953125,5893.6201171875,3983860000,15.579999923706056,4.42,4.29,0.003917814394541086,-0.559999465942381,-0.03469637466662745,0.1299999999999999
2024-11-19,5870.0498046875,5923.509765625,5855.2900390625,5916.97998046875,4036940000,16.350000381469727,4.39,4.27,0.003963584828470035,0.7700004577636701,0.049422365952137115,0.1200000000000001
2024-11-20,5914.33984375,5920.669921875,5860.56005859375,5917.10986328125,3772620000,17.15999984741211,4.41,4.31,2.195086225209586e-05,0.8099994659423828,0.049541250583724494,0.10000000000000053
2024-11-21,5940.580078125,5963.31982421875,5887.259765625,5948.7099609375,4230120000,16.8700008392334,4.43,4.34,0.0053404615405816536,-0.28999900817871094,-0.016899709251596895,0.08999999999999986
2024-11-22,5944.35986328125,5972.89990234375,5944.35986328125,5969.33984375,4141420000,15.239999771118164,4.41,4.37,0.003467959094991535,-1.6300010681152344,-0.0966212796103989,0.040000000000000036
2024-11-25,5992.27978515625,6020.75,5963.91015625,5987.3701171875,5633150000,14.600000381469728,4.27,4.21,0.003020480305938378,-0.6399993896484357,-0.04199471123755005,0.05999999999999961
2024-11-26,6000.02978515625,6025.419921875,5992.27001953125,6021.6298828125,3835170000,14.100000381469728,4.3,4.21,0.005722005647630368,-0.5,-0.0342465744476691,0.08999999999999986
2024-11-27,6014.10986328125,6020.16015625,5984.8701171875,5998.740234375,3363340000,14.100000381469728,4.25,4.19,-0.003801238017440034,0.0,0.0,0.05999999999999961
2024-11-29,6003.97998046875,6044.169921875,6003.97998046875,6032.3798828125,2444420000,13.510000228881836,4.18,4.13,0.005607785488815242,-0.5900001525878924,-0.041843981320970225,0.04999999999999982
2024-12-02,6040.10986328125,6053.580078125,6035.330078125,6047.14990234375,4412470000,13.34000015258789,4.19,4.17,0.0024484564662998753,-0.1700000762939453,-0.012583277084667777,0.020000000000000462
2024-12-03,6042.97021484375,6052.06982421875,6033.39013671875,6049.8798828125,4095000000,13.300000190734863,4.23,4.17,0.0004514491145146682,-0.039999961853027344,-0.002998497855734139,0.0600000000000005
2024-12-04,6069.39013671875,6089.83984375,6061.06005859375,6086.490234375,4003390000,13.449999809265137,4.19,4.13,0.006051417924264779,0.14999961853027344,0.01127816664504766,0.0600000000000005
2024-12-05,6089.02978515625,6094.5498046875,6072.89990234375,6075.10986328125,4212020000,13.539999961853027,4.17,4.15,-0.0018697756269248078,0.09000015258789062,0.006691461253842901,0.019999999999999574
2024-12-06,6081.3798828125,6099.97021484375,6079.97998046875,6090.27001953125,3924830000,12.770000457763672,4.15,4.1,0.0024954538421815275,-0.7699995040893555,-0.056868501200791455,0.05000000000000071
2024-12-09,6083.009765625,6088.509765625,6048.6298828125,6052.85009765625,4556460000,14.1899995803833,4.2,4.13,-0.006144213927296471,1.419999122619629,0.1111980479026784,0.07000000000000028
2024-12-10,6057.58984375,6065.39990234375,6029.89013671875,6034.91015625,4048410000,14.18000030517578,4.22,4.15,-0.002963883313944371,-0.009999275207521308,-0.0007046705780981988,0.0699999999999994
2024-12-11,6060.14990234375,6092.58984375,6060.14990234375,6084.18994140625,4269950000,13.579999923706056,4.26,4.15,0.008165786048233592,-0.600000381469723,-0.04231314305760059,0.10999999999999943
2024-12-12,6074.2900390625,6079.68017578125,6051.25,6051.25,3678010000,13.920000076293944,4.32,4.18,-0.005414022527810203,0.3400001525878871,0.025036830228132967,0.14000000000000057
2024-12-13,6068.169921875,6078.580078125,6035.77001953125,6051.08984375,3584960000,13.8100004196167,4.4,4.25,-2.6466639124200775e-05,-0.10999965667724432,-0.007902274143272159,0.15000000000000036
2024-12-16,6063.7900390625,6085.18994140625,6059.14013671875,6074.080078125,4391100000,14.6899995803833,4.39,4.25,0.0037993543260221863,0.8799991607666016,0.06372187791657047,0.13999999999999968
2024-12-17,6052.5498046875,6057.68017578125,6035.18994140625,6050.60986328125,4544500000,15.869999885559082,4.4,4.25,-0.003863994965801476,1.1800003051757812,0.0803267759620312,0.15000000000000036
2024-12-18,6047.64990234375,6070.669921875,5867.7900390625,5872.16015625,5246960000,27.6200008392334,4.5,4.35,-0.02949284635160343,11.750000953674316,0.7403907396600702,0.15000000000000036
2024-12-19,5912.7099609375,5935.52001953125,5866.06982421875,5867.080078125,4896880000,24.09000015258789,4.57,4.32,-0.0008651123249070469,-3.530000686645508,-0.1278059587033482,0.25
2024-12-20,5842.0,5982.06005859375,5832.2998046875,5930.85009765625,8223220000,18.36000061035156,4.52,4.3,0.010869123768910471,-5.729999542236332,-0.23785801186974176,0.21999999999999975
2024-12-23,5940.25,5978.25,5902.56982421875,5974.06982421875,3593280000,16.780000686645508,4.59,4.3,0.007287273468533639,-1.5799999237060511,-0.08605663786390239,0.29000000000000004
2024-12-24,5984.6298828125,6040.10009765625,5981.43994140625,6040.0400390625,1757720000,14.270000457763672,4.59,4.29,0.01104275925539211,-2.510000228881836,-0.14958284422952606,0.2999999999999998
2024-12-26,6024.97021484375,6049.75,6007.3701171875,6037.58984375,2904530000,14.729999542236328,4.58,4.3,-0.00040565878647391695,0.45999908447265625,0.03223539381334706,0.28000000000000025
2024-12-27,6006.169921875,6006.169921875,5932.9501953125,5970.83984375,3159610000,15.949999809265137,4.62,4.31,-0.011055736101235558,1.2200002670288086,0.08282418906603617,0.3100000000000005
2024-12-30,5920.669921875,5940.7900390625,5869.16015625,5906.93994140625,3433250000,17.399999618530273,4.55,4.24,-0.010701995701766776,1.4499998092651367,0.0909090800379102,0.3099999999999996
2024-12-31,5919.740234375,5929.740234375,5868.85986328125,5881.6298828125,3128350000,17.350000381469727,4.58,4.25,-0.004284800394927402,-0.049999237060546875,-0.002873519434293592,0.33000000000000007
2025-01-02,5903.259765625,5935.08984375,5829.52978515625,5868.5498046875,3621680000,17.93000030517578,4.57,4.25,-0.0022238866412221947,0.5799999237060547,0.03342938968033171,0.3200000000000003
2025-01-03,5891.06982421875,5949.33984375,5888.66015625,5942.47021484375,3667340000,16.1299991607666,4.6,4.28,0.01259602672149196,-1.8000011444091797,-0.10039046925668937,0.3199999999999994
2025-01-06,5982.81005859375,6021.0400390625,5960.009765625,5975.3798828125,4940120000,16.040000915527344,4.62,4.28,0.005538045085450305,-0.08999824523925781,-0.005579556721748813,0.33999999999999986
2025-01-07,5993.259765625,6000.68017578125,5890.68017578125,5909.02978515625,4517330000,17.81999969482422,4.67,4.3,-0.01110391288210788,1.779998779296875,0.11097248614080613,0.3700000000000001
2025-01-08,5910.66015625,5927.89013671875,5874.77978515625,5918.25,4441740000,17.700000762939453,4.67,4.28,0.001560360190925314,-0.11999893188476562,-0.006733946910202238,0.3899999999999997
2025-01-10,5890.35009765625,5890.35009765625,5807.77978515625,5827.0400390625,4751930000,19.540000915527344,4.77,4.4,-0.01541164380306681,1.8400001525878906,0.1039548063998117,0.3699999999999992
2025-01-13,5782.02001953125,5838.60986328125,5773.31005859375,5836.22021484375,4421200000,19.190000534057617,4.79,4.4,0.0015754440882007614,-0.35000038146972656,-0.017911994118260277,0.3899999999999997
2025-01-14,5859.27001953125,5871.919921875,5805.419921875,5842.91015625,4142280000,18.709999084472656,4.78,4.37,0.0011462798112440442,-0.48000144958496094,-0.025013102460996528,0.41000000000000014
2025-01-15,5905.2099609375,5960.60986328125,5905.2099609375,5949.91015625,4544570000,16.1200008392334,4.66,4.27,0.018312792279639112,-2.589998245239258,-0.13842856076827315,0.39000000000000057
2025-01-16,5963.60986328125,5964.68994140625,5930.72021484375,5937.33984375,4285810000,16.600000381469727,4.61,4.23,-0.0021126894641922966,0.4799995422363281,0.029776644990494594,0.3799999999999999
2025-01-17,5995.39990234375,6014.9599609375,5978.43994140625,5996.66015625,4366830000,15.970000267028809,4.61,4.27,0.009991058969353706,-0.630000114440918,-0.03795181325081021,0.34000000000000075
2025-01-21,6014.1201171875,6051.509765625,6006.8798828125,6049.240234375,4702920000,15.0600004196167,4.57,4.29,0.008768227105582893,-0.9099998474121094,-0.05698183044435312,0.28000000000000025
2025-01-22,6081.39013671875,6100.81005859375,6076.1298828125,6086.3701171875,4323040000,15.100000381469728,4.6,4.29,0.006137941522227575,0.03999996185302912,0.0026560398896753323,0.3099999999999996
2025-01-23,6076.31982421875,6118.72998046875,6074.669921875,6118.7099609375,4432250000,15.020000457763672,4.65,4.29,0.00531348622041139,-0.07999992370605646,-0.005298008058611026,0.3600000000000003
2025-01-24,6121.43017578125,6128.18017578125,6088.740234375,6101.240234375,4214250000,14.850000381469728,4.63,4.27,-0.002855132319398823,-0.17000007629394354,-0.011318247078086596,0.3600000000000003
2025-01-27,5969.0400390625,6017.169921875,5962.919921875,6012.27978515625,5198750000,17.899999618530273,4.53,4.17,-0.014580715690809543,3.049999237060545,0.20538714873478559,0.3600000000000003
2025-01-28,6026.97021484375,6074.5400390625,5994.6298828125,6067.7001953125,4473640000,16.40999984741211,4.55,4.19,0.009217869449967608,-1.489999771118164,-0.08324021245093771,0.35999999999999943
2025-01-29,6057.7001953125,6062.830078125,6012.9599609375,6039.31005859375,4115310000,16.559999465942383,4.55,4.21,-0.004678895760321544,0.14999961853027344,0.009140744663317601,0.33999999999999986
2025-01-30,6050.75,6086.64013671875,6027.4599609375,6071.169921875,4634620000,15.84000015258789,4.52,4.18,0.005275414405311762,-0.7199993133544922,-0.04347822080763086,0.33999999999999986
2025-01-31,6096.7900390625,6120.91015625,6030.93017578125,6040.52978515625,4843770000,16.43000030517578,4.58,4.22,-0.005046825754019935,0.5900001525878906,0.03724748402174094,0.3600000000000003
2025-02-03,5969.64990234375,6022.1298828125,5923.93017578125,5994.56982421875,4797210000,18.6200008392334,4.54,4.26,-0.007608597684666707,2.190000534057617,0.1332927871807601,0.28000000000000025
2025-02-04,5998.14013671875,6042.47998046875,5990.8701171875,6037.8798828125,4410160000,17.209999084472656,4.52,4.21,0.007224881828679752,-1.4100017547607422,-0.07572511768043466,0.3099999999999996
2025-02-05,6020.4501953125,6062.85986328125,6007.06005859375,6061.47998046875,4756250000,15.770000457763672,4.43,4.17,0.003908672930614365,-1.4399986267089844,-0.08367220821110855,0.2599999999999998
2025-02-06,6072.22021484375,6084.02978515625,6046.830078125,6083.56982421875,4847120000,15.5,4.45,4.21,0.003644298722618622,-0.2700004577636719,-0.01712114457363567,0.2400000000000002
2025-02-07,6083.1298828125,6101.27978515625,6019.9599609375,6025.990234375,4766900000,16.540000915527344,4.49,4.29,-0.009464770111542897,1.0400009155273438,0.06709683325982874,0.20000000000000018
2025-02-10,6046.39990234375,6073.3798828125,6044.83984375,6066.43994140625,4458760000,15.8100004196167,4.51,4.28,0.006712541085862833,-0.7300004959106445,-0.04413545680190001,0.22999999999999954
2025-02-11,6049.31982421875,6076.27978515625,6042.33984375,6068.5,4324880000,16.020000457763672,4.54,4.29,0.00033958278885926063,0.21000003814697266,0.013282734508116123,0.25
2025-02-12,6025.080078125,6063.0,6003.0,6051.97021484375,4627960000,15.890000343322754,4.62,4.36,-0.0027238667143857365,-0.13000011444091797,-0.008114863341212808,0.2599999999999998
2025-02-13,6060.58984375,6116.91015625,6050.9501953125,6115.06982421875,4763800000,15.100000381469728,4.52,4.31,0.010426292122230674,-0.7899999618530256,-0.04971679954588526,0.20999999999999996
2025-02-14,6115.52001953125,6127.47021484375,6107.6201171875,6114.6298828125,4335190000,14.770000457763672,4.47,4.26,-7.194380749464546e-05,-0.32999992370605646,-0.021854299031079716,0.20999999999999996
2025-02-18,6121.60009765625,6129.6298828125,6099.509765625,6129.580078125,4684980000,15.350000381469728,4.55,4.29,0.0024449877750611915,0.5799999237060565,0.03926878170143766,0.2599999999999998
2025-02-19,6117.759765625,6147.43017578125,6111.14990234375,6144.14990234375,4562330000,15.270000457763672,4.53,4.28,0.0023769693899173827,-0.07999992370605646,-0.005211721284556492,0.25
2025-02-20,6134.5,6134.5,6084.58984375,6117.52001953125,4813690000,15.65999984741211,4.5,4.28,-0.0043341850761716705,0.3899993896484375,0.025540234312838583,0.21999999999999975
2025-02-21,6114.10009765625,6114.81982421875,6008.56005859375,6013.1298828125,5434560000,18.209999084472656,4.42,4.19,-0.01706412670256352,2.549999237060547,0.1628352019097845,0.22999999999999954
2025-02-24,6026.68994140625,6043.64990234375,5977.830078125,5983.25,4990120000,18.979999542236328,4.4,4.13,-0.00496910650440241,0.7700004577636719,0.04228448635234905,0.27000000000000046
2025-02-25,5982.72998046875,5992.64990234375,5908.490234375,5955.25,5374690000,19.43000030517578,4.3,4.07,-0.004679730915472358,0.4500007629394531,0.023709208313628327,0.22999999999999954
2025-02-26,5970.8701171875,6009.81982421875,5932.68994140625,5956.06005859375,4869580000,19.100000381469727,4.25,4.05,0.00013602428004699796,-0.3299999237060547,-0.016984041097423352,0.20000000000000018
2025-02-27,5981.8798828125,5993.68994140625,5858.77978515625,5861.56982421875,5057680000,21.1299991607666,4.29,4.07,-0.015864553655509872,2.029998779296875,0.1062826564792283,0.21999999999999975
2025-02-28,5856.740234375,5959.39990234375,5837.66015625,5954.5,6441140000,19.6299991607666,4.24,3.99,0.01585414463498891,-1.5,-0.07098911782188544,0.25
2025-03-03,5968.330078125,5986.08984375,5810.91015625,5849.72021484375,5613850000,22.780000686645508,4.16,3.96,-0.0175967394669998,3.1500015258789062,0.16046875499488777,0.20000000000000018
2025-03-04,5811.97998046875,5865.080078125,5732.58984375,5778.14990234375,6138110000,23.51000022888184,4.22,3.96,-0.012234826602200433,0.7299995422363317,0.032045633021612785,0.2599999999999998
2025-03-05,5781.35986328125,5860.58984375,5742.35009765625,5842.6298828125,5285970000,21.93000030517578,4.28,3.99,0.011159277893187936,-1.5799999237060582,-0.06720544059225664,0.29000000000000004
2025-03-06,5785.8701171875,5812.080078125,5711.64013671875,5738.52001953125,5165080000,24.8700008392334,4.29,3.96,-0.017819007085749905,2.940000534057617,0.1340629499838053,0.33000000000000007
2025-03-07,5726.009765625,5783.009765625,5666.2900390625,5770.2001953125,5705140000,23.3700008392334,4.32,3.99,0.00552061780274804,-1.5,-0.06031362884530711,0.33000000000000007
2025-03-10,5705.3701171875,5705.3701171875,5564.02001953125,5614.56005859375,6409370000,27.86000061035156,4.22,3.89,-0.0269730913054258,4.4899997711181605,0.19212664141544988,0.3299999999999996
2025-03-11,5603.64990234375,5636.2998046875,5528.41015625,5572.06982421875,6221240000,26.920000076293945,4.28,3.94,-0.007567865323653167,-0.9400005340576136,-0.0337401476476763,0.3400000000000003
2025-03-12,5624.83984375,5642.18994140625,5546.08984375,5599.2998046875,5219830000,24.229999542236328,4.32,4.01,0.004886869929446425,-2.690000534057617,-0.09992572535044164,0.3100000000000005
2025-03-13,5594.4501953125,5597.77978515625,5504.64990234375,5521.52001953125,5018980000,24.65999984741211,4.27,3.94,-0.013890984206835322,0.43000030517578125,0.017746608060236646,0.3299999999999996
2025-03-14,5563.85009765625,5645.27001953125,5563.85009765625,5638.93994140625,4863180000,21.770000457763672,4.31,4.02,0.021265869083087807,-2.8899993896484375,-0.1171938121464231,0.29000000000000004
2025-03-17,5635.60009765625,5703.52001953125,5631.1201171875,5675.1201171875,5031770000,20.51000022888184,4.31,4.06,0.006416130719105961,-1.2600002288818324,-0.05787782280144549,0.25
2025-03-18,5654.52978515625,5654.52978515625,5597.759765625,5614.66015625,4666270000,21.700000762939453,4.29,4.04,-0.010653512117636543,1.1900005340576136,0.0580205032071075,0.25
2025-03-19,5632.3701171875,5715.330078125,5622.2001953125,5675.2900390625,4660090000,19.899999618530277,4.25,3.99,0.010798495567894584,-1.8000011444091761,-0.08294935857713537,0.2599999999999998
2025-03-20,5646.919921875,5711.14990234375,5632.330078125,5662.89013671875,4678420000,19.799999237060547,4.24,3.95,-0.0021848931523151816,-0.10000038146973012,-0.005025144893802569,0.29000000000000004
2025-03-21,5630.72998046875,5670.83984375,5603.10009765625,5667.56005859375,9367460000,19.280000686645508,4.25,3.94,0.0008246534476661349,-0.5199985504150391,-0.02626255406322109,0.31000000000000005
2025-03-24,5718.080078125,5775.14013671875,5718.080078125,5767.56982421875,4517990000,17.479999542236328,4.34,4.04,0.017646000146633645,-1.8000011444091797,-0.09336105188294774,0.2999999999999998
2025-03-25,5775.9599609375,5786.9501953125,5760.419921875,5776.64990234375,4467340000,17.149999618530273,4.31,3.96,0.0015743334544251475,-0.3299999237060547,-0.018878714665219953,0.34999999999999964
2025-03-26,5771.66015625,5783.6201171875,5694.41015625,5712.2001953125,4183140000,18.32999992370605,4.35,3.98,-0.011156934922627149,1.1800003051757777,0.06880468404796969,0.36999999999999966
2025-03-27,5695.64013671875,5732.27978515625,5670.93994140625,5693.31005859375,4403460000,18.690000534057617,4.38,3.97,-0.003306980860763864,0.36000061035156605,0.01963996791325573,0.4099999999999997
2025-03-28,5679.2001953125,5685.89013671875,5572.419921875,5580.93994140625,4513330000,21.649999618530277,4.27,3.89,-0.01973722070834405,2.95999908447266,0.1583734082339292,0.37999999999999945
2025-03-31,5527.91015625,5627.56005859375,5488.72998046875,5611.85009765625,5257250000,22.280000686645508,4.23,3.89,0.005538521570653376,0.6300010681152308,0.02909935700765609,0.3400000000000003
2025-04-01,5597.52978515625,5650.56982421875,5558.52001953125,5633.06982421875,4434500000,21.770000457763672,4.17,3.87,0.0037812354559083605,-0.5100002288818359,-0.02289049430718948,0.2999999999999998
2025-04-02,5580.759765625,5695.31005859375,5571.47998046875,5670.97021484375,4243830000,21.51000022888184,4.2,3.91,0.006728194715792668,-0.2600002288818324,-0.011943051144452821,0.29000000000000004
2025-04-03,5492.740234375,5499.52978515625,5390.830078125,5396.52001953125,7210470000,30.020000457763672,4.06,3.71,-0.04839563335990149,8.510000228881832,0.39562994599392476,0.34999999999999964
2025-04-04,5292.14013671875,5292.14013671875,5069.89990234375,5074.080078125,8853500000,45.310001373291016,4.01,3.68,-0.05974960534553109,15.290000915527344,0.5093271379872046,0.3299999999999996
2025-04-07,4953.7900390625,5246.56982421875,4835.0400390625,5062.25,8691980000,46.97999954223633,4.15,3.73,-0.0023314724921273955,1.6699981689453125,0.03685716438600095,0.4200000000000004
2025-04-08,5193.56982421875,5267.47021484375,4910.419921875,4982.77001953125,7408140000,52.33000183105469,4.26,3.71,-0.015700524562941354,5.350002288818359,0.11387829589075582,0.5499999999999998
2025-04-09,4965.27978515625,5481.33984375,4948.43017578125,5456.89990234375,9489600000,33.619998931884766,4.34,3.91,0.09515387644904849,-18.710002899169922,-0.35753873962348437,0.4299999999999997
2025-04-10,5353.14990234375,5353.14990234375,5115.27001953125,5268.0498046875,6677140000,40.720001220703125,4.4,3.84,-0.03460757958472693,7.100002288818359,0.21118389394369697,0.5600000000000005
2025-04-11,5255.56005859375,5381.4599609375,5220.77001953125,5363.35986328125,5602550000,37.560001373291016,4.48,3.96,0.018092095201708958,-3.1599998474121094,-0.07760313734483593,0.5200000000000005
2025-04-14,5441.9599609375,5459.4599609375,5358.02001953125,5405.97021484375,5031440000,30.88999938964844,4.38,3.84,0.007944712390868913,-6.670001983642575,-0.17758258093104395,0.54
2025-04-15,5411.990234375,5450.41015625,5386.43994140625,5396.6298828125,4317110000,30.1200008392334,4.35,3.84,-0.0017277808903947145,-0.7699985504150426,-0.024927114458703326,0.5099999999999998
2025-04-16,5335.75,5367.240234375,5220.7900390625,5275.7001953125,4607750000,32.63999938964844,4.29,3.77,-0.0224083715440897,2.519998550415039,0.08366528818726215,0.52
2025-04-17,5305.4501953125,5328.31005859375,5255.580078125,5282.7001953125,4714880000,29.649999618530277,4.34,3.81,0.0013268380955802073,-2.9899997711181605,-0.09160538685752606,0.5299999999999998
2025-04-21,5232.93994140625,5232.93994140625,5101.6298828125,5158.2001953125,4226340000,33.81999969482422,4.42,3.75,-0.023567493023827546,4.170000076293942,0.1406408138261097,0.6699999999999999
2025-04-22,5207.669921875,5309.60986328125,5207.669921875,5287.759765625,4666950000,30.56999969482422,4.41,3.76,0.025117204723895226,-3.25,-0.09609698490025054,0.6500000000000004
2025-04-23,5395.919921875,5469.68994140625,5356.169921875,5375.85986328125,5371390000,28.450000762939453,4.4,3.81,0.01666113847096007,-2.1199989318847656,-0.06934900075395489,0.5900000000000003
2025-04-24,5381.3798828125,5489.39990234375,5371.9599609375,5484.77001953125,4697710000,26.46999931335449,4.32,3.77,0.020259113708281262,-1.9800014495849645,-0.06959583115949242,0.5500000000000003
2025-04-25,5489.72998046875,5528.10986328125,5455.85986328125,5525.2099609375,4236580000,24.84000015258789,4.29,3.74,0.007373133469998461,-1.629999160766598,-0.061579116095565656,0.5499999999999998
2025-04-28,5529.22021484375,5553.66015625,5468.64013671875,5528.75,4257880000,25.149999618530277,4.23,3.67,0.0006407067039131409,0.30999946594238637,0.01247984959895776,0.5600000000000005
2025-04-29,5508.8701171875,5571.9501953125,5505.7001953125,5560.830078125,4747150000,24.170000076293945,4.19,3.65,0.005802410694099036,-0.9799995422363317,-0.03896618517299211,0.5400000000000005
2025-04-30,5499.43994140625,5581.83984375,5433.240234375,5569.06005859375,5449490000,24.700000762939453,4.17,3.6,0.00147999135976562,0.5300006866455078,0.021928038269446892,0.5699999999999998
2025-05-01,5625.14013671875,5658.91015625,5597.35009765625,5604.14013671875,4935270000,24.600000381469727,4.25,3.7,0.006299102138585644,-0.10000038146972656,-0.004048598315015806,0.5499999999999998
2025-05-02,5645.8798828125,5700.7001953125,5642.27978515625,5686.669921875,4854380000,22.68000030517578,4.33,3.83,0.01472657412963474,-1.9200000762939453,-0.07804878237889012,0.5
2025-05-05,5655.31982421875,5683.3798828125,5634.47998046875,5650.3798828125,4358260000,23.63999938964844,4.36,3.83,-0.006381597588933863,0.9599990844726598,0.04232800139132187,0.5300000000000002
2025-05-06,5605.8701171875,5649.580078125,5586.0400390625,5606.91015625,4717260000,24.76000022888184,4.3,3.78,-0.007693239651855532,1.1200008392333984,0.04737736328892739,0.52
2025-05-07,5614.18017578125,5654.72998046875,5578.64013671875,5631.27978515625,4987440000,23.549999237060547,4.26,3.78,0.00434635623313584,-1.2100009918212926,-0.048869183385946036,0.48
2025-05-08,5663.60009765625,5720.10009765625,5635.3798828125,5663.93994140625,5627400000,22.479999542236328,4.37,3.9,0.005799775094835535,-1.0699996948242188,-0.04543523267467309,0.4700000000000002
2025-05-09,5679.64990234375,5691.68994140625,5644.14990234375,5659.91015625,4645090000,21.899999618530277,4.37,3.88,-0.0007114809122162891,-0.5799999237060511,-0.025800708875297063,0.4900000000000002
2025-05-12,5807.2001953125,5845.3701171875,5786.080078125,5844.18994140625,6014580000,18.38999938964844,4.45,3.98,0.032558782749008364,-3.510000228881836,-0.16027398584573105,0.4700000000000002
2025-05-13,5854.14990234375,5906.64013671875,5845.02001953125,5886.5498046875,5516290000,18.21999931335449,4.49,4.02,0.0072482009835321826,-0.17000007629395242,-0.009244158887228848,0.47000000000000064
2025-05-14,5896.740234375,5906.5498046875,5872.10986328125,5892.580078125,5233450000,18.6200008392334,4.53,4.05,0.001024415597859818,0.4000015258789098,0.02195398139152105,0.4800000000000004
2025-05-15,5869.81982421875,5924.2099609375,5865.16015625,5916.93017578125,4991290000,17.829999923706055,4.45,3.96,0.004132332074135769,-0.7900009155273438,-0.0424275445714678,0.4900000000000002
2025-05-16,5929.08984375,5958.6201171875,5907.35986328125,5958.3798828125,4850850000,17.239999771118164,4.43,3.98,0.007005272294898557,-0.5900001525878906,-0.03309030595134499,0.44999999999999973
2025-05-19,5902.8798828125,5968.60986328125,5895.68994140625,5963.60009765625,4144010000,18.13999938964844,4.46,3.97,0.0008761131291423752,0.899999618530277,0.052204154900165944,0.48999999999999977
2025-05-20,5944.66015625,5953.06005859375,5909.259765625,5940.4599609375,4416850000,18.09000015258789,4.48,3.97,-0.0038802294486252054,-0.04999923706055043,-0.0027562976153726604,0.5100000000000002
2025-05-21,5910.18017578125,5938.3701171875,5830.91015625,5844.60986328125,5254250000,20.8700008392334,4.58,4.0,-0.01613513066101424,2.780000686645508,0.1536761007847649,0.5800000000000001
2025-05-22,5841.259765625,5878.080078125,5825.81982421875,5842.009765625,5157050000,20.280000686645508,4.54,4.0,-0.00044487103794299543,-0.5900001525878906,-0.02827025054444432,0.54
2025-05-23,5781.89013671875,5829.509765625,5767.41015625,5802.81982421875,4662820000,22.290000915527344,4.51,4.0,-0.006708297825321674,2.010000228881836,0.09911243396581493,0.5099999999999998
2025-05-27,5854.06982421875,5924.330078125,5854.06982421875,5921.5400390625,5366380000,18.959999084472656,4.43,3.92,0.0204590558452733,-3.3300018310546875,-0.14939442325168273,0.5099999999999998
2025-05-28,5925.5400390625,5939.919921875,5881.8798828125,5888.5498046875,4665050000,19.309999465942383,4.47,3.96,-0.005571225417268844,0.35000038146972656,0.018459936622906348,0.5099999999999998
2025-05-29,5939.9599609375,5943.1298828125,5873.7998046875,5912.169921875,4569750000,19.18000030517578,4.43,3.92,0.004011194261904327,-0.12999916076660156,-0.0067322198012426115,0.5099999999999998
2025-05-30,5903.669921875,5922.14013671875,5843.66015625,5911.68994140625,6378540000,18.56999969482422,4.41,3.89,-8.118516130162234e-05,-0.6100006103515625,-0.03180399377715093,0.52
2025-06-02,5896.68017578125,5937.39990234375,5861.43017578125,5935.93994140625,4832240000,18.36000061035156,4.46,3.94,0.0041020419271569075,-0.2099990844726598,-0.011308513081515592,0.52
2025-06-03,5938.56005859375,5981.35009765625,5929.0,5970.3701171875,5026680000,17.690000534057617,4.46,3.96,0.005800290454605506,-0.6700000762939418,-0.03649237766997615,0.5
2025-06-04,5978.93994140625,5990.47998046875,5966.10986328125,5970.81005859375,4767050000,17.610000610351562,4.37,3.87,7.36874595066439e-05,-0.07999992370605469,-0.004522324550077617,0.5
2025-06-05,5985.669921875,5999.7001953125,5921.2001953125,5939.2998046875,5091850000,18.479999542236328,4.4,3.92,-0.005277383403094138,0.8699989318847656,0.04940368550432428,0.4800000000000004
2025-06-06,5987.06005859375,6016.8701171875,5978.6298828125,6000.35986328125,4355710000,16.770000457763672,4.51,4.04,0.010280683010067904,-1.7099990844726562,-0.0925324202830431,0.46999999999999975
2025-06-09,6004.6298828125,6021.31005859375,5994.18017578125,6005.8798828125,4642360000,17.15999984741211,4.49,4.01,0.0009199480792858594,0.3899993896484375,0.0232557769232431,0.4800000000000004
2025-06-10,6009.91015625,6043.009765625,6000.27978515625,6038.81005859375,4882880000,16.950000762939453,4.47,4.01,0.00548298940767844,-0.20999908447265625,-0.012237708994171426,0.45999999999999996
2025-06-11,6049.3798828125,6059.39990234375,6002.31982421875,6022.240234375,5111550000,17.260000228881836,4.41,3.94,-0.002743888954607865,0.3099994659423828,0.01828905321468688,0.4700000000000002
2025-06-12,6009.89990234375,6045.43017578125,6003.8798828125,6045.259765625,4669500000,18.020000457763672,4.36,3.9,0.0038224199557175265,0.7600002288818359,0.04403245763636199,0.4600000000000004
2025-06-13,6000.56005859375,6026.16015625,5963.2099609375,5976.97021484375,5258910000,20.81999969482422,4.41,3.96,-0.011296379879250695,2.799999237060547,0.15538286159444614,0.4500000000000002
2025-06-16,6004.0,6050.830078125,6004.0,6033.10986328125,5111710000,19.11000061035156,4.46,3.97,0.009392659896159117,-1.7099990844726598,-0.08213252207192678,0.48999999999999977
2025-06-17,6012.14990234375,6023.25,5974.7998046875,5982.72021484375,4955700000,21.600000381469727,4.39,3.94,-0.008352184790166306,2.4899997711181676,0.13029825701676723,0.44999999999999973
2025-06-18,5987.93017578125,6018.25,5971.89013671875,5980.8701171875,5106470000,20.13999938964844,4.38,3.94,-0.0003092402101070313,-1.4600009918212855,-0.06759263731651577,0.43999999999999995
2025-06-20,5999.669921875,6018.2001953125,5952.56005859375,5967.83984375,7451500000,20.6200008392334,4.38,3.9,-0.002178658486505891,0.4800014495849574,0.02383324052292024,0.48
2025-06-23,5969.669921875,6028.77001953125,5943.22998046875,6025.169921875,5597000000,19.82999992370605,4.34,3.84,0.009606504133156335,-0.7900009155273473,-0.03831236097838675,0.5
2025-06-24,6061.2099609375,6101.759765625,6059.25,6092.18017578125,5443690000,17.479999542236328,4.3,3.75,0.01112172017970181,-2.350000381469723,-0.11850733184624884,0.5499999999999998
2025-06-25,6104.22998046875,6108.509765625,6080.08984375,6092.16015625,5171110000,16.760000228881836,4.29,3.74,-3.2861029504172024e-06,-0.7199993133544922,-0.041189893147009715,0.5499999999999998
2025-06-26,6112.08984375,6146.52001953125,6107.27001953125,6141.02001953125,5308140000,16.59000015258789,4.26,3.7,0.008020121275230219,-0.1700000762939453,-0.010143202504316884,0.5599999999999996
2025-06-27,6150.7001953125,6187.68017578125,6132.35009765625,6173.06982421875,7889350000,16.31999969482422,4.29,3.73,0.005218970885222163,-0.2700004577636719,-0.01627489181918751,0.56
2025-06-30,6193.35986328125,6215.080078125,6174.97021484375,6204.9501953125,5782900000,16.729999542236328,4.24,3.72,0.005164427424532603,0.4099998474121094,0.02512254013963844,0.52
2025-07-01,6187.25,6210.77978515625,6177.97021484375,6198.009765625,6275310000,16.829999923706055,4.26,3.78,-0.001118531087121899,0.10000038146972656,0.005977309277102272,0.48
2025-07-02,6193.8798828125,6227.60009765625,6188.2900390625,6227.419921875,5645710000,16.639999389648438,4.3,3.78,0.004745096791088033,-0.1900005340576172,-0.011289396014196651,0.52
2025-07-03,6246.4599609375,6284.64990234375,6246.4599609375,6279.35009765625,3378110000,16.3799991607666,4.35,3.88,0.008338955206607324,-0.26000022888183594,-0.015625014328040088,0.46999999999999975
2025-07-07,6259.0400390625,6262.06982421875,6201.0,6229.97998046875,5236740000,17.790000915527344,4.4,3.9,-0.007862297279128794,1.4100017547607422,0.08608069761920256,0.5000000000000004
2025-07-08,6234.02978515625,6242.7001953125,6217.75,6225.52001953125,5739030000,16.809999465942383,4.42,3.9,-0.0007158868810946961,-0.9800014495849609,-0.055087206247954934,0.52
2025-07-09,6243.330078125,6269.16015625,6231.43017578125,6263.259765625,4813340000,15.9399995803833,4.34,3.86,0.0060621034026635545,-0.869999885559082,-0.05175490262933857,0.48
2025-07-10,6266.7998046875,6290.22021484375,6251.43994140625,6280.4599609375,5367350000,15.779999732971191,4.35,3.86,0.0027462050044453346,-0.15999984741210938,-0.010037631845926431,0.48999999999999977
2025-07-11,6255.68017578125,6269.43994140625,6237.60009765625,6259.75,4656210000,16.399999618530273,4.43,3.9,-0.0032975229626984737,0.619999885559082,0.03929023422374556,0.5299999999999998
2025-07-14,6255.14990234375,6273.31005859375,6239.22021484375,6268.56005859375,4722250000,17.200000762939453,4.43,3.9,0.001407413809457303,0.8000011444091797,0.048780558720578515,0.5299999999999998
2025-07-15,6295.2900390625,6302.0400390625,6241.68017578125,6243.759765625,5133670000,17.3799991607666,4.5,3.95,-0.003956298214731202,0.17999839782714844,0.010465022665288926,0.5499999999999998
2025-07-16,6254.5,6268.1201171875,6201.58984375,6263.7001953125,5177460000,17.15999984741211,4.46,3.88,0.003193657417327689,-0.2199993133544922,-0.012658188951534366,0.5800000000000001
2025-07-17,6263.39990234375,6304.68994140625,6262.27001953125,6297.35986328125,5512290000,16.520000457763672,4.47,3.91,0.00537376740890938,-0.6399993896484375,-0.03729600205940298,0.5599999999999996
2025-07-18,6312.9501953125,6315.60986328125,6285.27001953125,6296.7900390625,5184700000,16.40999984741211,4.44,3.88,-9.048620868445933e-05,-0.1100006103515625,-0.006658632403358511,0.5600000000000005
2025-07-21,6304.740234375,6336.080078125,6303.7900390625,6305.60009765625,5010840000,16.649999618530273,4.38,3.85,0.001399134882868358,0.23999977111816406,0.014625214707483014,0.5299999999999998
2025-07-22,6306.60009765625,6316.1201171875,6281.7099609375,6309.6201171875,5662040000,16.5,4.35,3.83,0.0006375316336257875,-0.14999961853027344,-0.00900898630432001,0.5199999999999996
2025-07-23,6326.89990234375,6360.64013671875,6317.490234375,6358.91015625,5642510000,15.369999885559082,4.4,3.88,0.007811886951519131,-1.130000114440918,-0.06848485542066174,0.5200000000000005
2025-07-24,6368.60009765625,6381.31005859375,6360.56982421875,6363.35009765625,5282720000,15.390000343322754,4.43,3.91,0.0006982236416543941,0.020000457763671875,0.0013012659669868754,0.5199999999999996
2025-07-25,6370.009765625,6395.81982421875,6368.52978515625,6388.64013671875,4470720000,14.93000030517578,4.4,3.91,0.00397432777929585,-0.46000003814697443,-0.029889540473373333,0.4900000000000002
2025-07-28,6397.68994140625,6401.06982421875,6375.7900390625,6389.77001953125,4565620000,15.029999732971191,4.42,3.91,0.00017685810881817865,0.09999942779541193,0.0066978851809362805,0.5099999999999998
2025-07-29,6405.6201171875,6409.259765625,6363.919921875,6370.85986328125,5076120000,15.979999542236328,4.34,3.86,-0.002959442388724254,0.9499998092651367,0.0632069079270261,0.48
2025-07-30,6381.22998046875,6396.5400390625,6336.3798828125,6362.89990234375,5375070000,15.479999542236328,4.38,3.94,-0.0012494327466496813,-0.5,-0.03128911228554565,0.43999999999999995
2025-07-31,6427.02001953125,6427.02001953125,6327.64013671875,6339.39013671875,6077080000,16.719999313354492,4.37,3.94,-0.0036948193411530106,1.239999771118164,0.0801033467562382,0.43000000000000016
2025-08-01,6287.27978515625,6287.27978515625,6212.68994140625,6238.009765625,5827150000,20.3799991607666,4.23,3.69,-0.015992133140148468,3.6599998474121094,0.21889952139464608,0.5400000000000005
2025-08-04,6271.7099609375,6330.68994140625,6271.7099609375,6329.93994140625,4842580000,17.520000457763672,4.22,3.69,0.01473710033091602,-2.8599987030029297,-0.14033360258957683,0.5299999999999998
2025-08-05,6336.6298828125,6346.0,6289.3701171875,6299.18994140625,5517410000,17.850000381469727,4.22,3.72,-0.004857865996303334,0.3299999237060547,0.0188356115915409,0.49999999999999956
2025-08-06,6309.2998046875,6352.830078125,6301.10986328125,6345.06005859375,5408560000,16.770000457763672,4.22,3.69,0.007281907295092482,-1.0799999237060547,-0.06050419611347535,0.5299999999999998
2025-08-07,6374.31982421875,6389.7099609375,6310.31982421875,6340.0,5306090000,16.56999969482422,4.23,3.72,-0.0007974800154801898,-0.20000076293945312,-0.01192610360644697,0.5100000000000002
2025-08-08,6355.22021484375,6395.16015625,6355.22021484375,6389.4501953125,4769910000,15.149999618530272,4.27,3.76,0.007799715348974834,-1.420000076293947,-0.08569704903117747,0.5099999999999998
2025-08-11,6389.669921875,6407.25,6364.06005859375,6373.4501953125,4652400000,16.25,4.27,3.76,-0.0025041278217863283,1.1000003814697283,0.07260728773380931,0.5099999999999998
2025-08-12,6395.169921875,6446.5498046875,6385.759765625,6445.759765625,5135300000,14.729999542236328,4.29,3.72,0.01134543584661274,-1.5200004577636719,-0.09353848970853362,0.5699999999999998
2025-08-13,6462.669921875,6480.27978515625,6445.02001953125,6466.580078125,5195950000,14.489999771118164,4.24,3.67,0.0032300788824048965,-0.23999977111816406,-0.01629326399026665,0.5700000000000003
2025-08-14,6453.4599609375,6473.919921875,6441.06982421875,6468.5400390625,4462050000,14.829999923706056,4.29,3.74,0.00030309080129242716,0.3400001525878924,0.023464469148273492,0.5499999999999998
2025-08-15,6477.3798828125,6481.33984375,6441.85009765625,6449.7998046875,4575060000,15.09000015258789,4.33,3.75,-0.0028971350972291088,0.26000022888183416,0.017532045193487722,0.5800000000000001
2025-08-18,6445.02001953125,6455.35009765625,6437.7001953125,6449.14990234375,4162290000,14.989999771118164,4.34,3.77,-0.00010076318078544588,-0.10000038146972656,-0.006626930447881874,0.5699999999999998
2025-08-19,6446.240234375,6456.47998046875,6400.22021484375,6411.3701171875,4377440000,15.56999969482422,4.3,3.75,-0.005858103118756786,0.5799999237060565,0.03869245714223202,0.5499999999999998
2025-08-20,6406.6201171875,6408.39990234375,6343.85986328125,6395.77978515625,4470390000,15.6899995803833,4.29,3.74,-0.0024316693228262354,0.11999988555908025,0.007707121895382585,0.5499999999999998
2025-08-21,6380.830078125,6393.64990234375,6352.7099609375,6370.169921875,4013560000,16.600000381469727,4.33,3.79,-0.004004181529308926,0.9100008010864258,0.05799877791100583,0.54
2025-08-22,6384.58984375,6478.89013671875,6384.58984375,6466.91015625,5046860000,14.220000267028809,4.26,3.68,0.015186444876893468,-2.380000114440918,-0.1433734975751969,0.5799999999999996
2025-08-25,6457.669921875,6466.89013671875,6438.06005859375,6439.31982421875,4059070000,14.789999961853027,4.28,3.73,-0.004266385548063467,0.5699996948242188,0.040084365971908564,0.5500000000000003
2025-08-26,6435.490234375,6468.3701171875,6429.2099609375,6465.93994140625,4867680000,14.619999885559082,4.26,3.61,0.004133995191134998,-0.1700000762939453,-0.011494258061691465,0.6499999999999999
2025-08-27,6462.259765625,6487.06005859375,6457.83984375,6481.39990234375,4143680000,14.850000381469728,4.24,3.59,0.0023909843081744153,0.2300004959106463,0.015731908188168386,0.6500000000000004
2025-08-28,6483.83984375,6508.22998046875,6466.9599609375,6501.85986328125,4283760000,14.43000030517578,4.22,3.62,0.0031567194195349924,-0.42000007629394887,-0.028282832693932947,0.5999999999999996
2025-08-29,6489.27978515625,6491.759765625,6444.56982421875,6460.259765625,4234840000,15.359999656677246,4.23,3.59,-0.00639818429357164,0.9299993515014666,0.0644490181450581,0.6400000000000006
2025-09-02,6401.509765625,6416.5400390625,6360.580078125,6415.5400390625,4784000000,17.170000076293945,4.28,3.66,-0.006922279936861564,1.8100004196166992,0.11783857161935951,0.6200000000000001
2025-09-03,6445.81982421875,6453.669921875,6416.169921875,6448.259765625,4465360000,16.350000381469727,4.22,3.61,0.0051000736279842585,-0.8199996948242188,-0.047757698962177964,0.6099999999999999
2025-09-04,6456.60009765625,6502.5400390625,6445.97998046875,6502.080078125,4670770000,15.300000190734863,4.17,3.59,0.008346486409699372,-1.0500001907348633,-0.06422019365362708,0.5800000000000001
2025-09-05,6529.080078125,6532.64990234375,6443.97998046875,6481.5,5066120000,15.18000030517578,4.1,3.51,-0.003165152978388819,-0.11999988555908381,-0.007843129677328475,0.5899999999999999
2025-09-08,6498.08984375,6508.669921875,6483.2900390625,6495.14990234375,5211500000,15.109999656677246,4.05,3.49,0.0021059789159529885,-0.07000064849853338,-0.0046113733261695655,0.5599999999999996
2025-09-09,6503.330078125,6518.22998046875,6483.080078125,6512.60986328125,4798350000,15.039999961853027,4.08,3.54,0.0026881536531127015,-0.06999969482421875,-0.004632673488730754,0.54
2025-09-10,6550.2900390625,6555.97021484375,6516.33984375,6532.0400390625,5253010000,15.350000381469728,4.04,3.54,0.002983469943562689,0.310000419616701,0.02061173007998507,0.5
2025-09-11,6554.41015625,6592.89013671875,6545.7998046875,6587.47021484375,5426460000,14.710000038146973,4.01,3.52,0.008485890387959882,-0.6400003433227557,-0.04169383240506974,0.48999999999999977
2025-09-12,6590.66015625,6600.2099609375,6579.490234375,6584.2900390625,4641640000,14.760000228881836,4.06,3.56,-0.00048276131466740146,0.05000019073486328,0.003399061224010902,0.49999999999999956
2025-09-15,6603.490234375,6619.6201171875,6602.06982421875,6615.27978515625,5045020000,15.6899995803833,4.05,3.54,0.004706619226962694,0.9299993515014648,0.0630080851680257,0.5099999999999998
2025-09-16,6624.1298828125,6626.990234375,6600.10986328125,6606.759765625,5359510000,16.360000610351562,4.04,3.51,-0.0012879303382402618,0.6700010299682617,0.04270242497685861,0.5300000000000002
2025-09-17,6604.8701171875,6624.39013671875,6551.14990234375,6600.35009765625,5805340000,15.720000267028809,4.06,3.52,-0.0009701681605103207,-0.6400003433227539,-0.03911982392701152,0.5399999999999996
2025-09-18,6626.85009765625,6656.7998046875,6611.89013671875,6631.9599609375,5292400000,15.699999809265137,4.11,3.57,0.004789119185128365,-0.020000457763671875,-0.0012722937292578562,0.5400000000000005
2025-09-19,6647.10986328125,6671.81982421875,6630.31005859375,6664.35986328125,9125960000,15.449999809265137,4.14,3.57,0.004885418870829605,-0.25,-0.01592356707243181,0.5699999999999998
2025-09-22,6654.27978515625,6698.8798828125,6648.06982421875,6693.75,5642620000,16.100000381469727,4.15,3.61,0.004410046474333074,0.6500005722045898,0.04207123496628107,0.5400000000000005
2025-09-23,6692.43994140625,6699.52001953125,6645.580078125,6656.919921875,5633620000,16.639999389648438,4.12,3.53,-0.005502159197012135,0.5399990081787109,0.0335403102723042,0.5900000000000003
2025-09-24,6669.7900390625,6672.66015625,6621.759765625,6637.97021484375,5459180000,16.18000030517578,4.16,3.57,-0.002846617843333288,-0.45999908447265625,-0.02764417676354103,0.5900000000000003
2025-09-25,6608.18994140625,6619.0,6569.22021484375,6604.72021484375,5874670000,16.739999771118164,4.18,3.64,-0.0050090613431266195,0.5599994659423828,0.03461059674784095,0.5399999999999996
2025-09-26,6615.3798828125,6648.97021484375,6604.43017578125,6643.7001953125,5103110000,15.289999961853027,4.2,3.63,0.005901836747171263,-1.4499998092651367,-0.08661886673181729,0.5700000000000003
2025-09-29,6661.580078125,6677.31005859375,6644.490234375,6661.2099609375,5358760000,16.1200008392334,4.15,3.63,0.00263554421636214,0.8300008773803711,0.05428390316881204,0.5200000000000005
2025-09-30,6656.18994140625,6691.25,6641.0,6688.4599609375,6057210000,16.280000686645508,4.16,3.6,0.0040908483833717035,0.15999984741210938,0.00992554833016479,0.56
2025-10-01,6664.919921875,6718.47998046875,6656.2001953125,6711.2001953125,6037950000,16.290000915527344,4.12,3.55,0.003399920834961989,0.010000228881835938,0.0006142646474234237,0.5700000000000003
2025-10-02,6731.31005859375,6731.93994140625,6693.22998046875,6715.35009765625,5416130000,16.6299991607666,4.1,3.55,0.0006183547238911569,0.3399982452392578,0.020871591536571144,0.5499999999999998
2025-10-03,6722.14013671875,6750.8701171875,6705.669921875,6715.7900390625,5713110000,16.649999618530273,4.13,3.58,6.551280273581206e-05,0.020000457763671875,0.001202673407877164,0.5499999999999998
2025-10-06,6733.85986328125,6749.52001953125,6717.77978515625,6740.27978515625,5604460000,16.3700008392334,4.18,3.6,0.0036465919796933033,-0.279998779296875,-0.016816743886603813,0.5799999999999996
2025-10-07,6746.14013671875,6754.490234375,6699.9599609375,6714.58984375,5546150000,17.239999771118164,4.14,3.57,-0.0038114057910215715,0.8699989318847656,0.05314593080531016,0.5699999999999998
2025-10-08,6723.8701171875,6755.64013671875,6718.08984375,6753.72021484375,5383130000,16.299999237060547,4.13,3.58,0.0058276636405680815,-0.9400005340576172,-0.0545243936506532,0.5499999999999998
2025-10-09,6760.5,6764.580078125,6716.169921875,6735.10986328125,5385020000,16.43000030517578,4.14,3.6,-0.002755570407195318,0.13000106811523438,0.007975526024544655,0.5399999999999996
2025-10-10,6740.490234375,6762.39990234375,6550.77978515625,6552.509765625,6596610000,21.65999984741211,4.05,3.52,-0.02711167321141361,5.229999542236328,0.3183201123002275,0.5299999999999998
2025-10-13,6622.52978515625,6668.68017578125,6620.7099609375,6654.72021484375,5303960000,19.030000686645508,4.05,3.52,0.015598671787557583,-2.6299991607666016,-0.12142193810222157,0.5299999999999998
2025-10-14,6602.490234375,6680.7001953125,6555.06982421875,6644.31005859375,5666920000,20.809999465942383,4.03,3.48,-0.0015643266604626893,1.779998779296875,0.09353645376092956,0.5500000000000003
2025-10-15,6688.27001953125,6724.1201171875,6612.10986328125,6671.06005859375,5633060000,20.63999938964844,4.05,3.5,0.004026001159503689,-0.17000007629394176,-0.008169153323245526,0.5499999999999998
2025-10-16,6689.02001953125,6709.33984375,6593.990234375,6629.06982421875,6048180000,25.309999465942383,3.99,3.41,-0.006294387099829435,4.670000076293942,0.22625970030968512,0.5800000000000001
2025-10-17,6613.27001953125,6678.8798828125,6603.759765625,6664.009765625,5358120000,20.780000686645508,4.02,3.46,0.0052707155502571545,-4.529998779296875,-0.1789805956097521,0.5599999999999996
2025-10-20,6690.0498046875,6744.35009765625,6690.0498046875,6735.1298828125,4672170000,18.229999542236328,4.0,3.46,0.010672270853256949,-2.5500011444091797,-0.12271419923715232,0.54
2025-10-21,6736.75,6752.16015625,6722.02978515625,6735.35009765625,5245020000,17.8700008392334,3.98,3.45,3.2696450934288634e-05,-0.3599987030029297,-0.01974759802757342,0.5299999999999998
2025-10-22,6741.33984375,6741.75,6655.68994140625,6699.39990234375,5710010000,18.600000381469727,3.97,3.45,-0.005337539220865439,0.7299995422363281,0.04085056004214738,0.52
2025-10-23,6703.64990234375,6749.52978515625,6700.14013671875,6738.43994140625,5565750000,17.299999237060547,4.01,3.48,0.0058273934429324825,-1.3000011444091797,-0.06989253321222011,0.5299999999999998
2025-10-24,6772.06982421875,6807.10986328125,6772.06982421875,6791.68994140625,5058220000,16.3700008392334,4.02,3.48,0.00790242258787388,-0.9299983978271484,-0.05375713519309755,0.5399999999999996
2025-10-27,6845.4599609375,6877.27978515625,6843.93994140625,6875.16015625,5290650000,15.789999961853027,4.01,3.48,0.012290050865671143,-0.5800008773803711,-0.03543071763260408,0.5299999999999998
2025-10-28,6897.740234375,6911.2998046875,6870.72998046875,6890.89013671875,5695930000,16.420000076293945,3.99,3.47,0.0022879438603986557,0.630000114440918,0.03989867738840602,0.52
2025-10-29,6910.9501953125,6920.33984375,6851.91015625,6890.58984375,6280130000,16.920000076293945,4.08,3.59,-4.3578255173426506e-05,0.5,0.03045066977325206,0.4900000000000002
2025-10-30,6860.5,6880.75,6820.68994140625,6822.33984375,6052700000,16.90999984741211,4.11,3.61,-0.00990481243951924,-0.010000228881835938,-0.0005910300730935791,0.5000000000000004
2025-10-31,6879.169921875,6879.169921875,6814.259765625,6840.2001953125,6398280000,17.440000534057617,4.11,3.6,0.0026179217059763005,0.5300006866455078,0.03134244183488977,0.5100000000000002
2025-11-03,6882.31982421875,6882.31982421875,6820.6201171875,6851.97021484375,6065720000,17.170000076293945,4.13,3.6,0.0017207127269924793,-0.2700004577636719,-0.01548167714997506,0.5299999999999998
2025-11-04,6788.52001953125,6820.2099609375,6766.7099609375,6771.5498046875,5739510000,19.0,4.1,3.58,-0.011736830084583816,1.8299999237060547,0.10658124144289749,0.5199999999999996
2025-11-05,6769.77001953125,6829.77978515625,6763.10986328125,6796.2900390625,5939600000,18.010000228881836,4.17,3.63,0.0036535556982648654,-0.9899997711181641,-0.05210525111148234,0.54
2025-11-06,6787.58984375,6796.68017578125,6707.509765625,6720.31982421875,6051900000,19.5,4.11,3.57,-0.011178189042419073,1.489999771118164,0.08273180189796547,0.5400000000000005
2025-11-07,6696.18017578125,6730.10986328125,6631.43994140625,6728.7998046875,5926070000,19.07999992370605,4.11,3.55,0.0012618418007710464,-0.42000007629394887,-0.02153846545097171,0.5600000000000005
2025-11-10,6785.35986328125,6841.31982421875,6770.56005859375,6832.43017578125,5366050000,17.600000381469727,4.13,3.58,0.01540101862170995,-1.4799995422363246,-0.07756811049026735,0.5499999999999998
2025-11-11,6815.64013671875,6855.1298828125,6806.8701171875,6846.60986328125,4983490000,17.280000686645508,4.13,3.58,0.002075350517340535,-0.31999969482421875,-0.018181800448205276,0.5499999999999998
2025-11-12,6867.77001953125,6869.91015625,6829.6201171875,6850.919921875,5293610000,17.510000228881836,4.08,3.56,0.0006295171887717999,0.22999954223632812,0.013310158165333874,0.52
2025-11-13,6826.47021484375,6828.0498046875,6724.72021484375,6737.490234375,5473720000,20.0,4.11,3.58,-0.01655685496159698,2.489999771118164,0.1422044396670561,0.5300000000000002
2025-11-14,6672.14013671875,6774.31005859375,6646.8701171875,6734.10986328125,5042660000,19.82999992370605,4.14,3.62,-0.0005017255648851471,-0.17000007629394887,-0.008500003814697399,0.5199999999999996
2025-11-17,6713.60986328125,6754.5,6638.89990234375,6672.41015625,5204220000,22.3799991607666,4.13,3.6,-0.00916226617680782,2.5499992370605504,0.1285930028679485,0.5299999999999998
2025-11-18,6641.18994140625,6666.6298828125,6574.31982421875,6617.31982421875,5159390000,24.690000534057617,4.12,3.58,-0.008256436690967983,2.3100013732910156,0.10321722340993555,0.54
2025-11-19,6625.83984375,6689.75,6603.5,6642.16015625,5021610000,23.65999984741211,4.13,3.58,0.0037538357962292324,-1.0300006866455078,-0.041717321359500015,0.5499999999999998
2025-11-20,6737.93017578125,6770.35009765625,6534.0498046875,6538.759765625,5596080000,26.420000076293945,4.1,3.55,-0.015567283563270418,2.760000228881836,0.11665258861714323,0.5499999999999998
2025-11-21,6555.77001953125,6660.0498046875,6521.919921875,6602.990234375,5929930000,23.43000030517578,4.06,3.51,0.009823035415319481,-2.989999771118164,-0.11317183052550484,0.5499999999999998
2025-11-24,6636.5400390625,6715.75,6630.7001953125,6705.1201171875,6039740000,20.520000457763672,4.04,3.46,0.015467217001293498,-2.9099998474121094,-0.12419973578785137,0.5800000000000001
2025-11-25,6697.02978515625,6776.39990234375,6659.97998046875,6765.8798828125,5003330000,18.559999465942383,4.01,3.43,0.009061696817220577,-1.960000991821289,-0.09551661540434953,0.5799999999999996
2025-11-26,6793.5498046875,6831.43994140625,6783.8701171875,6812.60986328125,4485000000,17.190000534057617,4.0,3.45,0.006906711511012631,-1.3699989318847656,-0.07381459974709137,0.5499999999999998
2025-11-28,6822.52001953125,6850.85986328125,6819.75,6849.08984375,2558540000,16.350000381469727,4.02,3.47,0.005354773163420257,-0.8400001525878906,-0.04886562690464402,0.5499999999999994
2025-12-01,6812.2998046875,6843.64990234375,6799.93994140625,6812.6298828125,4549370000,17.239999771118164,4.09,3.54,-0.005323329342915684,0.8899993896484375,0.05443421216412436,0.5499999999999998
2025-12-02,6830.9599609375,6851.5498046875,6806.7099609375,6829.3701171875,4582290000,16.59000015258789,4.09,3.51,0.002457235261999813,-0.6499996185302734,-0.03770299461483784,0.5800000000000001
2025-12-03,6815.2900390625,6862.419921875,6810.43017578125,6849.72021484375,4736780000,16.079999923706055,4.06,3.49,0.0029797912994984355,-0.5100002288818359,-0.03074142400187263,0.5699999999999994
2025-12-04,6866.47021484375,6866.47021484375,6827.1201171875,6857.1201171875,4872440000,15.779999732971191,4.11,3.52,0.0010803218396737702,-0.3000001907348633,-0.01865672836805088,0.5900000000000003
2025-12-05,6866.31982421875,6895.77978515625,6858.2900390625,6870.39990234375,4944560000,15.40999984741211,4.14,3.56,0.001936641757662061,-0.36999988555908203,-0.023447394918898135,0.5799999999999996
2025-12-08,6875.2001953125,6878.27001953125,6827.18994140625,6846.509765625,4757130000,16.65999984741211,4.17,3.57,-0.003477255626794018,1.25,0.08111615914194314,0.6000000000000001
2025-12-09,6840.60986328125,6864.919921875,6837.43017578125,6840.509765625,4508050000,16.93000030517578,4.18,3.61,-0.0008763589340257116,0.2700004577636719,0.016206510218282677,0.5699999999999998
2025-12-10,6833.490234375,6900.669921875,6824.68994140625,6886.68017578125,5526570000,15.770000457763672,4.13,3.54,0.00674955693920154,-1.1599998474121094,-0.06851741444195236,0.5899999999999999
2025-12-11,6861.2998046875,6903.4599609375,6833.4501953125,6901.0,5021060000,14.850000381469728,4.14,3.52,0.002079350841514227,-0.9200000762939435,-0.05833862077290064,0.6199999999999997
2025-12-12,6886.85009765625,6899.85009765625,6801.7900390625,6827.41015625,4910160000,15.739999771118164,4.19,3.52,-0.010663649289958,0.8899993896484357,0.059932617291983625,0.6700000000000004
2025-12-15,6860.18994140625,6861.58984375,6801.490234375,6816.509765625,4975600000,16.5,4.18,3.51,-0.0015965630269072495,0.7600002288818359,0.04828464040237068,0.6699999999999999
2025-12-16,6800.1201171875,6819.27001953125,6759.740234375,6800.259765625,4983180000,16.479999542236328,4.15,3.48,-0.0023839179519623555,-0.020000457763671875,-0.0012121489553740261,0.6700000000000004
2025-12-17,6802.8798828125,6812.259765625,6720.43017578125,6721.43017578125,5122120000,17.6200008392334,4.16,3.49,-0.011592143912241393,1.1400012969970703,0.06917483790429602,0.6699999999999999
2025-12-18,6778.06005859375,6816.1298828125,6758.5,6774.759765625,5101190000,16.8700008392334,4.12,3.46,0.007934262269941872,-0.75,-0.04256526471497213,0.6600000000000001
2025-12-19,6792.6201171875,6840.02001953125,6792.6201171875,6834.5,8554470000,14.90999984741211,4.16,3.48,0.008818059450332205,-1.960000991821289,-0.11618262562637516,0.6800000000000002
2025-12-22,6865.2099609375,6882.02978515625,6855.740234375,6878.490234375,4465030000,14.079999923706056,4.17,3.44,0.006436496360377575,-0.8299999237060529,-0.05566733281020886,0.73
2025-12-23,6872.41015625,6910.8798828125,6868.81005859375,6909.7900390625,3820560000,14.0,4.18,3.48,0.004550388765703239,-0.07999992370605646,-0.005681812794001706,0.6999999999999997
2025-12-24,6904.91015625,6937.31982421875,6904.91015625,6932.0498046875,1798270000,13.470000267028809,4.15,3.47,0.0032214822012188726,-0.5299997329711914,-0.03785712378365658,0.6800000000000002
2025-12-26,6936.02001953125,6945.77001953125,6921.60009765625,6929.93994140625,2586550000,13.600000381469728,4.14,3.46,-0.00030436354912266594,0.13000011444091975,0.0096510847708835,0.6799999999999997
2025-12-29,6903.60009765625,6920.2099609375,6888.759765625,6905.740234375,3541750000,14.199999809265137,4.12,3.45,-0.00349205148036813,0.5999994277954084,0.044117603747491074,0.6699999999999999
2025-12-30,6900.43994140625,6913.25,6893.47021484375,6896.240234375,3309930000,14.329999923706056,4.14,3.45,-0.0013756671519022934,0.13000011444091975,0.009154937759653814,0.6899999999999995
2025-12-31,6898.81982421875,6901.419921875,6844.5498046875,6845.5,3261830000,14.949999809265137,4.18,3.47,-0.007357666300846111,0.6199998855590803,0.04326586802930943,0.7099999999999995
2026-01-02,6878.10986328125,6894.8701171875,6824.31005859375,6858.47021484375,4184120000,14.510000228881836,4.19,3.47,0.0018947067188299638,-0.4399995803833008,-0.02943141043457509,0.7200000000000002
2026-01-05,6892.18994140625,6920.3798828125,6891.56005859375,6902.0498046875,5771930000,14.899999618530272,4.17,3.46,0.006354126864826393,0.3899993896484357,0.02687797267378067,0.71
2026-01-06,6908.02978515625,6948.68994140625,6904.02001953125,6944.81982421875,5509680000,14.75,4.18,3.47,0.006196712678341321,-0.14999961853027166,-0.01006708874970208,0.7099999999999995
2026-01-07,6945.06982421875,6965.68994140625,6919.18994140625,6920.93017578125,5214480000,15.380000114440918,4.15,3.47,-0.003439923431013958,0.630000114440918,0.042711872165486,0.6800000000000002
2026-01-08,6914.10986328125,6931.27978515625,6899.330078125,6921.4599609375,5333200000,15.449999809265137,4.19,3.49,7.65482590914246e-05,0.06999969482421875,0.004551345533378326,0.7000000000000002
2026-01-09,6927.830078125,6978.35986328125,6917.64013671875,6966.27978515625,5163900000,14.489999771118164,4.18,3.54,0.006475487031883276,-0.9600000381469727,-0.062135925566243366,0.6399999999999997
2026-01-12,6944.1201171875,6986.330078125,6934.06982421875,6977.27001953125,5019040000,15.119999885559082,4.19,3.54,0.001577633215136931,0.630000114440918,0.04347826945426525,0.6500000000000004
2026-01-13,6977.41015625,6985.830078125,6938.77001953125,6963.740234375,5091730000,15.979999542236328,4.18,3.53,-0.0019391230550597216,0.8599996566772461,0.056878284602278395,0.6499999999999999
2026-01-14,6937.41015625,6941.2998046875,6885.740234375,6926.60009765625,5530830000,16.75,4.15,3.51,-0.005333360445499591,0.7700004577636719,0.04818526156577807,0.6400000000000006
2026-01-15,6969.4599609375,6979.33984375,6937.93017578125,6944.47021484375,5114050000,15.84000015258789,4.17,3.56,0.0025799262171273263,-0.9099998474121094,-0.054328349099230455,0.6099999999999999
2026-01-16,6960.5400390625,6967.2998046875,6925.08984375,6940.009765625,5356550000,15.859999656677246,4.24,3.59,-0.0006423023039563436,0.01999950408935547,0.0012625949429734273,0.6500000000000004
2026-01-20,6865.240234375,6871.169921875,6789.0498046875,6796.85986328125,5769500000,20.09000015258789,4.3,3.6,-0.02062675805627745,4.2300004959106445,0.2667087381764075,0.6999999999999997
2026-01-21,6810.7099609375,6910.39013671875,6804.9599609375,6875.6201171875,5835520000,16.899999618530273,4.26,3.6,0.011587741323274559,-3.190000534057617,-0.1587854907829206,0.6599999999999997
2026-01-22,6914.43994140625,6934.75,6893.6201171875,6913.35009765625,5307580000,15.640000343322754,4.26,3.61,0.005487502192628835,-1.2599992752075195,-0.07455617181351726,0.6499999999999999
2026-01-23,6907.85009765625,6932.9599609375,6895.5,6915.60986328125,4871930000,16.09000015258789,4.24,3.6,0.0003268698377891788,0.4499998092651367,0.02877236568970143,0.6400000000000001
2026-01-26,6923.22998046875,6964.66015625,6921.60009765625,6950.22998046875,4968050000,16.149999618530273,4.22,3.56,0.005006083031276365,0.05999946594238281,0.0037289910113973423,0.6599999999999997
2026-01-27,6965.9599609375,6988.81982421875,6958.830078125,6978.60009765625,5331720000,16.350000381469727,4.24,3.53,0.004081896177137168,0.20000076293945312,0.012383948462139527,0.7100000000000004
2026-01-28,7002.0,7002.27978515625,6963.4599609375,6978.02978515625,5507670000,16.350000381469727,4.26,3.56,-8.172305219089626e-05,0.0,0.0,0.6999999999999997
2026-01-29,6977.740234375,6992.83984375,6870.7998046875,6969.009765625,6877780000,16.8799991607666,4.24,3.53,-0.001292631274007694,0.529998779296875,0.032415826723621866,0.7100000000000004
2026-01-30,6947.27001953125,6964.08984375,6893.47998046875,6939.02978515625,6697340000,17.440000534057617,4.26,3.52,-0.004301899620894223,0.5600013732910156,0.03317543845574367,0.7399999999999998
2026-02-02,6916.64013671875,6991.919921875,6914.33984375,6976.43994140625,5772050000,16.34000015258789,4.29,3.57,0.00539126612916796,-1.1000003814697266,-0.06307341443720693,0.7200000000000002
2026-02-03,6985.4501953125,6993.080078125,6862.0498046875,6917.81005859375,7017660000,18.0,4.28,3.57,-0.008403983020698336,1.6599998474121094,0.10159117698350828,0.7100000000000004
2026-02-04,6924.5,6936.08984375,6838.7998046875,6882.72021484375,7475750000,18.63999938964844,4.29,3.57,-0.005072391906223106,0.639999389648441,0.03555552164713571,0.7200000000000002
2026-02-05,6837.39013671875,6857.85009765625,6780.1298828125,6798.39990234375,6989120000,21.770000457763672,4.21,3.47,-0.012251015567674717,3.130001068115231,0.16791851773629607,0.7399999999999998
2026-02-06,6816.740234375,6944.89013671875,6816.740234375,6932.2998046875,6283680000,20.3700008392334,4.22,3.5,0.0196957966973359,-1.3999996185302734,-0.06430866279706493,0.7199999999999998
2026-02-09,6917.259765625,6980.10009765625,6905.8701171875,6964.81982421875,5650260000,17.360000610351562,4.22,3.48,0.004691086716887227,-3.010000228881836,-0.1477663281723809,0.7399999999999998
2026-02-10,6974.490234375,6986.830078125,6937.52978515625,6941.81005859375,5595950000,17.790000915527344,4.16,3.45,-0.003303712975458173,0.43000030517578125,0.02476960196184419,0.71
2026-02-11,6976.47998046875,6993.47998046875,6911.97021484375,6941.47021484375,6175510000,17.649999618530273,4.18,3.52,-4.895607156218951e-05,-0.1400012969970703,-0.007869662158076385,0.6599999999999997
2026-02-12,6957.5400390625,6973.22021484375,6824.0400390625,6832.759765625,7118700000,20.81999969482422,4.09,3.47,-0.01566101212770199,3.1700000762939453,0.17960340763780214,0.6199999999999997
2026-02-13,6834.27001953125,6881.9599609375,6794.5498046875,6836.169921875,5718360000,20.600000381469727,4.04,3.4,0.0004990891480125548,-0.2199993133544922,-0.010566729902939609,0.6400000000000001
2026-02-17,6819.85986328125,6866.990234375,6775.5,6843.22021484375,5418480000,20.290000915527344,4.05,3.43,0.0010313220779065713,-0.3099994659423828,-0.015048517485525714,0.6199999999999997
2026-02-18,6855.47998046875,6909.1201171875,6849.66015625,6881.31005859375,5098160000,19.6200008392334,4.09,3.47,0.005566070147410729,-0.6700000762939453,-0.03302119497595557,0.6199999999999997
2026-02-19,6861.33984375,6879.1201171875,6833.06005859375,6861.89013671875,5151690000,20.229999542236328,4.08,3.47,-0.0028221256867719813,0.6099987030029297,0.031090656315525544,0.6099999999999999
2026-02-20,6843.259765625,6915.85986328125,6836.330078125,6909.509765625,5432480000,19.09000015258789,4.08,3.48,0.006939724763506794,-1.1399993896484375,-0.056351923650237334,0.6000000000000001
2026-02-23,6901.25,6916.9599609375,6819.81982421875,6837.75,5638350000,21.01000022888184,4.03,3.43,-0.010385652247284827,1.9200000762939489,0.10057622110776498,0.6000000000000001
2026-02-24,6837.3701171875,6899.169921875,6815.43017578125,6890.06982421875,5266090000,19.549999237060547,4.04,3.43,0.0076516140863223114,-1.4600009918212926,-0.06949076515545538,0.6099999999999999
2026-02-25,6915.14990234375,6952.509765625,6915.14990234375,6946.1298828125,5328060000,17.93000030517578,4.05,3.45,0.008136355657339944,-1.6199989318847656,-0.082864398726613,0.5999999999999996
2026-02-26,6944.740234375,6947.25,6859.72998046875,6908.85986328125,5889550000,18.6299991607666,4.02,3.42,-0.005365580569328343,0.6999988555908203,0.03904064939635021,0.5999999999999996
2026-02-27,6856.5400390625,6882.9599609375,6831.740234375,6878.8798828125,6665660000,19.86000061035156,3.97,3.38,-0.00433935281103115,1.2300014495849574,0.06602262506673906,0.5900000000000003
2026-03-02,6824.35986328125,6901.009765625,6796.85009765625,6881.6201171875,6079080000,21.440000534057617,4.05,3.47,0.0003983547353176853,1.5799999237060582,0.07955689200142935,0.5799999999999996
2026-03-03,6800.259765625,6840.0498046875,6710.419921875,6816.6298828125,6442080000,23.56999969482422,4.06,3.51,-0.009444031095625416,2.1299991607666016,0.09934697330735043,0.5499999999999998
2026-03-04,6831.68994140625,6885.93994140625,6811.64013671875,6869.5,5252170000,21.149999618530277,4.09,3.54,0.007756049264286302,-2.4200000762939418,-0.10267289383229627,0.5499999999999998
2026-03-05,6851.080078125,6870.43017578125,6770.77978515625,6830.7099609375,5989300000,23.75,4.13,3.57,-0.005646704863891072,2.600000381469723,0.12293146233401209,0.56
2026-03-06,6769.02978515625,6773.419921875,6711.56005859375,6740.02001953125,5793120000,29.489999771118164,4.15,3.56,-0.013276795812569242,5.739999771118164,0.24168420088918596,0.5900000000000003
2026-03-09,6699.7998046875,6810.43994140625,6636.0400390625,6795.990234375,6709410000,25.5,4.12,3.56,0.008304161513105202,-3.989999771118164,-0.1353000950181722,0.56
2026-03-10,6796.56005859375,6845.080078125,6759.740234375,6781.47998046875,5944950000,24.93000030517578,4.15,3.57,-0.0021351198877325173,-0.5699996948242188,-0.022352929208792838,0.5800000000000005
2026-03-11,6790.08984375,6811.14990234375,6745.58984375,6775.7998046875,5511090000,24.229999542236328,4.21,3.64,-0.0008376012017449197,-0.7000007629394531,-0.028078650395929716,0.5699999999999998
2026-03-12,6740.8798828125,6740.8798828125,6670.39990234375,6672.6201171875,6292170000,27.290000915527344,4.27,3.76,-0.015227676506708532,3.0600013732910156,0.12628978254650813,0.5099999999999998
2026-03-13,6673.490234375,6733.2998046875,6623.919921875,6632.18994140625,5337120000,27.190000534057617,4.28,3.73,-0.006059115470564369,-0.10000038146972656,-0.0036643597696923713,0.5500000000000003
2026-03-16,6674.3701171875,6729.7900390625,6674.3701171875,6699.3798828125,5176290000,23.51000022888184,4.23,3.68,0.010130883162251969,-3.6800003051757777,-0.13534388499059746,0.5500000000000003
2026-03-17,6722.35009765625,6754.2998046875,6710.7998046875,6716.08984375,5063390000,22.3700008392334,4.2,3.68,0.0024942548757938,-1.139999389648441,-0.048489977820075136,0.52
2026-03-18,6697.16015625,6705.18017578125,6621.66015625,6624.7001953125,5275480000,25.09000015258789,4.26,3.76,-0.013607567880073446,2.719999313354492,0.12159138181989015,0.5
2026-03-19,6583.1201171875,6636.740234375,6557.81982421875,6606.490234375,5973390000,24.059999465942383,4.25,3.79,-0.002748797741878972,-1.0300006866455078,-0.041052239154301895,0.45999999999999996
2026-03-20,6594.66015625,6594.66015625,6473.52001953125,6506.47998046875,10025820000,26.780000686645508,4.39,3.88,-0.015138182356779217,2.720001220703125,0.11305075981208423,0.5099999999999998
2026-03-23,6574.9599609375,6651.6201171875,6565.5498046875,6581.0,6020650000,26.149999618530277,4.34,3.83,0.011453200463990454,-0.6300010681152308,-0.023525057952272443,0.5099999999999998
2026-03-24,6552.08984375,6595.75,6525.10986328125,6556.3701171875,5278580000,26.950000762939453,4.39,3.9,-0.0037425745042546366,0.8000011444091761,0.030592778435158507,0.48999999999999977
2026-03-25,6598.35009765625,6633.93994140625,6568.41015625,6591.89990234375,4936720000,25.32999992370605,4.33,3.84,0.005419124381509377,-1.620000839233402,-0.06011134669284168,0.4900000000000002
2026-03-26,6555.85986328125,6573.22021484375,6473.7900390625,6477.16015625,4845560000,27.440000534057617,4.42,3.96,-0.017406172392416708,2.110000610351566,0.08330045861456314,0.45999999999999996
2026-03-27,6453.89013671875,6453.89013671875,6356.080078125,6368.85009765625,5303490000,31.049999237060547,4.44,3.88,-0.01672184352107431,3.6099987030029297,0.13155971693667867,0.5600000000000005
2026-03-30,6403.3701171875,6427.31005859375,6316.91015625,6343.72021484375,5458640000,30.61000061035156,4.35,3.82,-0.003945748828622642,-0.4399986267089879,-0.014170648551379506,0.5299999999999998
2026-03-31,6395.8798828125,6539.0498046875,6395.8798828125,6528.52001953125,6396100000,25.25,4.3,3.79,0.02913114047102594,-5.360000610351559,-0.17510619090085666,0.5099999999999998
2026-04-01,6556.56005859375,6609.669921875,6554.2900390625,6575.31982421875,5637260000,24.540000915527344,4.33,3.81,0.007168516684867399,-0.7099990844726562,-0.028118775622679504,0.52
2026-04-02,6512.60986328125,6601.91015625,6474.93994140625,6582.68994140625,4740740000,23.8700008392334,4.31,3.79,0.0011208758485563575,-0.6700000762939453,-0.027302365578560805,0.5199999999999996
2026-04-06,6587.66015625,6618.1298828125,6579.72021484375,6611.830078125,3906440000,24.170000076293945,4.34,3.84,0.0044267825126402816,0.2999992370605469,0.012568044680059565,0.5
2026-04-07,6601.93017578125,6618.259765625,6534.5498046875,6616.85009765625,4555680000,25.780000686645508,4.33,3.81,0.0007592481161695641,1.6100006103515625,0.06661152690399286,0.52
2026-04-08,6754.35986328125,6793.5,6740.27978515625,6782.81005859375,5904880000,21.040000915527344,4.29,3.79,0.025081414644149813,-4.739999771118164,-0.18386344627110762,0.5
2026-04-09,6783.68994140625,6835.31005859375,6761.5498046875,6824.66015625,4912410000,19.489999771118164,4.29,3.78,0.006170023529293189,-1.5500011444091797,-0.07366925270736524,0.5100000000000002
2026-04-10,6839.240234375,6845.77001953125,6808.4599609375,6816.89013671875,4393220000,19.229999542236328,4.31,3.81,-0.0011385210916523558,-0.26000022888183594,-0.013340186348648642,0.49999999999999956
2026-04-13,6806.47021484375,6887.0,6790.02001953125,6886.240234375,4785840000,19.1200008392334,4.3,3.78,0.010173274948748201,-0.10999870300292969,-0.005720161498773413,0.52
2026-04-14,6910.2001953125,6969.419921875,6905.169921875,6967.3798828125,5032380000,18.36000061035156,4.26,3.76,0.011782866364792755,-0.7600002288818395,-0.039748964201003156,0.5
2026-04-15,6978.169921875,7026.240234375,6967.1298828125,7022.9501953125,5278610000,18.170000076293945,4.29,3.76,0.007975783355387733,-0.19000053405761363,-0.010348612622076314,0.5300000000000002
2026-04-16,7037.77978515625,7051.22998046875,7008.52001953125,7041.27978515625,5173650000,17.940000534057617,4.32,3.78,0.0026099558353673835,-0.22999954223632812,-0.012658202601573132,0.5400000000000005
2026-04-17,7074.5498046875,7147.52001953125,7074.5498046875,7126.06005859375,6145300000,17.479999542236328,4.26,3.71,0.012040463669150903,-0.46000099182128906,-0.02564108016318145,0.5499999999999998
2026-04-20,7117.0498046875,7122.64990234375,7084.41015625,7109.14013671875,4661130000,18.8700008392334,4.26,3.72,-0.002374372617670484,1.3900012969970703,0.07951952708227816,0.5399999999999996
2026-04-21,7122.64013671875,7137.27001953125,7050.2001953125,7064.009765625,5160270000,19.5,4.3,3.78,-0.006348217959672997,0.6299991607666016,0.03338628154465928,0.52
2026-04-22,7102.91015625,7138.64013671875,7102.91015625,7137.89990234375,4919460000,18.920000076293945,4.3,3.79,0.010460084168953943,-0.5799999237060547,-0.029743585831079722,0.5099999999999998
2026-04-23,7118.7998046875,7147.77978515625,7046.5498046875,7108.39990234375,5307260000,19.309999465942383,4.34,3.83,-0.004132868267081369,0.3899993896484375,0.02061307547969271,0.5099999999999998
2026-04-24,7136.47998046875,7168.58984375,7112.81982421875,7165.080078125,4608830000,18.709999084472656,4.31,3.78,0.007973689797975636,-0.6000003814697266,-0.03107200404267052,0.5299999999999998
2026-04-27,7152.72021484375,7178.740234375,7146.72021484375,7173.91015625,4783750000,18.020000457763672,4.35,3.78,0.0012323767534654362,-0.6899986267089844,-0.03687860291140321,0.5699999999999998
2026-04-28,7133.740234375,7152.52001953125,7115.169921875,7138.7998046875,4900650000,17.829999923706055,4.36,3.84,-0.004894172187521972,-0.1900005340576172,-0.010543869546671303,0.5200000000000005
2026-04-29,7131.60986328125,7145.6298828125,7107.85986328125,7135.9501953125,5123100000,18.809999465942383,4.42,3.92,-0.0003991720531409948,0.9799995422363281,0.054963519149170637,0.5
2026-04-30,7161.75,7219.830078125,7126.14990234375,7209.009765625,5723790000,16.889999389648438,4.4,3.88,0.010238239941821936,-1.9200000762939453,-0.10207337218538048,0.5200000000000005
2026-05-01,7234.5400390625,7272.52001953125,7229.31982421875,7230.1201171875,4847390000,16.989999771118164,4.39,3.88,0.002928328889657106,0.10000038146972656,0.00592068591376127,0.5099999999999998
2026-05-04,7228.3798828125,7244.5400390625,7174.1201171875,7200.75,5215480000,18.290000915527344,4.45,3.95,-0.004062189384334225,1.3000011444091797,0.07651566579883617,0.5
2026-05-05,7233.6201171875,7273.259765625,7233.6201171875,7259.22021484375,5279760000,17.3799991607666,4.43,3.93,0.008120017337603702,-0.9100017547607422,-0.04975405736520189,0.49999999999999956
2026-05-06,7294.14013671875,7369.22021484375,7294.14013671875,7365.1201171875,6579640000,17.389999389648438,4.36,3.87,0.014588330317794274,0.010000228881835938,0.0005753871901450491,0.4900000000000002
2026-05-07,7376.77978515625,7385.02001953125,7321.25,7337.10986328125,6237040000,17.079999923706055,4.41,3.92,-0.003803095327784889,-0.3099994659423828,-0.01782630689032183,0.4900000000000002
2026-05-08,7362.97021484375,7401.5,7362.97021484375,7398.93017578125,5302740000,17.190000534057617,4.38,3.9,0.008425703533400997,0.1100006103515625,0.006440316794081857,0.48
2026-05-11,7385.31005859375,7428.97021484375,7384.2001953125,7412.83984375,5821910000,18.3799991607666,4.42,3.95,0.0018799566475542484,1.1899986267089844,0.0692262123175218,0.46999999999999975
2026-05-12,7390.6298828125,7409.56982421875,7338.5400390625,7400.9599609375,5624790000,17.989999771118164,4.46,4.0,-0.0016026088601545085,-0.3899993896484375,-0.021218683757119994,0.45999999999999996
2026-05-13,7409.1201171875,7460.0400390625,7375.1298828125,7444.25,5716600000,17.8700008392334,4.46,3.98,0.005849246488426552,-0.11999893188476562,-0.006670313141271755,0.48
2026-05-14,7454.39990234375,7517.1201171875,7454.39990234375,7501.240234375,5267050000,17.260000228881836,4.47,4.0,0.007655604577358366,-0.6100006103515625,-0.0341354550477867,0.46999999999999975
2026-05-15,7445.10986328125,7454.85009765625,7397.5,7408.5,5582070000,18.43000030517578,4.59,4.09,-0.012363320128051747,1.1700000762939453,0.06778679378787822,0.5
2026-05-18,7415.06982421875,7434.06005859375,7353.169921875,7403.0498046875,5489500000,17.81999969482422,4.61,4.07,-0.0007356678561787344,-0.6100006103515625,-0.03309824201035161,0.54
2026-05-19,7375.75,7395.31982421875,7333.68017578125,7353.60986328125,5441140000,18.059999465942383,4.67,4.13,-0.006678320788135905,0.23999977111816406,0.01346800085456068,0.54
2026-05-20,7369.18994140625,7435.68994140625,7357.4599609375,7432.97021484375,5384150000,17.440000534057617,4.57,4.04,0.010792026370445518,-0.6199989318847656,-0.03432995294678509,0.5300000000000002
2026-05-21,7410.77978515625,7465.9599609375,7389.47998046875,7445.72021484375,5440620000,16.760000228881836,4.57,4.08,0.0017153304306989359,-0.6800003051757812,-0.03899084199268488,0.4900000000000002
2026-05-22,7468.81982421875,7506.31982421875,7463.2900390625,7473.47021484375,4952440000,16.700000762939453,4.56,4.13,0.0037269732409066503,-0.05999946594238281,-0.003579920353401156,0.4299999999999997
2026-05-26,7511.7900390625,7539.08984375,7501.10009765625,7519.1201171875,5496060000,17.010000228881836,4.5,4.01,0.006108260424063872,0.3099994659423828,0.01856284142395559,0.4900000000000002
2026-05-27,7526.009765625,7530.72021484375,7499.72021484375,7520.35986328125,5524250000,16.290000915527344,4.48,4.0,0.00016487914469087706,-0.7199993133544922,-0.042328001391321646,0.4800000000000004
2026-05-28,7519.81982421875,7568.72021484375,7508.0400390625,7563.6298828125,5494860000,15.739999771118164,4.45,3.99,0.005753716619668614,-0.5500011444091797,-0.03376311316747249,0.45999999999999996
2026-05-29,7579.330078125,7599.3798828125,7563.5498046875,7580.06005859375,7858290000,15.31999969482422,4.45,3.98,0.002172260678511728,-0.42000007629394354,-0.026683613875561507,0.4700000000000002
2026-06-01,7582.2900390625,7617.66015625,7562.60986328125,7599.9599609375,6583960000,16.049999237060547,4.47,4.05,0.0026252961308912415,0.7299995422363263,0.04765010161736183,0.41999999999999993
2026-06-02,7595.39990234375,7620.89990234375,7582.990234375,7609.77978515625,5904410000,15.770000457763672,4.46,4.05,0.0012920889411551784,-0.279998779296875,-0.017445407639044563,0.41000000000000014
2026-06-03,7605.31005859375,7605.35009765625,7551.22021484375,7553.68017578125,5753860000,16.059999465942383,4.49,4.08,-0.007372041104846239,0.28999900817871094,0.01838928343441748,0.41000000000000014
2026-06-04,7516.5400390625,7598.18994140625,7516.5400390625,7584.31005859375,5398910000,15.399999618530272,4.47,4.05,0.004054961568363158,-0.6599998474121112,-0.04109588227644334,0.41999999999999993
2026-06-05,7537.35986328125,7541.81005859375,7368.6298828125,7383.740234375,5591290000,21.51000022888184,4.55,4.17,-0.026445361894386843,6.110000610351568,0.39675329621434674,0.3799999999999999
2026-06-08,7440.56982421875,7466.81005859375,7395.1298828125,7405.72998046875,4898180000,18.920000076293945,4.56,4.15,0.0029781310549599205,-2.590000152587894,-0.12040911785348363,0.40999999999999925
2026-06-09,7438.66015625,7483.14990234375,7237.85009765625,7386.64990234375,6006390000,19.8700008392334,4.53,4.13,-0.0025763939780845124,0.9500007629394531,0.05021145661250648,0.40000000000000036
2026-06-10,7350.5400390625,7396.56005859375,7265.93017578125,7266.990234375,5247300000,22.21999931335449,4.55,4.13,-0.016199450298948426,2.34999847412109,0.11826866506623435,0.41999999999999993
2026-06-11,7287.669921875,7412.68017578125,7257.330078125,7394.2998046875,5658920000,19.440000534057617,4.45,4.05,0.017518885564244746,-2.7799987792968714,-0.12511246018023314,0.40000000000000036
2026-06-12,7410.85009765625,7456.39990234375,7363.009765625,7431.4599609375,4950530000,17.68000030517578,4.48,4.09,0.0050255138730570525,-1.760000228881836,-0.09053498871043908,0.39000000000000057
2026-06-15,7516.75,7577.919921875,7516.75,7554.2900390625,5674670000,16.200000762939453,4.47,4.07,0.016528391294663436,-1.4799995422363281,-0.08371037990327757,0.39999999999999947
2026-06-16,7548.77978515625,7564.9599609375,7508.68017578125,7511.35009765625,5286210000,16.40999984741211,4.43,4.05,-0.005684179609759754,0.20999908447265625,0.012962905838441063,0.3799999999999999
2026-06-17,7524.5,7532.169921875,7402.60986328125,7420.10009765625,5883740000,18.440000534057617,4.49,4.2,-0.012148282108228825,2.030000686645508,0.12370510088491216,0.29000000000000004
2026-06-18,7487.35986328125,7511.06982421875,7468.31982421875,7500.580078125,9061110000,16.399999618530273,4.46,4.19,0.010846212235623431,-2.0400009155273438,-0.11062911369007722,0.2699999999999996
2026-06-22,7500.43994140625,7530.009765625,7460.009765625,7472.7900390625,5976740000,17.280000686645508,4.51,4.24,-0.003705051979052687,0.8800010681152344,0.0536586029624615,0.2699999999999996
2026-06-23,7366.509765625,7424.169921875,7347.60009765625,7365.4599609375,5640530000,19.489999771118164,4.5,4.16,-0.014362785193208105,2.2099990844726562,0.1278934604545825,0.33999999999999986
2026-06-24,7370.8798828125,7428.06005859375,7336.81982421875,7358.22021484375,5994860000,18.6299991607666,4.41,4.11,-0.0009829319733113406,-0.8600006103515625,-0.044125224240688765,0.2999999999999998
2026-06-25,7404.91015625,7419.080078125,7323.5,7357.490234375,5565760000,18.88999938964844,4.4,4.09,-9.92061187945481e-05,0.2600002288818395,0.01395599788481916,0.3100000000000005
2026-06-26,7312.740234375,7392.9501953125,7294.18017578125,7354.02001953125,9105600000,18.40999984741211,4.38,4.07,-0.00047165741757115853,-0.4799995422363317,-0.025410246572023065,0.3099999999999996
2026-06-29,7391.8798828125,7444.31982421875,7348.8798828125,7440.43017578125,5794570000,17.649999618530273,4.38,4.1,0.011750057250389023,-0.7600002288818359,-0.04128192477897652,0.28000000000000025
2026-06-30,7441.27001953125,7508.2900390625,7438.0400390625,7499.35986328125,6037540000,16.450000762939453,4.44,4.14,0.007920198981480553,-1.1999988555908203,-0.06798860518563254,0.3000000000000007
2026-07-01,7478.83984375,7521.81005859375,7449.6298828125,7483.22998046875,5782730000,16.59000015258789,4.48,4.17,-0.0021508346187620875,0.1399993896484375,0.008510600799718215,0.3100000000000005
2026-07-02,7495.14013671875,7540.75,7427.5498046875,7483.240234375,5463520000,16.149999618530273,4.49,4.14,1.3702513856905796e-06,-0.4400005340576172,-0.026522033153145053,0.35000000000000053
2026-07-06,7506.9599609375,7551.31005859375,7500.97021484375,7537.43017578125,4971110000,15.56999969482422,4.48,4.13,0.00724150765029874,-0.5799999237060529,-0.03591330881770238,0.35000000000000053
2026-07-07,7516.6298828125,7536.06005859375,7478.6298828125,7503.85009765625,5049590000,16.1299991607666,4.55,4.19,-0.0044551096782159405,0.559999465942381,0.03596656884511917,0.35999999999999943
2026-07-08,7476.5400390625,7488.509765625,7421.81982421875,7482.7099609375,5102020000,16.899999618530273,4.56,4.21,-0.002817238676629863,0.7700004577636719,0.0477371666352322,0.34999999999999964
2026-07-09,7491.60009765625,7546.89013671875,7481.72998046875,7543.64013671875,4442950000,15.84000015258789,4.54,4.16,0.008142795337428232,-1.0599994659423828,-0.06272186330585061,0.3799999999999999
2026-07-10,7547.64013671875,7579.93017578125,7508.16015625,7575.39013671875,4006370000,15.029999732971191,4.56,4.21,0.004208843399813977,-0.8100004196166992,-0.05113638963471623,0.34999999999999964
2026-07-13,7547.52978515625,7565.3701171875,7506.41015625,7515.33984375,4729990000,17.15999984741211,4.62,4.26,-0.007927023147980106,2.130000114440918,0.14171657699822537,0.3600000000000003
2026-07-14,7536.7001953125,7557.43994140625,7513.22998046875,7543.58984375,4836950000,16.5,4.58,4.18,0.0037589783811964317,-0.6599998474121094,-0.03846152991147278,0.40000000000000036
2026-07-15,7571.72021484375,7581.5,7526.9501953125,7572.39990234375,5236550000,15.670000076293944,4.55,4.13,0.003819144358387927,-0.8299999237060565,-0.0503030256791549,0.41999999999999993
2026-07-16,7558.7998046875,7570.740234375,7504.02001953125,7533.77001953125,5365300000,16.729999542236328,4.57,4.16,-0.005101405539945647,1.0599994659423846,0.06764514746531392,0.41000000000000014
2026-07-17,7447.52001953125,7498.47021484375,7431.259765625,7457.68994140625,5303290000,18.770000457763672,4.55,4.18,-0.010098540030789804,2.0400009155273438,0.12193669882519642,0.3700000000000001
2026-07-20,7489.18017578125,7513.22998046875,7440.52978515625,7443.27978515625,5152910000,18.649999618530277,4.6,4.21,-0.0019322546744660052,-0.12000083923339488,-0.00639322516285612,0.3899999999999997
2026-07-21,7489.9501953125,7515.31005859375,7467.85986328125,7509.2001953125,5149030000,17.049999237060547,4.63,4.26,0.008856366018608064,-1.6000003814697301,-0.08579090692741898,0.3700000000000001
2026-07-22,7497.47021484375,7525.93994140625,7485.85009765625,7498.9599609375,4890390000,16.639999389648438,4.67,4.31,-0.0013636917526039793,-0.4099998474121094,-0.024046912947709553,0.3600000000000003
2026-07-23,7418.2900390625,7450.1201171875,7376.0,7408.2998046875,5515210000,18.700000762939453,4.71,4.37,-0.012089697334330851,2.0600013732910156,0.12379816399347465,0.33999999999999986
2026-07-24,7406.2998046875,7460.97998046875,7396.52978515625,7411.97998046875,4860620000,18.57999992370605,4.69,4.33,0.0004967638835191579,-0.12000083923340199,-0.006417156916443845,0.3600000000000003
2026-07-27,7464.2001953125,7480.56982421875,7382.740234375,7413.18017578125,5038290000,18.670000076293945,4.65,4.31,0.0001619264104413265,0.09000015258789418,0.00484392642397502,0.34000000000000075
2026-07-28,7395.5498046875,7452.08984375,7382.9501953125,7428.77978515625,5590890000,18.209999084472656,4.61,4.26,0.002104307328987254,-0.46000099182128906,-0.024638510441431172,0.35000000000000053
2026-07-29,7418.16015625,7450.83984375,7313.919921875,7316.14990234375,5836350000,20.65999984741211,4.67,4.22,-0.015161289750108109,2.450000762939453,0.13454150939680853,0.4500000000000002
2026-07-30,7390.4501953125,7448.75,7370.97998046875,7437.6298828125,5594430000,17.09000015258789,4.68,4.23,0.016604359135647728,-3.5699996948242188,-0.17279766317478462,0.4499999999999993
2026-07-31,7462.1298828125,7512.0400390625,7399.830078125,7489.72021484375,5391020000,15.989999771118164,4.75,4.28,0.00700361981598796,-1.1000003814697266,-0.064365147551105,0.46999999999999975
2026-08-03,7504.77978515625,7610.0400390625,7504.77978515625,7600.5,5201470000,15.859999656677246,4.7,4.25,0.01479091100582064,-0.13000011444091797,-0.008130088574218153,0.4500000000000002
2026-08-04,7630.6201171875,7758.2099609375,7629.10009765625,7736.52001953125,5906940000,16.5,4.63,4.2,0.01789619360979544,0.6400003433227539,0.040353112054028806,0.4299999999999997
2026-08-05,7771.6201171875,7793.68017578125,7720.169921875,7723.5498046875,5615640000,15.8100004196167,4.63,4.18,-0.0016764921193257454,-0.6899995803833008,-0.0418181563868667,0.4500000000000002
2026-08-06,7713.7900390625,7742.85009765625,7698.14990234375,7709.9599609375,5330830000,15.149999618530272,4.69,4.25,-0.0017595333873230423,-0.6600008010864276,-0.041745780111903885,0.4400000000000004
2026-08-07,7735.18017578125,7763.080078125,7719.18994140625,7757.64013671875,5019970000,14.899999618530272,4.65,4.19,0.006184231308959065,-0.25,-0.01650165058052011,0.45999999999999996
2026-08-10,7751.740234375,7773.759765625,7743.10986328125,7753.10986328125,4879540000,15.460000038146973,4.72,4.25,-0.0005839757139619595,0.560000419616701,0.03758392174186764,0.46999999999999975
2026-08-11,7767.509765625,7767.509765625,7717.25,7728.2001953125,4739500000,15.279999732971191,4.7,4.22,-0.003212861472107087,-0.18000030517578125,-0.011642969258191305,0.4800000000000004
2026-08-12,7765.4599609375,7766.009765625,7737.9501953125,7748.5,4574170000,14.550000190734863,4.68,4.2,0.0026267182752088836,-0.7299995422363281,-0.047774839986491235,0.47999999999999954
2026-08-13,7763.18017578125,7816.7001953125,7763.18017578125,7798.990234375,4833230000,14.630000114440918,4.63,4.15,0.0065161301380911585,0.07999992370605469,0.005498276471294972,0.47999999999999954
2026-08-14,7806.60009765625,7810.009765625,7776.31005859375,7785.759765625,4159900000,14.25,4.68,4.17,-0.0016964335577297485,-0.38000011444091797,-0.025974033593193835,0.5099999999999998
2026-08-17,7790.68017578125,7790.68017578125,7744.8798828125,7745.06005859375,4452630000,15.1899995803833,4.72,4.19,-0.005227454770816764,0.9399995803833008,0.06596488283391588,0.5299999999999994
2026-08-18,7700.0400390625,7713.9501953125,7688.6298828125,7691.759765625,4602700000,15.84000015258789,4.71,4.19,-0.006881843725615733,0.6500005722045898,0.04279134892432879,0.5199999999999996
2026-08-19,7716.740234375,7743.93017578125,7700.06982421875,7707.97998046875,5184100000,14.890000343322754,4.65,4.19,0.002108778138942835,-0.9499998092651367,-0.05997473485566407,0.45999999999999996
2026-08-20,7690.490234375,7699.9599609375,7639.009765625,7641.16015625,4759610000,16.010000228881836,4.69,4.19,-0.008668915122777232,1.119999885559082,0.07521825787340108,0.5
2026-08-21,7665.68017578125,7697.10986328125,7660.06005859375,7674.3701171875,4497270000,15.130000114440918,4.74,4.24,0.004346193543703691,-0.880000114440918,-0.054965652833246614,0.5
2026-08-24,7663.3798828125,7670.2998046875,7638.169921875,7652.85986328125,4400800000,15.850000381469728,4.7,4.24,-0.0028028689752760405,0.7200002670288104,0.04758759164460291,0.45999999999999996
2026-08-25,7676.66015625,7686.10986328125,7650.919921875,7677.27978515625,4260240000,15.449999809265137,4.64,4.17,0.003190953749482306,-0.4000005722045916,-0.025236628553790608,0.46999999999999975
2026-08-26,7666.8798828125,7690.72998046875,7657.41015625,7675.7001953125,4100600000,15.210000038146973,4.64,4.17,-0.00020574863596922732,-0.23999977111816406,-0.01553396595993739,0.46999999999999975
