date,sp500_open,sp500_high,sp500_low,sp500_close,sp500_volume,vix_close,treasury_10y,treasury_2y,sp500_return,vix_change,vix_pct_change,yield_spread_10y_2y,realized_volatility_5d,realized_volatility_10d,realized_volatility_21d,sp500_return_lag_1,sp500_return_lag_3,sp500_return_rolling_mean_5,yield_spread_change_5d,vix_x_realized_vol_5d,future_5d_realized_volatility,sp500_return_iqr_outlier,realized_volatility_iqr_outlier,high_vix_regime,high_realized_vol_regime,large_abs_return_flag
2018-02-01,2816.449951171875,2835.9599609375,2812.699951171875,2821.97998046875,3977380000,13.470000267028809,2.78,2.16,-0.0006480882520516,-0.0699996948242187,-0.0051698445362948,0.6199999999999997,0.00771879942206909,0.006221570157703485,0.005365553432340954,0.0004889853730833,-0.0067319743328871,-0.0009395974338865798,0.06999999999999984,0.10397223027641246,0.02164973167849869,False,False,False,False,False
2018-02-02,2808.919921875,2808.919921875,2759.969970703125,2762.1298828125,4340220000,17.309999465942383,2.84,2.15,-0.021208547923968,3.839999198913574,0.2850778858789582,0.69,0.007878954425339152,0.008926277877912168,0.00723195548318286,-0.0006480882520516,-0.0108988156202839,-0.0011897392646756598,0.1599999999999997,0.1363846968948051,0.024969996385401476,False,False,False,False,False
2018-02-05,2741.06005859375,2763.389892578125,2638.169921875,2648.93994140625,5310840000,37.31999969482422,2.77,2.08,-0.0409792248042282,20.01000022888184,1.1559792516603906,0.69,0.015333338977038613,0.014159601624155468,0.011431291734530937,-0.021208547923968,0.0004889853730833,-0.00779968815122146,0.09999999999999964,0.5722402059437174,0.020746416471310734,True,False,True,True,True
2018-02-06,2614.780029296875,2701.0400390625,2593.070068359375,2695.139892578125,5917350000,29.979999542236328,2.79,2.1,0.0174409205923138,-7.340000152587891,-0.196677390477199,0.69,0.020152594114031534,0.0157555287621893,0.01199207284130238,-0.0409792248042282,-0.0006480882520516,-0.01464913824548968,0.08999999999999986,0.60417476231354,0.019146801685788417,False,False,True,True,False
2018-02-07,2690.949951171875,2727.669921875,2681.330078125,2681.659912109375,4646300000,27.729999542236328,2.84,2.15,-0.0050015884169394,-2.25,-0.0750500345015069,0.69,0.019752260446161282,0.0156847067919228,0.012011731595883805,0.0174409205923138,-0.021208547923968,-0.008981191002970141,0.10999999999999988,0.5477301731301851,0.0200069679018795,False,False,True,True,False
2018-02-08,2685.010009765625,2685.27001953125,2580.56005859375,2581.0,5333840000,33.459999084472656,2.85,2.13,-0.037536419758088,5.729999542236328,0.2066353998134333,0.7200000000000002,0.02164973167849869,0.018174187433187435,0.014278029501674857,-0.0050015884169394,-0.0409792248042282,-0.010079305760974681,0.10000000000000053,0.7244000021416448,0.004483221712435624,True,False,True,True,True
2018-02-09,2601.780029296875,2638.669921875,2532.68994140625,2619.550048828125,5690110000,29.059999465942383,2.83,2.05,0.0149360902084947,-4.399999618530273,-0.1315002910616373,0.7800000000000002,0.024969996385401476,0.01855434045507535,0.01477589727035391,-0.037536419758088,0.0174409205923138,-0.017456972062181962,0.0900000000000003,0.7256280816243501,0.005775556054564595,False,False,True,True,False
2018-02-12,2636.75,2672.610107421875,2622.449951171875,2656.0,4069220000,25.61000061035156,2.86,2.09,0.0139145847540425,-3.449998855590824,-0.1187198526838976,0.77,0.020746416471310734,0.019800288617929925,0.015050111166884348,0.0149360902084947,-0.0050015884169394,-0.010228044435689419,0.08000000000000007,0.5313157384928755,0.007267408588122149,False,False,True,True,False
2018-02-13,2646.27001953125,2668.840087890625,2637.080078125,2662.93994140625,3503540000,24.96999931335449,2.83,2.1,0.002612929746329,-0.6400012969970703,-0.0249902882367906,0.73,0.01914680168578842,0.01994515657902491,0.01496318571552103,0.0139145847540425,-0.037536419758088,0.0007507174759647191,0.040000000000000036,0.4780956249470714,0.008338714044135486,False,False,True,True,False
2018-02-14,2651.2099609375,2702.10009765625,2648.8701171875,2698.6298828125,4011940000,19.26000022888184,2.91,2.17,0.0134024582572458,-5.709999084472649,-0.2286743789143326,0.7400000000000002,0.0200069679018795,0.020701168760061308,0.015313293514961473,0.002612929746329,0.0149360902084947,-0.002214880693232241,0.050000000000000266,0.3853342063694308,0.006484139489224693,False,False,False,True,False
2018-02-15,2713.4599609375,2731.510009765625,2689.820068359375,2731.199951171875,3696140000,19.1299991607666,2.9,2.19,0.0120691127622993,-0.1300010681152379,-0.0067497957720836,0.71,0.004483221712435629,0.021269679529526363,0.01541129398639624,0.0134024582572458,0.0139145847540425,0.001465928641604799,-0.010000000000000231,0.08576402759642418,0.007937747987126367,False,False,False,False,False
2018-02-16,2727.139892578125,2754.419921875,2725.110107421875,2732.219970703125,3646920000,19.459999084472656,2.87,2.21,0.0003734693722488,0.3299999237060547,0.0172503888229564,0.6600000000000001,0.005775556054564597,0.020393020334608873,0.015413987407065408,0.0120691127622993,0.002612929746329,0.011387035145682258,-0.1200000000000001,0.11239231553414757,0.008941127887130217,False,False,False,False,False
2018-02-20,2722.989990234375,2737.60009765625,2706.760009765625,2716.260009765625,3646920000,20.600000381469727,2.88,2.25,-0.0058413894593534,1.1400012969970703,0.0585817754691821,0.6299999999999999,0.0072674085881221494,0.015657989563026706,0.01539730959670807,0.0003734693722488,0.0134024582572458,0.008474510978433079,-0.14000000000000012,0.14970861968761265,0.01063462917323238,False,False,False,False,False
2018-02-21,2720.530029296875,2747.75,2701.2900390625,2701.330078125,3789040000,20.020000457763672,2.94,2.26,-0.0054965031281792,-0.5799999237060547,-0.0281553355808565,0.6800000000000002,0.008338714044135486,0.014987035764499895,0.015266415437320331,-0.0058413894593534,0.0120691127622993,0.004523316135753899,-0.04999999999999982,0.1669410589807528,0.011625426318746702,False,False,False,False,False
2018-02-22,2710.419921875,2731.260009765625,2697.77001953125,2703.9599609375,3720620000,18.71999931335449,2.92,2.25,0.0009735510790762,-1.3000011444091832,-0.0649351206135986,0.6699999999999999,0.006484139489224693,0.014880765674589973,0.015252372077518225,-0.0054965031281792,0.0003734693722488,0.0029014295608522597,-0.07000000000000028,0.12138308678598098,0.01295996917715305,False,False,False,False,False
2018-02-23,2715.800048828125,2747.760009765625,2713.739990234375,2747.300048828125,3200360000,16.489999771118164,2.88,2.25,0.0160283763505131,-2.229999542236325,-0.1191239115401828,0.6299999999999999,0.007937747987126367,0.00821336043715176,0.015738769382512913,0.0009735510790762,-0.0058413894593534,0.0004156481252183391,-0.08000000000000007,0.13089346249090747,0.010427504428252162,False,False,False,False,False
2018-02-26,2757.3701171875,2780.639892578125,2753.780029296875,2779.60009765625,3436590000,15.800000190734863,2.86,2.22,0.0117570153438109,-0.6899995803833008,-0.0418435166743796,0.6399999999999997,0.008941127887130217,0.007929450402632066,0.015984117447621682,0.0160283763505131,-0.0054965031281792,0.0012075008428610993,-0.020000000000000462,0.14126982232204222,0.010209317888547504,False,False,False,False,False
2018-02-27,2780.449951171875,2789.14990234375,2744.219970703125,2744.280029296875,3752070000,18.59000015258789,2.9,2.27,-0.0127068884438292,2.789999961853028,0.1765822739349767,0.6299999999999999,0.01063462917323238,0.009187489697408114,0.015908409343135938,0.0117570153438109,0.0009735510790762,0.003484210037173519,0.0,0.19769775795310557,0.009472056071501948,False,False,False,True,False
2018-02-28,2753.780029296875,2761.52001953125,2713.5400390625,2713.830078125,4244570000,19.850000381469727,2.87,2.25,-0.011095788639207,1.260000228881836,0.0677783872264483,0.6200000000000001,0.011625426318746702,0.010161424014023387,0.015996465443497004,-0.0127068884438292,0.0160283763505131,0.00211111024027836,-0.06000000000000005,0.23076471686187022,0.008090671216284786,False,False,False,True,False
2018-03-01,2715.219970703125,2730.889892578125,2659.64990234375,2677.669921875,4514490000,22.46999931335449,2.81,2.22,-0.0133243995419872,2.619998931884762,0.1319898680873865,0.5899999999999999,0.012959969177153047,0.010310508231482418,0.016067042423938648,-0.011095788639207,0.0117570153438109,0.0009912531380727996,-0.08000000000000007,0.2912104985117243,0.0037759366691257888,False,False,True,True,False
2018-03-02,2658.889892578125,2696.25,2647.320068359375,2691.25,3891250000,19.59000015258789,2.86,2.25,0.005071602744632,-2.879999160766598,-0.1281708610936601,0.6099999999999999,0.010427504428252162,0.009633596171437447,0.01613541161950767,-0.0133243995419872,-0.0127068884438292,-0.0018683369861398809,-0.020000000000000018,0.20427481334057077,0.006410009698180412,False,False,False,True,False
2018-03-05,2681.06005859375,2728.090087890625,2675.75,2720.93994140625,3733640000,18.729999542236328,2.88,2.24,0.011032026532745,-0.8600006103515625,-0.0438999797678896,0.6399999999999997,0.010209317888547504,0.010337638208399471,0.01637727268143129,0.005071602744632,-0.011095788639207,-0.0040596917073161005,0.0,0.1912205193790399,0.006745331506483407,False,False,False,False,False
2018-03-06,2730.179931640625,2732.080078125,2711.260009765625,2728.1201171875,3389030000,18.36000061035156,2.88,2.25,0.0026388586061694,-0.3699989318847692,-0.0197543481541693,0.6299999999999999,0.00947205607150195,0.010200136101015118,0.015794603614884873,0.011032026532745,-0.0133243995419872,-0.004204689469529281,0.0,0.17390695525406,0.008082633899540169,False,False,False,False,False
2018-03-07,2710.179931640625,2730.60009765625,2701.739990234375,2726.800048828125,3406690000,17.760000228881836,2.89,2.25,-0.0004838747205661,-0.600000381469723,-0.0326797582529183,0.6400000000000001,0.008090671216284786,0.010015226097011068,0.012945376031840114,0.0026388586061694,0.005071602744632,-0.001135540059529561,0.020000000000000018,0.14369032265302548,0.00874585225226066,False,False,False,False,False
2018-03-08,2732.75,2740.449951171875,2722.64990234375,2738.969970703125,3206040000,16.540000915527344,2.86,2.25,0.0044630782078172,-1.2199993133544922,-0.0686936541459325,0.6099999999999999,0.0037759366691257896,0.010069252722993745,0.012468961731695217,-0.0004838747205661,0.011032026532745,0.000986842724198619,0.020000000000000018,0.06245399596431383,0.00866522576534449,False,False,False,False,False
2018-03-09,2752.909912109375,2786.570068359375,2751.5400390625,2786.570068359375,3376870000,14.640000343322754,2.9,2.27,0.0173788315189269,-1.9000005722045896,-0.114873063303214,0.6299999999999999,0.006410009698180412,0.010272376783580572,0.012873413936849315,0.0044630782078172,0.0026388586061694,0.004544338274159499,0.020000000000000018,0.09384254418206342,0.0030805162671151912,False,False,False,False,False
2018-03-12,2790.5400390625,2796.97998046875,2779.260009765625,2783.02001953125,3216960000,15.779999732971191,2.87,2.27,-0.0012739851290425,1.1399993896484375,0.0778688089422339,0.6000000000000001,0.0067453315064834075,0.009695476828179677,0.009440351613047201,0.0173788315189269,-0.0004838747205661,0.007005784029018479,-0.03999999999999959,0.10644132937111034,0.0054736149779523475,False,False,False,False,False
2018-03-13,2792.31005859375,2801.89990234375,2758.679931640625,2765.31005859375,3324290000,16.350000381469727,2.84,2.26,-0.0063635765510888,0.5700006484985352,0.0361217147112846,0.5800000000000001,0.00808263389954017,0.009015946976728874,0.00931555098594533,-0.0012739851290425,0.0044630782078172,0.004544581696660979,-0.04999999999999982,0.13215106734076193,0.005980139086356693,False,False,False,False,False
2018-03-14,2774.06005859375,2777.110107421875,2744.3798828125,2749.47998046875,3394630000,17.229999542236328,2.81,2.26,-0.0057245219485623,0.8799991607666016,0.0538225773843985,0.5500000000000003,0.00874585225226066,0.008432091072359855,0.009118978322434336,-0.0063635765510888,0.0173788315189269,0.0027440946652093393,-0.08999999999999986,0.15069103030291775,0.005892909333728855,False,False,False,False,False
2018-03-15,2754.27001953125,2763.030029296875,2741.469970703125,2747.330078125,3543710000,16.59000015258789,2.82,2.29,-0.0007819305319631,-0.6399993896484375,-0.0371444809432287,0.5299999999999998,0.008665225765344491,0.006961989674986643,0.009131267659465538,-0.0057245219485623,-0.0012739851290425,0.0016959652196100992,-0.08000000000000007,0.14375609676927364,0.010528392892373378,False,False,False,False,False
2018-03-16,2750.570068359375,2761.85009765625,2749.969970703125,2752.010009765625,5429140000,15.800000190734863,2.85,2.31,0.0017034471678114,-0.7899999618530273,-0.0476190448816719,0.54,0.0030805162671151973,0.006915375947318596,0.008738257332564545,-0.0007819305319631,-0.0063635765510888,0.0006469634716540392,-0.08999999999999986,0.048672157607981964,0.010424315356568261,False,False,False,False,False
2018-03-19,2741.3798828125,2741.3798828125,2694.590087890625,2712.919921875,3327460000,19.020000457763672,2.85,2.31,-0.014204195388793,3.2200002670288086,0.2037974827947799,0.54,0.005473614977952352,0.007801282273206558,0.008938310825247658,0.0017034471678114,-0.0057245219485623,-0.0024881133985690607,-0.06000000000000005,0.10410815938627582,0.018660801261405225,False,False,False,False,False
2018-03-20,2715.050048828125,2724.219970703125,2710.050048828125,2716.93994140625,3272590000,18.200000762939453,2.89,2.34,0.0014818054520648,-0.8199996948242188,-0.0431124960614555,0.5500000000000003,0.005980139086356698,0.007765858623066149,0.008945282105833535,-0.014204195388793,-0.0007819305319631,-0.0050741554505191605,-0.029999999999999805,0.10883853593417595,0.019089034858271275,False,False,False,False,False
2018-03-21,2714.989990234375,2739.139892578125,2709.7900390625,2711.929931640625,3434780000,17.860000610351562,2.89,2.31,-0.0018439898833508,-0.3400001525878906,-0.0186813262821521,0.5800000000000001,0.00589290933372886,0.007778378672662817,0.008865966065746855,0.0014818054520648,0.0017034471678114,-0.0035050790498884405,0.029999999999999805,0.10524736429714385,0.01902886418647034,False,False,False,False,False
2018-03-22,2691.360107421875,2695.679931640625,2641.590087890625,2643.68994140625,3765460000,23.34000015258789,2.83,2.29,-0.0251628884058564,5.479999542236328,0.306830870938501,0.54,0.01052839289237338,0.010487659417409038,0.010313676068866018,-0.0018439898833508,-0.014204195388793,-0.0027289726368461406,0.010000000000000231,0.24573269171449993,0.018295893907895943,False,False,True,True,True
2018-03-23,2646.7099609375,2657.669921875,2585.889892578125,2588.260009765625,3829380000,24.8700008392334,2.82,2.28,-0.020966880711866,1.5300006866455078,0.0655527282194925,0.54,0.010424315356568264,0.009075460178472324,0.011141608268366366,-0.0251628884058564,0.0014818054520648,-0.0076051642116248,0.0,0.2592527316662863,0.018614756145983943,False,False,True,True,False
2018-03-26,2619.35009765625,2661.360107421875,2601.81005859375,2658.550048828125,3538080000,21.030000686645508,2.85,2.33,0.0271572557615125,-3.84000015258789,-0.1544028959794058,0.52,0.01866080126140523,0.01376434978033302,0.012201619991415507,-0.020966880711866,-0.0018439898833508,-0.012139229787560279,-0.020000000000000018,0.3924366633407073,0.014849517271072414,False,False,False,True,True
2018-03-27,2667.570068359375,2674.780029296875,2596.1201171875,2612.6201171875,3761320000,22.5,2.78,2.26,-0.0172763088138478,1.4699993133544922,0.0699001077202994,0.52,0.019089034858271278,0.014293594509293817,0.012267199647996645,0.0271572557615125,-0.0251628884058564,-0.00386693955749918,-0.03000000000000025,0.42950328431110374,0.013840145974564596,False,False,True,True,False
2018-03-28,2611.300048828125,2632.64990234375,2593.06005859375,2605.0,3875720000,22.8700008392334,2.77,2.28,-0.0029166571662562,0.3700008392333984,0.0164444817437066,0.4900000000000002,0.01902886418647034,0.014315203275160325,0.01206895466979084,-0.0172763088138478,-0.020966880711866,-0.007618562410681701,-0.08999999999999986,0.435190139914235,0.013620163202249031,False,False,True,True,False
2018-03-29,2614.409912109375,2659.070068359375,2609.719970703125,2640.8701171875,3572360000,19.96999931335449,2.74,2.27,0.0137697186900191,-2.90000152587891,-0.1268037350004801,0.4700000000000002,0.018295893907895943,0.015397287592168407,0.012374073521827381,-0.0029166571662562,0.0271572557615125,-0.00783309586726278,-0.06999999999999984,0.36536898877788854,0.016028449415224678,False,False,False,True,False
2018-04-02,2633.449951171875,2638.300048828125,2553.800048828125,2581.8798828125,3635780000,23.6200008392334,2.73,2.25,-0.0223374235601651,3.65000152587891,0.1827742439349036,0.48,0.01861475614598394,0.01620207580686435,0.012930264847346674,0.0137697186900191,-0.0172763088138478,-4.657444808767973e-05,-0.06000000000000005,0.4396805557902657,0.012653807746095255,False,False,True,True,False
2018-04-03,2592.169921875,2619.139892578125,2575.489990234375,2614.449951171875,3395840000,21.100000381469727,2.79,2.28,0.0126148658487921,-2.520000457763672,-0.1066892619909601,0.5100000000000002,0.014849517271072412,0.016866194704875756,0.013213658437469302,-0.0223374235601651,-0.0029166571662562,-0.00032068301774749937,-0.009999999999999787,0.3133248200842692,0.01339681344504264,False,False,False,True,False
2018-04-04,2584.0400390625,2649.860107421875,2573.610107421875,2644.68994140625,3369230000,20.059999465942383,2.79,2.28,0.0115664827398285,-1.0400009155273438,-0.0492891420248828,0.5100000000000002,0.01384014597456459,0.0174288979179057,0.013237860003301353,0.0126148658487921,0.0137697186900191,-0.0032291610002915805,-0.009999999999999787,0.2776333208583303,0.013030698175865036,False,False,False,True,False
2018-04-05,2657.360107421875,2672.080078125,2649.580078125,2662.840087890625,3230430000,18.940000534057617,2.83,2.3,0.0068628636575538,-1.1199989318847656,-0.0558324507329267,0.5300000000000002,0.013620163202249028,0.017657876548440414,0.01332743475724286,0.0115664827398285,-0.0223374235601651,0.0025393973104436795,0.040000000000000036,0.25796589832454847,0.013189954286146058,False,False,False,True,False
2018-04-06,2645.820068359375,2656.8798828125,2586.27001953125,2604.469970703125,3312390000,21.489999771118164,2.77,2.27,-0.0219202487798424,2.549999237060547,0.1346356475795858,0.5,0.016028449415224674,0.0172484903363424,0.014045518010776123,0.0068628636575538,0.0126148658487921,0.004495301475205679,0.029999999999999805,0.3444513742645573,0.007982990225592809,False,False,False,True,False
2018-04-09,2617.179931640625,2653.550048828125,2610.7900390625,2613.159912109375,3076140000,21.770000457763672,2.78,2.29,0.0033365488963206,0.2800006866455078,0.0130293480515444,0.4899999999999997,0.01265380774609525,0.015977857771878348,0.014022540841903216,-0.0219202487798424,0.0115664827398285,-0.0026426920187666196,0.009999999999999731,0.27547340042494706,0.008132846273910763,False,False,False,True,False
2018-04-10,2638.409912109375,2665.449951171875,2635.780029296875,2656.8701171875,3579130000,20.46999931335449,2.8,2.32,0.0167269537832615,-1.3000011444091832,-0.0597152557222649,0.48,0.013396813445042637,0.014515382436759912,0.013979958520842994,0.0033365488963206,0.0068628636575538,0.0024921024725305203,-0.03000000000000025,0.274232762021161,0.006589386755690846,False,False,False,True,False
2018-04-11,2643.889892578125,2661.429931640625,2639.25,2642.18994140625,3054520000,20.239999771118164,2.79,2.32,-0.005525364482924,-0.2299995422363245,-0.0112359330704165,0.4700000000000002,0.013030698175865033,0.013506333923285206,0.013996302257801569,0.0167269537832615,-0.0219202487798424,0.0033145200594244,-0.040000000000000036,0.26374132809701817,0.005135411825560028,False,False,False,True,False
2018-04-12,2653.830078125,2674.719970703125,2653.830078125,2663.989990234375,3045330000,18.489999771118164,2.83,2.34,0.0082507500639876,-1.75,-0.0864624515706365,0.4900000000000002,0.013189954286146055,0.013579796368614509,0.01414306942898715,-0.005525364482924,0.0033365488963206,-0.00010384938512609989,-0.040000000000000036,0.2438822517318996,0.006278282312845269,False,False,False,True,False
2018-04-13,2676.89990234375,2680.260009765625,2645.050048828125,2656.300048828125,2988540000,17.40999984741211,2.82,2.37,-0.0028866254882486,-1.079999923706055,-0.0584099479218512,0.4499999999999997,0.007982990225592802,0.013087634347302536,0.014117271672568977,0.0082507500639876,0.0167269537832615,0.00017372789616066,-0.05000000000000032,0.13898385860946305,0.007484313203974191,False,False,False,False,False
2018-04-16,2670.10009765625,2686.489990234375,2665.159912109375,2677.840087890625,3020740000,16.559999465942383,2.83,2.39,0.0081090383866848,-0.8500003814697266,-0.0488225381343742,0.4399999999999999,0.008132846273910756,0.010706208295119072,0.014266209790346648,-0.0028866254882486,-0.005525364482924,0.0039804525544794205,-0.04999999999999982,0.13467992995255362,0.006611357279147625,False,False,False,False,False
2018-04-17,2692.739990234375,2713.340087890625,2692.050048828125,2706.389892578125,3286190000,15.25,2.82,2.41,0.01066150470172,-1.3099994659423828,-0.0791062504945457,0.4099999999999997,0.006589386755690839,0.010558825490321149,0.014476548915881914,0.0081090383866848,0.0082507500639876,0.00493495045255226,-0.07000000000000028,0.1004881480242853,0.005333329093859214,False,False,False,False,False
2018-04-18,2710.110107421875,2717.489990234375,2703.6298828125,2708.639892578125,3412030000,15.600000381469728,2.87,2.42,0.0008313658006817,0.3500003814697283,0.0229508446865396,0.4500000000000002,0.005135411825560018,0.010226473974449788,0.014158817023371673,0.01066150470172,-0.0028866254882486,0.00372186063624396,-0.020000000000000018,0.08011242643774044,0.005576136931369795,False,False,False,False,False
2018-04-19,2701.159912109375,2702.840087890625,2681.89990234375,2693.1298828125,3375120000,15.960000038146973,2.92,2.44,-0.0057261246901529,0.3599996566772443,0.0230769005047504,0.48,0.006278282312845262,0.010378829921047385,0.014206635877089053,0.0008313658006817,0.0081090383866848,0.0049932066929651,-0.010000000000000231,0.10020138595250785,0.00831589219572281,False,False,False,False,False
2018-04-20,2692.56005859375,2693.93994140625,2660.610107421875,2670.139892578125,3428260000,16.8799991607666,2.96,2.46,-0.008536532300613,0.9199991226196288,0.0576440551642032,0.5,0.007484313203974185,0.007873522172174992,0.014311971570079114,-0.0057261246901529,0.01066150470172,0.0021978317421369998,0.05000000000000032,0.12633520060199863,0.007648914117370155,False,False,False,False,False
2018-04-23,2675.39990234375,2682.860107421875,2657.989990234375,2670.2900390625,3030390000,16.34000015258789,2.98,2.49,5.623169212687351e-05,-0.5399990081787109,-0.0319904641603185,0.4899999999999997,0.006611357279147619,0.00790112716195489,0.013219999774438631,-0.008536532300613,0.0008313658006817,0.00106785037966412,0.04999999999999982,0.10802957895008515,0.008320687268225187,False,False,False,False,False
2018-04-24,2680.800048828125,2683.550048828125,2617.320068359375,2634.56005859375,3716020000,18.020000457763672,3.0,2.48,-0.0133805616416463,1.6800003051757812,0.1028151951950691,0.52,0.005333329093859206,0.007517444519654272,0.012720928220302767,5.623169212687351e-05,-0.0057261246901529,-0.0005427109592474652,0.11000000000000032,0.09610659271274721,0.005916396547209147,False,False,False,False,False
2018-04-25,2634.919921875,2645.300048828125,2612.669921875,2639.39990234375,3563680000,17.84000015258789,3.03,2.49,0.0018370595630237,-0.1800003051757812,-0.0099889179025093,0.5399999999999996,0.0055761369313697875,0.007379293034505762,0.011297838957240357,-0.0133805616416463,-0.008536532300613,-0.005351124227920725,0.08999999999999941,0.09947828370648798,0.0068590630382522125,False,False,False,False,False
2018-04-26,2651.64990234375,2676.47998046875,2647.159912109375,2666.93994140625,3690920000,16.239999771118164,3.0,2.49,0.0104342047743672,-1.6000003814697266,-0.0896861192704434,0.5099999999999998,0.008315892195722804,0.007649856086685356,0.010844847971512363,0.0018370595630237,5.623169212687351e-05,-0.005149985475452324,0.029999999999999805,0.13505008735518167,0.004304970682536242,False,False,False,False,False
2018-04-27,2675.469970703125,2677.35009765625,2659.010009765625,2669.909912109375,3234510000,15.40999984741211,2.96,2.49,0.0011136248915897,-0.8299999237060547,-0.0511083704066399,0.4699999999999997,0.007648914117370149,0.0075854506532366025,0.010808741314610359,0.0104342047743672,-0.0133805616416463,-0.0019179195825483053,-0.030000000000000304,0.11786976538154233,0.007663113859419271,False,False,False,False,False
2018-04-30,2682.510009765625,2682.8701171875,2648.0400390625,2648.050048828125,3749510000,15.93000030517578,2.95,2.49,-0.0081874909644346,0.5200004577636701,0.0337443519086728,0.4599999999999999,0.008320687268225182,0.007534660378832622,0.010605372524071354,0.0011136248915897,0.0018370595630237,1.2111855892234539e-05,-0.029999999999999805,0.13254855072209937,0.0066643536015759414,False,False,False,False,False
2018-05-01,2642.9599609375,2655.27001953125,2625.409912109375,2654.800048828125,3562820000,15.489999771118164,2.97,2.5,0.0025490454770622,-0.4400005340576154,-0.0276208741762958,0.4700000000000002,0.005916396547209139,0.006605149390762511,0.009336949592688356,-0.0081874909644346,0.0104342047743672,-0.0016366326754200602,-0.04999999999999982,0.09164498116211386,0.0067021359592296945,False,False,False,False,False
2018-05-02,2654.239990234375,2660.8701171875,2631.699951171875,2635.669921875,4047020000,15.970000267028809,2.97,2.49,-0.0072058635683577,0.4800004959106445,0.030987766494718,0.48,0.0068590630382522055,0.006711909981876997,0.009152608621235712,0.0025490454770622,0.0011136248915897,0.0015492887483216397,-0.05999999999999961,0.10953923855245515,0.005747463743188119,False,False,False,False,False
2018-05-03,2628.080078125,2637.139892578125,2594.6201171875,2629.72998046875,3867530000,15.899999618530272,2.94,2.49,-0.0022536742393085,-0.0700006484985369,-0.0043832590687589,0.4499999999999997,0.004304970682536233,0.00663600459553013,0.008818751155895244,-0.0072058635683577,-0.0081874909644346,-0.0002592958779546404,-0.06000000000000011,0.06844903221011012,0.004731154552799492,False,False,False,False,False
2018-05-04,2621.449951171875,2670.929931640625,2615.320068359375,2663.419921875,3335260000,14.770000457763672,2.95,2.51,0.0128111789637979,-1.1299991607665998,-0.0710691313130391,0.4400000000000004,0.007663113859419266,0.007659614987574291,0.009132020489137756,-0.0022536742393085,0.0025490454770622,-0.0027968716806897804,-0.029999999999999305,0.1131841952115177,0.004043543247075575,False,False,False,False,False
2018-05-07,2680.340087890625,2683.35009765625,2664.699951171875,2672.6298828125,3266810000,14.75,2.95,2.49,0.0034579455015175,-0.0200004577636718,-0.0013541270916588,0.4599999999999999,0.006664353601575936,0.007739565147280809,0.007713358947146585,0.0128111789637979,-0.0072058635683577,-0.0004573608662481403,0.0,0.09829921562324506,0.0043339346083412136,False,False,False,False,False
2018-05-08,2670.260009765625,2676.340087890625,2655.199951171875,2671.919921875,3745100000,14.710000038146973,2.97,2.51,-0.000265641322828,-0.0399999618530273,-0.0027118618205442,0.4600000000000004,0.0067021359592296876,0.006322629775979093,0.007705335804191059,0.0034579455015175,-0.0022536742393085,0.0018717264269422797,-0.009999999999999787,0.0985884202159349,0.006135910104193371,False,False,False,False,False
2018-05-09,2678.1201171875,2701.27001953125,2674.139892578125,2697.7900390625,3913650000,13.420000076293944,3.0,2.54,0.0096822202550688,-1.2899999618530291,-0.0876954424546372,0.4599999999999999,0.005747463743188112,0.006793749625286865,0.007150598178016786,-0.000265641322828,0.0128111789637979,0.0013087890669642396,-0.020000000000000073,0.07713096387208114,0.005252683376359143,False,False,False,False,False
2018-05-10,2705.02001953125,2726.110107421875,2704.5400390625,2723.070068359375,3380640000,13.229999542236328,2.97,2.54,0.0093706437235048,-0.1900005340576154,-0.0141580128895264,0.4300000000000001,0.004731154552799484,0.0066714470674212115,0.0072309288283157165,0.0096822202550688,0.0034579455015175,0.00468640583164954,-0.019999999999999574,0.06259317256778649,0.003674589018686507,False,False,False,False,False
2018-05-11,2722.699951171875,2732.860107421875,2717.449951171875,2727.719970703125,2874850000,12.649999618530272,2.97,2.54,0.001707595554657,-0.5799999237060565,-0.0438397538756086,0.4300000000000001,0.004043543247075565,0.006664977668200692,0.007070933452103931,0.0093706437235048,-0.000265641322828,0.007011269424212199,-0.010000000000000286,0.051150820533016554,0.0036315955235758364,False,False,False,False,False
2018-05-14,2738.469970703125,2742.10009765625,2725.469970703125,2730.1298828125,2994360000,12.93000030517578,3.0,2.55,0.0008834895573073,0.2800006866455078,0.0221344422995357,0.4500000000000002,0.004333934608341204,0.005748306279360306,0.007013760180268253,0.001707595554657,0.0096822202550688,0.004790552742384019,-0.009999999999999731,0.05603777580846364,0.005005567830959736,False,False,False,False,False
2018-05-15,2718.590087890625,2718.590087890625,2701.909912109375,2711.449951171875,3291190000,14.630000114440918,3.08,2.58,-0.0068421402799274,1.6999998092651385,0.1314771669869676,0.5,0.006135910104193364,0.006478111816202228,0.0070483390645436714,0.0008834895573073,0.0093706437235048,0.00427566155354198,0.03999999999999959,0.0897683655265481,0.0040961701110905765,False,False,False,False,False
2018-05-16,2712.6201171875,2727.760009765625,2712.169921875,2722.4599609375,3248480000,13.420000076293944,3.09,2.58,0.0040605616787676,-1.2100000381469744,-0.0827067688777809,0.5099999999999998,0.005252683376359135,0.005687105730896604,0.006733631812376704,-0.0068421402799274,0.001707595554657,0.0029603617621220997,0.04999999999999988,0.07049101131148752,0.003984773430406187,False,False,False,False,False
2018-05-17,2719.7099609375,2731.9599609375,2711.360107421875,2720.1298828125,3478150000,13.43000030517578,3.11,2.57,-0.0008558723207806,0.0100002288818359,0.0007451735339034,0.54,0.0036745890186864957,0.005565723020342668,0.006736932624052045,0.0040605616787676,0.0008834895573073,0.0018360300468618594,0.10999999999999993,0.049349731642355205,0.0041073951078956705,False,False,False,False,False
2018-05-18,2717.35009765625,2719.5,2709.179931640625,2712.969970703125,3383270000,13.420000076293944,3.06,2.55,-0.0026321949384167,-0.0100002288818359,-0.0007446186637822,0.5100000000000002,0.0036315955235758247,0.004834985656169152,0.0066383007840210345,-0.0008558723207806,-0.0068421402799274,-0.00020927316199522038,0.08000000000000013,0.04873601220345631,0.004065798285005149,False,False,False,False,False
2018-05-21,2735.389892578125,2739.18994140625,2725.699951171875,2733.010009765625,3053480000,13.079999923706056,3.06,2.58,0.0073867529972351,-0.3400001525878871,-0.0253353316434392,0.48,0.005005567830959728,0.005101422523168094,0.00648511529085036,-0.0026321949384167,0.0040605616787676,-0.0010772312606099604,0.029999999999999805,0.06547282684705873,0.0047672886000173845,False,False,False,False,False
2018-05-22,2738.340087890625,2742.239990234375,2721.8798828125,2724.43994140625,3384140000,13.220000267028809,3.06,2.59,-0.0031357617896576,0.1400003433227521,0.0107033902247213,0.4700000000000002,0.004096170111090565,0.00531127767381856,0.006545623086373554,0.0073867529972351,-0.0008558723207806,0.00022342142737559952,-0.029999999999999805,0.054151369962412696,0.00793871010063546,False,False,False,False,False
2018-05-23,2713.97998046875,2733.330078125,2709.5400390625,2733.2900390625,3333160000,12.579999923706056,3.01,2.53,0.0032484098921563,-0.6400003433227521,-0.0484115227228049,0.48,0.0039847734304061765,0.00469059885314241,0.005713693213113327,-0.0031357617896576,-0.0026321949384167,0.0009646971254295596,-0.029999999999999805,0.05012844945049562,0.008140944813323696,False,False,False,False,False
2018-05-24,2730.93994140625,2731.969970703125,2707.3798828125,2727.760009765625,3285750000,12.529999732971191,2.98,2.5,-0.002023213496498,-0.050000190734865,-0.0039745779839508,0.48,0.004107395107895661,0.003916375672089264,0.005770385345607629,0.0032484098921563,0.0073867529972351,0.0008022667681072994,-0.06000000000000005,0.05146565960513981,0.009633257075284984,False,False,False,False,False
2018-05-25,2723.60009765625,2727.360107421875,2714.989990234375,2721.330078125,3015260000,13.220000267028809,2.93,2.48,-0.0023572204364039,0.6900005340576172,0.0550678809866183,0.4500000000000002,0.004065798285005138,0.003947527342905038,0.005471608264251797,-0.002023213496498,-0.0031357617896576,0.0005687985329638194,-0.06000000000000005,0.0537498544134532,0.009608911125845087,False,False,False,False,False
2018-05-29,2705.110107421875,2710.669921875,2676.81005859375,2689.860107421875,3743310000,17.020000457763672,2.77,2.32,-0.011564187290653,3.8000001907348633,0.2874432763978236,0.4500000000000002,0.004767288600017376,0.005173401991822831,0.00608789558739254,-0.0023572204364039,0.0032484098921563,0.0006237934333663793,-0.029999999999999805,0.08113925415458727,0.00708962213855786,False,False,False,False,False
2018-05-30,2702.429931640625,2729.340087890625,2702.429931640625,2724.010009765625,3566490000,14.9399995803833,2.84,2.42,0.0126957912233143,-2.080000877380371,-0.1222092139504954,0.4199999999999999,0.007938710100635455,0.006335105720182248,0.006309896772684066,-0.011564187290653,-0.002023213496498,-0.0031663946242112403,-0.05000000000000032,0.11860432557227836,0.006264190345111083,False,False,False,False,False
2018-05-31,2720.97998046875,2722.5,2700.679931640625,2705.27001953125,4241100000,15.43000030517578,2.83,2.4,-0.0068795599748869,0.4900007247924787,0.0327979075338038,0.4300000000000001,0.00814094481332369,0.0065632323414960125,0.006541063524329732,0.0126957912233143,-0.0023572204364039,-8.402161686058007e-08,-0.04999999999999988,0.12561478095400372,0.004429028060303429,False,False,False,False,False
2018-06-01,2718.699951171875,2736.929931640625,2718.699951171875,2734.6201171875,3694310000,13.460000038146973,2.89,2.47,0.010849230370481,-1.9700002670288068,-0.1276733783581325,0.4199999999999999,0.009633257075284979,0.007405083936258273,0.006602976983307492,-0.0068795599748869,-0.011564187290653,-0.0020256779950255004,-0.06000000000000011,0.12966364060081542,0.0032250418259840976,False,False,False,False,False
2018-06-04,2741.669921875,2749.159912109375,2740.5400390625,2746.8701171875,3410090000,12.739999771118164,2.94,2.52,0.0044795984359973,-0.7200002670288086,-0.0534918473245361,0.4199999999999999,0.009608911125845082,0.007405977761164969,0.006562761706588613,0.010849230370481,0.0126957912233143,0.000548810778370299,-0.030000000000000304,0.12241752554396113,0.0032496998005887004,False,False,False,False,False
2018-06-05,2748.4599609375,2752.610107421875,2739.510009765625,2748.800048828125,3523550000,12.399999618530272,2.92,2.49,0.0007025929724704,-0.3400001525878924,-0.0266876105727003,0.4299999999999997,0.007089622138557852,0.007119861908671339,0.006112759696502904,0.0044795984359973,-0.0068795599748869,0.0019161745528505393,-0.020000000000000462,0.08791131181364113,0.003156695699008752,False,False,False,False,False
2018-06-06,2753.25,2772.389892578125,2748.4599609375,2772.35009765625,3662780000,11.640000343322754,2.97,2.52,0.0085673924657287,-0.7599992752075178,-0.061290266015153,0.4500000000000002,0.006264190345111074,0.007366917128041855,0.006284241565572747,0.0007025929724704,0.010849230370481,0.004369530605475219,0.030000000000000304,0.07291517776773197,0.002465185152628934,False,False,False,False,False
2018-06-07,2774.840087890625,2779.89990234375,2760.159912109375,2770.3701171875,3742080000,12.130000114440918,2.93,2.5,-0.000714188467908,0.489999771118164,0.0420961990262527,0.4300000000000001,0.004429028060303416,0.007383392743966458,0.006291867009950028,0.0085673924657287,0.0044795984359973,0.003543850853958099,0.0,0.05372411087834247,0.002546691874085179,False,False,False,False,False
2018-06-08,2765.840087890625,2779.389892578125,2763.590087890625,2779.030029296875,3138850000,12.18000030517578,2.93,2.5,0.0031259043893263,0.0500001907348615,0.0041220272269688,0.4300000000000001,0.00322504182598408,0.007307564108877743,0.006048181583900852,-0.000714188467908,0.0007025929724704,0.004776925155353879,0.010000000000000231,0.039281010424690746,0.0023461769044968465,False,False,False,False,False
2018-06-11,2780.179931640625,2790.2099609375,2780.169921875,2782.0,3262130000,12.350000381469728,2.96,2.52,0.0010687076684365,0.1700000762939488,0.013957312974919,0.4399999999999999,0.0032496998005886834,0.00717957662473516,0.005781825813647449,0.0031259043893263,0.0085673924657287,0.0032322599591229394,0.020000000000000018,0.04013379377693234,0.0024152370333279495,False,False,False,False,False
2018-06-12,2785.60009765625,2789.800048828125,2778.780029296875,2786.85009765625,3435700000,12.34000015258789,2.96,2.54,0.0017433852107295,-0.0100002288818377,-0.0008097351071213,0.4199999999999999,0.0031566956990087343,0.005546422184761862,0.005782028575083797,0.0010687076684365,-0.000714188467908,0.002550081805610779,-0.009999999999999842,0.03895362540744132,0.002402042603734368,False,False,False,False,False
2018-06-13,2787.93994140625,2791.469970703125,2774.64990234375,2775.6298828125,3820770000,12.9399995803833,2.98,2.59,-0.0040261278685875,0.5999994277954102,0.0486223193173609,0.3900000000000001,0.002465185152628912,0.005038673745523083,0.005881962203830443,0.0017433852107295,0.0031259043893263,0.002758240253262599,-0.06000000000000005,0.03189949484058527,0.0024084493390459684,False,False,False,False,False
2018-06-14,2783.2099609375,2789.06005859375,2776.52001953125,2782.489990234375,3540930000,12.119999885559082,2.94,2.59,0.0024715497784322,-0.8199996948242188,-0.0633693756889541,0.3500000000000001,0.002546691874085158,0.00410535444489156,0.005634592677638476,-0.0040261278685875,0.0010687076684365,0.00023953618639935905,-0.08000000000000002,0.030865905222466357,0.0027236633842558735,False,False,False,False,False
2018-06-15,2777.780029296875,2782.81005859375,2761.72998046875,2779.659912109375,5451990000,11.979999542236328,2.93,2.55,-0.0010171027155291,-0.1400003433227539,-0.0115511835515413,0.3800000000000003,0.0023461769044968235,0.003238435900535696,0.005617640095650683,0.0024715497784322,0.0017433852107295,0.0008766838356673992,-0.04999999999999982,0.02810719824187739,0.003207967745411261,False,False,False,False,False
2018-06-18,2765.7900390625,2774.989990234375,2757.1201171875,2773.75,3316120000,12.3100004196167,2.92,2.56,-0.0021261277624751,0.3300008773803711,0.0275459841393925,0.3599999999999999,0.0024152370333279274,0.003265482653929445,0.005644142599211098,-0.0010171027155291,-0.0040261278685875,4.8082414696319064e-05,-0.08000000000000002,0.029731568893740578,0.00577941453921649,False,False,False,False,False
2018-06-19,2752.010009765625,2765.050048828125,2743.18994140625,2762.590087890625,3671160000,13.350000381469728,2.89,2.54,-0.0040234022926993,1.0399999618530291,0.0844841532414353,0.3500000000000001,0.002402042603734346,0.0035965754824532907,0.005693698525248149,-0.0021261277624751,0.0024715497784322,-0.000590884671486001,-0.06999999999999978,0.03206726967616006,0.006309374006566338,False,False,False,False,False
2018-06-20,2769.72998046875,2774.860107421875,2763.909912109375,2767.320068359375,3332140000,12.789999961853027,2.93,2.56,0.0017121542893689,-0.560000419616701,-0.0419475957764017,0.3700000000000001,0.0024084493390459463,0.0024725812417271155,0.005510161297345908,-0.0040234022926993,-0.0010171027155291,-0.0017442421721717608,-0.020000000000000018,0.0308040669545226,0.006162515219734155,False,False,False,False,False
2018-06-21,2769.280029296875,2769.280029296875,2744.389892578125,2749.760009765625,3336580000,14.640000343322754,2.9,2.56,-0.0063455105155799,1.8500003814697263,0.1446442835799428,0.3399999999999998,0.002723663384255854,0.0030937061702433735,0.00565455360795564,0.0017121542893689,-0.0021261277624751,-0.000596585740580481,-0.010000000000000286,0.039874432880601315,0.007479316541613621,False,False,False,False,False
2018-06-22,2760.7900390625,2764.169921875,2752.679931640625,2754.8798828125,5468110000,13.770000457763672,2.9,2.56,0.0018619345065358,-0.869999885559082,-0.0594262202975893,0.3399999999999998,0.0032079677454112444,0.0029558598473222535,0.0056296099046177755,-0.0063455105155799,-0.0040234022926993,-0.002359997799382901,-0.04000000000000048,0.04417371732280393,0.007365212134099566,False,False,False,False,False
2018-06-25,2742.93994140625,2742.93994140625,2698.669921875,2717.070068359375,3663280000,17.329999923706055,2.87,2.54,-0.0137246689734161,3.559999465942383,0.2585329954680733,0.33,0.005779414539216481,0.004764747410107335,0.006371198872800624,0.0018619345065358,0.0017121542893689,-0.0017841903549699208,-0.02999999999999986,0.10015725352368728,0.004989172992464422,False,False,False,False,False
2018-06-26,2722.1201171875,2732.909912109375,2715.60009765625,2723.06005859375,3568900000,15.920000076293944,2.88,2.53,0.0022045770199778,-1.4099998474121112,-0.0813617918995686,0.3500000000000001,0.0063093740065663295,0.004806171787051231,0.006370575709282951,-0.0137246689734161,-0.0063455105155799,-0.0041038985971581215,0.0,0.100445234665903,0.005369528834533078,False,False,False,False,False
2018-06-27,2728.449951171875,2746.090087890625,2699.3798828125,2699.6298828125,3803990000,17.90999984741211,2.83,2.52,-0.0086043551288214,1.9899997711181656,0.1249999850239587,0.31,0.006162515219734146,0.005154130198120324,0.006140641002342443,0.0022045770199778,0.0018619345065358,-0.002858302734622701,-0.06000000000000011,0.11037064664511335,0.004680555278730462,False,False,False,False,False
2018-06-28,2698.68994140625,2724.340087890625,2691.989990234375,2716.31005859375,3461100000,16.850000381469727,2.84,2.52,0.0061786898594677,-1.0599994659423828,-0.0591847836389315,0.3199999999999998,0.007479316541613614,0.005628504658965658,0.005645578627978338,-0.0086043551288214,-0.0137246689734161,-0.004921604618260761,-0.020000000000000018,0.12602648657932222,0.005091858760247554,False,False,False,False,False
2018-06-29,2727.1298828125,2743.260009765625,2718.030029296875,2718.3701171875,3586800000,16.09000015258789,2.85,2.52,0.0007584033300001,-0.7600002288818359,-0.0451038701291439,0.33,0.007365212134099559,0.005696553808072315,0.00544062185398837,0.0061786898594677,0.0022045770199778,-0.002416764543251241,-0.009999999999999787,0.11850626436150409,0.005335638460393724,False,False,False,False,False
2018-07-02,2704.949951171875,2727.260009765625,2698.949951171875,2726.7099609375,3095040000,15.600000381469728,2.87,2.57,0.0030679574121528,-0.4899997711181623,-0.0304536834351335,0.3000000000000002,0.004989172992464412,0.005913271757359091,0.004948506636714989,0.0007584033300001,-0.0086043551288214,-0.0026374707785583812,-0.029999999999999805,0.0778311005856633,0.005311594424606834,False,False,False,False,False
2018-07-03,2733.27001953125,2736.580078125,2711.159912109375,2713.219970703125,1911460000,16.139999389648438,2.83,2.53,-0.0049473506268106,0.5399990081787092,0.0346153201906418,0.3000000000000002,0.005369528834533069,0.005956050702920846,0.004937952116235103,0.0030679574121528,0.0061786898594677,0.0007210544985553988,-0.04999999999999988,0.08666419211206342,0.0061154211781543006,False,False,False,False,False
2018-07-05,2724.18994140625,2737.830078125,2716.02001953125,2736.610107421875,2980160000,14.970000267028809,2.84,2.55,0.0086208036839299,-1.169999122619629,-0.0724906547003974,0.29,0.004680555278730451,0.006678373835086771,0.005309419451421628,-0.0049473506268106,0.0007584033300001,-0.0007093310308022811,-0.020000000000000018,0.07006791377243796,0.006133057630908625,False,False,False,False,False
2018-07-06,2737.679931640625,2764.409912109375,2733.52001953125,2759.820068359375,2590250000,13.369999885559082,2.82,2.53,0.0084812815952675,-1.6000003814697266,-0.1068804510974994,0.29,0.005091858760247543,0.006986415180021824,0.005302677630461461,0.0086208036839299,0.0030679574121528,0.0027357007317479792,-0.029999999999999805,0.06807815104179266,0.005878175129545958,False,False,False,False,False
2018-07-09,2775.6201171875,2784.64990234375,2770.72998046875,2784.169921875,3070060000,12.6899995803833,2.86,2.57,0.0088229858876633,-0.6800003051757812,-0.0508601578905208,0.29,0.005335638460393715,0.007431061861124842,0.0056371859406296075,0.0084812815952675,-0.0049473506268106,0.0031962190789079394,-0.040000000000000036,0.06770924982347323,0.0052114109972841455,False,False,False,False,False
2018-07-10,2788.56005859375,2795.580078125,2786.239990234375,2793.840087890625,3080140000,12.640000343322754,2.87,2.59,0.0034732671808739,-0.0499992370605468,-0.0039400503320612,0.2800000000000002,0.005311594424606826,0.0055585861218349,0.005646095470401929,0.0088229858876633,0.0086208036839299,0.004809135590440579,-0.020000000000000018,0.0671385553506215,0.005261822819231056,False,False,False,False,False
2018-07-11,2779.820068359375,2785.909912109375,2770.77001953125,2774.02001953125,2986180000,13.630000114440918,2.85,2.58,-0.0070942028662561,0.989999771118164,0.0783227645750139,0.27,0.006115421178154293,0.006308545142134565,0.005854798964134956,0.0034732671808739,0.0084812815952675,0.0048901975441847986,-0.030000000000000193,0.08335319135809742,0.003305107076840699,False,False,False,False,False
2018-07-12,2783.139892578125,2799.219970703125,2781.530029296875,2798.2900390625,2834230000,12.579999923706056,2.85,2.6,0.0087490426746634,-1.0500001907348615,-0.0770359634569916,0.25,0.006133057630908617,0.005525151523066022,0.006143898500285117,-0.0070942028662561,0.0088229858876633,0.004460827096295699,-0.03999999999999998,0.07715386452891525,0.0027316447955018923,False,False,False,False,False
2018-07-13,2796.929931640625,2804.530029296875,2791.68994140625,2801.31005859375,2619790000,12.18000030517578,2.83,2.59,0.0010792374947172,-0.399999618530277,-0.0317964722540663,0.2400000000000002,0.005878175129545951,0.005499911252488409,0.006071895189960187,0.0087490426746634,0.0034732671808739,0.004486474894442399,-0.04999999999999977,0.07159617487174635,0.002757988081674233,False,False,False,False,False
2018-07-16,2797.360107421875,2801.18994140625,2793.389892578125,2798.429931640625,2819860000,12.829999923706056,2.85,2.59,-0.0010281357268144,0.649999618530277,0.0533661413993615,0.2600000000000002,0.005211410997284135,0.005601192531969378,0.006062338245964877,0.0010792374947172,-0.0070942028662561,0.0030060660743323393,-0.029999999999999805,0.06686240269755636,0.002774031082179705,False,False,False,False,False
2018-07-17,2789.340087890625,2814.18994140625,2789.239990234375,2809.550048828125,3064920000,12.0600004196167,2.86,2.62,0.0039736986307106,-0.7699995040893572,-0.0600155501689929,0.2399999999999997,0.005261822819231046,0.005610128539625889,0.0061041022824923135,-0.0010281357268144,0.0087490426746634,0.001035841751436799,-0.04000000000000048,0.06345758540787513,0.0029806453222545925,False,False,False,False,False
2018-07-18,2811.35009765625,2816.760009765625,2805.889892578125,2815.6201171875,3111560000,12.100000381469728,2.88,2.6,0.0021605126279586,0.0399999618530291,0.0033167463069043,0.2799999999999998,0.003305107076840683,0.004970331078297827,0.006083569273393335,0.0039736986307106,0.0010792374947172,0.001135928041404139,0.009999999999999787,0.039991796890570565,0.004520835476936474,False,False,False,False,False
2018-07-19,2809.3701171875,2812.050048828125,2799.77001953125,2804.489990234375,3278360000,12.869999885559082,2.84,2.6,-0.0039529931204791,0.7699995040893537,0.063636320645787,0.2399999999999997,0.0027316447955018732,0.005159317943407013,0.006080966236270679,0.0021605126279586,-0.0010281357268144,0.002986871140247079,-0.010000000000000286,0.03515626820549717,0.004280290650174661,False,False,False,False,False
2018-07-20,2804.550048828125,2809.699951171875,2800.010009765625,2801.830078125,3243250000,12.859999656677246,2.89,2.6,-0.0009484477101494,-0.0100002288818359,-0.0007770185680464,0.29,0.0027579880816742145,0.004824700309579725,0.0060870133486655605,-0.0039529931204791,0.0039736986307106,0.000446463981218579,0.04999999999999977,0.03546772578345034,0.005546646363617765,False,False,False,False,False
2018-07-23,2799.169921875,2808.610107421875,2795.139892578125,2806.97998046875,2928490000,12.619999885559082,2.96,2.64,0.0018380494891383,-0.239999771118164,-0.0186625021403907,0.3199999999999998,0.002774031082179686,0.004179889896727343,0.005888020123067457,-0.0009484477101494,0.0021605126279586,4.0926940245259046e-05,0.05999999999999961,0.035008271939644973,0.0061746948030959176,False,False,False,False,False
2018-07-24,2820.679931640625,2829.989990234375,2811.1201171875,2820.39990234375,3430410000,12.40999984741211,2.95,2.63,0.0047809111459209,-0.2100000381469726,-0.0166402567394056,0.3200000000000003,0.0029806453222545747,0.004279949867085557,0.005940976687130936,0.0018380494891383,-0.0039529931204791,0.000614163983435799,0.08000000000000057,0.03698980799436889,0.0061918732746487634,False,False,False,False,False
2018-07-25,2817.72998046875,2848.030029296875,2817.72998046875,2846.070068359375,3584400000,12.289999961853027,2.94,2.66,0.0091016050575996,-0.119999885559082,-0.0096696121703906,0.2799999999999998,0.004520835476936462,0.003981230255593682,0.005159028061797903,0.0047809111459209,-0.0009484477101494,0.000775606486477859,0.0,0.055561067839092926,0.004094899542360653,False,False,False,False,False
2018-07-26,2835.489990234375,2845.570068359375,2835.260009765625,2837.43994140625,3667290000,12.140000343322754,2.98,2.69,-0.0030322960242857,-0.1499996185302734,-0.01220501375068,0.29,0.0042802906501746485,0.003714204036142259,0.005279137113098024,0.0091016050575996,0.0018380494891383,0.002163824972406059,0.050000000000000266,0.0519627299626414,0.00495724982352452,False,False,False,False,False
2018-07-27,2842.35009765625,2843.169921875,2808.340087890625,2818.820068359375,3434370000,13.029999732971191,2.96,2.67,-0.0065622086921236,0.8899993896484375,0.0733113150312188,0.29,0.0055466463636177545,0.004420014135967342,0.005099098602402537,-0.0030322960242857,0.0047809111459209,0.002347964391644739,0.0,0.07227280063682497,0.004293110732326665,False,False,False,False,False
2018-07-30,2819.0,2821.739990234375,2798.110107421875,2802.60009765625,3261190000,14.260000228881836,2.98,2.66,-0.0057541702945819,1.2300004959106443,0.0943975841226032,0.3199999999999998,0.00617469480309591,0.004808003113312094,0.00527180444862097,-0.0065622086921236,0.0091016050575996,0.0012252121952498988,0.0,0.08805114930542315,0.0022723483786464206,False,False,False,False,False
2018-07-31,2809.72998046875,2824.4599609375,2808.06005859375,2816.2900390625,3906890000,12.829999923706056,2.96,2.67,0.0048847287979825,-1.4300003051757797,-0.1002805247000974,0.29,0.006191873274648756,0.004887370023498423,0.005317050007598666,-0.0057541702945819,-0.0030322960242857,-0.0002932317614941414,-0.030000000000000304,0.0794417336413411,0.0021474294035358594,False,False,False,False,False
2018-08-01,2821.169921875,2825.830078125,2805.85009765625,2813.360107421875,3501350000,13.149999618530272,3.0,2.67,-0.0010403515262938,0.3199996948242152,0.0249415196201949,0.33,0.004094899542360641,0.00485658622925132,0.005338679690136864,0.0048847287979825,-0.0065622086921236,-0.0002724682310818212,0.05000000000000021,0.05384792741996221,0.0018594781390403761,False,False,False,False,False
2018-08-02,2800.47998046875,2829.909912109375,2796.340087890625,2827.219970703125,3501380000,12.1899995803833,2.98,2.66,0.0049264448033816,-0.9600000381469708,-0.0730038073000542,0.3199999999999998,0.00495724982352451,0.004876887839940004,0.005182211309050708,-0.0010403515262938,-0.0057541702945819,-0.0023008595478605015,0.029999999999999805,0.06042887326861897,0.0023196258118507707,False,False,False,False,False
2018-08-03,2829.6201171875,2840.3798828125,2827.3701171875,2840.35009765625,3043690000,11.640000343322754,2.95,2.63,0.0046441830098771,-0.5499992370605469,-0.0451188889247896,0.3200000000000003,0.0042931107323266535,0.004962015530823274,0.005005559794351719,0.0049264448033816,0.0048847287979825,-0.0007091113823270406,0.030000000000000304,0.04997181039820484,0.0037958872629820016,False,False,False,False,False
2018-08-06,2840.2900390625,2853.2900390625,2835.97998046875,2850.39990234375,2879020000,11.270000457763672,2.94,2.64,0.0035382274515358,-0.369999885559082,-0.0317869308115038,0.2999999999999998,0.0022723483786464,0.005003793691538027,0.004797056898166964,0.0046441830098771,-0.0010403515262938,0.0015321669580730993,-0.019999999999999962,0.025609367267543464,0.0033698557672104325,False,False,False,False,False
2018-08-07,2855.919921875,2863.429931640625,2855.919921875,2858.449951171875,3185440000,10.93000030517578,2.98,2.68,0.0028241822564987,-0.3400001525878924,-0.0301686014887135,0.2999999999999998,0.0021474294035358373,0.004910970670126762,0.004526463092668398,0.0035382274515358,0.0049264448033816,0.0033906465072966394,0.009999999999999842,0.023471404035990143,0.004502092825586052,False,False,False,False,False
2018-08-08,2856.7900390625,2862.43994140625,2853.090087890625,2857.699951171875,2978070000,10.850000381469728,2.96,2.68,-0.0002623799656497,-0.0799999237060511,-0.0073192974814618,0.2799999999999998,0.00185947813904035,0.00418302672219776,0.004509549802554424,0.0028241822564987,0.0046441830098771,0.0029785371989998794,-0.05000000000000021,0.020175338517922418,0.005087280443857234,False,False,False,False,False
2018-08-09,2857.18994140625,2862.47998046875,2851.97998046875,2853.580078125,3066180000,11.270000457763672,2.93,2.64,-0.0014416744645237,0.4200000762939435,0.0387096830900803,0.29,0.00231962581185075,0.0040777727207926715,0.00416903663456635,-0.0002623799656497,0.0035382274515358,0.0031341315111286993,-0.029999999999999805,0.02614218396139838,0.00669465913429994,False,False,False,False,False
2018-08-10,2838.89990234375,2842.199951171875,2825.81005859375,2833.280029296875,3265590000,13.15999984741211,2.87,2.61,-0.0071138879135516,1.8899993896484373,0.1677018023851504,0.2600000000000002,0.003795887262981989,0.004176504379937066,0.0041980771444778105,-0.0014416744645237,0.0028241822564987,0.0018605076575476391,-0.06000000000000011,0.049953875801636544,0.006019415000253829,False,False,False,False,False
2018-08-13,2835.4599609375,2843.39990234375,2819.8798828125,2821.929931640625,3173630000,14.779999732971191,2.88,2.61,-0.0040059921853423,1.619999885559082,0.1231002966825758,0.27,0.0033698557672104186,0.003940099164239287,0.004308697473540496,-0.0071138879135516,-0.0002623799656497,-0.0004911065271381009,-0.029999999999999805,0.04980646733952142,0.005426460491633785,False,False,False,False,False
2018-08-14,2827.8798828125,2843.110107421875,2826.580078125,2839.9599609375,2986500000,13.3100004196167,2.89,2.63,0.0063892547772768,-1.4699993133544922,-0.0994586833499882,0.2600000000000002,0.0045020928255860414,0.004121736493719061,0.0044811172267803885,-0.0040059921853423,-0.0014416744645237,-0.0019999504545137213,-0.03999999999999965,0.05992285739770354,0.005069226367168133,False,False,False,False,False
2018-08-15,2827.949951171875,2827.949951171875,2802.489990234375,2818.3701171875,3656680000,14.640000343322754,2.86,2.61,-0.0076021648357581,1.329999923706055,0.0999248596375592,0.25,0.005087280443857226,0.0048310653931110045,0.004749883433763376,0.0063892547772768,-0.0071138879135516,-0.0012869359503581011,-0.029999999999999805,0.07447778744464892,0.002721174780058115,False,False,False,False,False
2018-08-16,2831.43994140625,2850.489990234375,2831.43994140625,2840.68994140625,3232000000,13.449999809265137,2.87,2.63,0.007919408484583,-1.1900005340576172,-0.0812841875786137,0.2400000000000002,0.006694659134299933,0.005194307174144775,0.005016211856702911,-0.0076021648357581,-0.0040059921853423,-0.0027548929243797807,-0.04999999999999977,0.0900431640794292,0.0018798370648992401,False,False,False,False,False
2018-08-17,2838.320068359375,2855.6298828125,2833.72998046875,2850.1298828125,3037640000,12.640000343322754,2.87,2.61,0.0033231157222237,-0.8099994659423828,-0.0602230094742758,0.2600000000000002,0.0060194150002538215,0.0051029422058609586,0.0049520504155586035,0.007919408484583,0.0063892547772768,-0.0008826763345584413,0.0,0.07608540766981044,0.002713154657162359,False,False,False,False,False
2018-08-20,2853.929931640625,2859.760009765625,2850.6201171875,2857.050048828125,2757150000,12.489999771118164,2.82,2.6,0.0024280177746833,-0.1500005722045898,-0.0118671335546149,0.2199999999999997,0.0054264604916337755,0.005044258293209189,0.004948091913818153,0.0033231157222237,-0.0076021648357581,0.0012047243925966187,-0.05000000000000032,0.06777649029848762,0.00363876490798932,False,False,False,False,False
2018-08-21,2861.510009765625,2873.22998046875,2861.320068359375,2862.9599609375,3174010000,12.859999656677246,2.85,2.61,0.0020685364303643,0.369999885559082,0.029623690339424,0.2400000000000002,0.005069226367168122,0.0050106148531917985,0.004950322323522405,0.0024280177746833,0.007919408484583,0.002491526384601739,-0.019999999999999962,0.06519024934140129,0.003776664405664154,False,False,False,False,False
2018-08-22,2860.989990234375,2867.5400390625,2856.050048828125,2861.820068359375,2701250000,12.25,2.82,2.6,-0.0003981517707819,-0.6099996566772461,-0.0474338781463744,0.2199999999999997,0.002721174780058095,0.005011952447200341,0.0048820135927891825,0.0020685364303643,0.0033231157222237,0.0016273827152192388,-0.030000000000000304,0.03333439105571167,0.003655816339945511,False,False,False,False,False
2018-08-23,2860.2900390625,2868.780029296875,2854.030029296875,2856.97998046875,2724450000,12.40999984741211,2.82,2.61,-0.0016912621251551,0.1599998474121093,0.0130612120336415,0.2099999999999999,0.0018798370648992124,0.0050204639244041185,0.004526312400836239,-0.0003981517707819,0.0024280177746833,0.0030681853282144788,-0.030000000000000304,0.023328777688558854,0.004516107106398281,False,False,False,False,False
2018-08-24,2862.35009765625,2876.159912109375,2862.35009765625,2874.68994140625,2603010000,11.989999771118164,2.82,2.63,0.006198839704363,-0.4200000762939453,-0.0338436810199904,0.1899999999999999,0.002713154657162339,0.004675892246458505,0.004638644165996417,-0.0016912621251551,0.0020685364303643,0.0011460512062668588,-0.07000000000000028,0.03253072371838463,0.004326502673762943,False,False,False,False,False
2018-08-27,2884.68994140625,2898.25,2884.68994140625,2896.739990234375,2865070000,12.15999984741211,2.85,2.67,0.0076704094276471,0.1700000762939453,0.0141784887021805,0.1800000000000001,0.0036387649079893053,0.004621999927712906,0.004577340525584028,0.006198839704363,-0.0003981517707819,0.0017211960026947185,-0.03999999999999959,0.04424738072591849,0.0033154625342496076,False,False,False,False,False
2018-08-28,2901.449951171875,2903.77001953125,2893.5,2897.52001953125,2687770000,12.5,2.88,2.67,0.0002692783264997,0.3400001525878906,0.0279605392149941,0.2099999999999999,0.00377666440566414,0.004487001012329238,0.004306410222006077,0.0076704094276471,-0.0016912621251551,0.0027696743332874785,-0.030000000000000304,0.04720830507080175,0.0034895207212897934,False,False,False,False,False
2018-08-29,2900.6201171875,2916.5,2898.39990234375,2914.0400390625,2805520000,12.25,2.89,2.67,0.00570143412984,-0.25,-0.02,0.2200000000000002,0.0036558163399454968,0.0032347686980254225,0.00433949002031309,0.0002692783264997,0.006198839704363,0.0024098227125145585,4.996003610813204e-16,0.04478375016433234,0.0015999827351551785,False,False,False,False,False
2018-08-30,2908.93994140625,2912.4599609375,2895.219970703125,2901.1298828125,2810450000,13.529999732971191,2.86,2.64,-0.0044303290541448,1.2799997329711914,0.1044897741200971,0.2199999999999997,0.004516107106398269,0.003591853099495915,0.004496249765329811,0.00570143412984,0.0076704094276471,0.003629739892638939,0.009999999999999787,0.06110292794363788,0.0012719286459718054,False,False,False,False,False
2018-08-31,2898.3701171875,2906.320068359375,2891.72998046875,2901.52001953125,2887220000,12.859999656677246,2.86,2.62,0.0001344775085945,-0.6700000762939453,-0.0495195927211458,0.2399999999999997,0.004326502673762931,0.00361183918408971,0.004436448883108223,-0.0044303290541448,0.0002692783264997,0.0030819265068409993,0.04999999999999982,0.05563882289920448,0.0019098289936979658,False,False,False,False,False
2018-09-04,2896.9599609375,2900.179931640625,2885.1298828125,2896.719970703125,3087420000,13.15999984741211,2.9,2.66,-0.0016543221469484,0.3000001907348633,0.0233281647545842,0.2399999999999997,0.0033154625342495915,0.0037454693382318704,0.004409390866549258,0.0001344775085945,0.00570143412984,0.0018690540676872987,0.05999999999999961,0.04363148644482519,0.002892970260138369,False,False,False,False,False
2018-09-05,2891.590087890625,2894.2099609375,2876.919921875,2888.60009765625,3248780000,13.90999984741211,2.9,2.66,-0.002803126684318,0.75,0.0569908821197657,0.2399999999999997,0.0034895207212897778,0.0039370509725865956,0.0044385653224819875,-0.0016543221469484,-0.0044303290541448,4.107752768198799e-06,0.029999999999999805,0.0485392327006822,0.00268142840774497,False,False,False,False,False
2018-09-06,2888.639892578125,2892.050048828125,2867.2900390625,2878.050048828125,3144240000,14.649999618530272,2.88,2.64,-0.0036523050860121,0.7399997711181623,0.0531991214403813,0.2399999999999997,0.001599982735155146,0.004159101396603356,0.004500928814346729,-0.002803126684318,0.0001344775085945,-0.0006103732493953412,0.019999999999999518,0.023439746459677908,0.0026110527709327412,False,False,False,False,False
2018-09-07,2868.260009765625,2883.81005859375,2864.1201171875,2871.679931640625,2976580000,14.880000114440918,2.94,2.71,-0.0022133448270275,0.2300004959106463,0.0156996929624302,0.2299999999999999,0.0012719286459717644,0.0041903721671401615,0.004532337640759805,-0.0036523050860121,-0.0016543221469484,-0.002481121092565761,0.010000000000000203,0.01892629839762054,0.0019495324089507811,False,False,False,False,False
2018-09-10,2881.389892578125,2886.929931640625,2875.93994140625,2877.1298828125,2751100000,14.15999984741211,2.94,2.73,0.00189782681274,-0.7200002670288086,-0.0483871143475365,0.2099999999999999,0.0019098289936979385,0.0037869457101103563,0.004529034359195831,-0.0022133448270275,-0.002803126684318,-0.0020377242471423017,-0.029999999999999805,0.027043178259346032,0.003735689056903632,False,False,False,False,False
2018-09-11,2871.570068359375,2892.52001953125,2866.780029296875,2887.889892578125,2904500000,13.220000267028809,2.98,2.76,0.0037398415100768,-0.9399995803833008,-0.0663841518723671,0.2200000000000002,0.002892970260138351,0.0031263252977733655,0.004252756099026888,0.00189782681274,-0.0036523050860121,-0.0016850543863132013,-0.019999999999999518,0.0382450676115354,0.004035447074479276,False,False,False,False,False
2018-09-12,2888.2900390625,2894.64990234375,2879.199951171875,2888.919921875,3341280000,13.140000343322754,2.97,2.74,0.0003566719422101,-0.0799999237060546,-0.0060514313230066,0.2299999999999999,0.0026814284077449502,0.0031280290899987724,0.004111325436234388,0.0037398415100768,-0.0022133448270275,-0.0006062216549081613,-0.009999999999999815,0.03523397019836403,0.004016408872954359,False,False,False,False,False
2018-09-13,2896.85009765625,2906.760009765625,2896.389892578125,2904.179931640625,3274090000,12.369999885559082,2.97,2.76,0.0052822543297499,-0.7700004577636719,-0.0585997288923174,0.2100000000000004,0.00261105277093272,0.003049243859026436,0.004050148861967811,0.0003566719422101,0.00189782681274,2.5738070397458736e-05,-0.029999999999999305,0.03229872247762647,0.004607750006629732,False,False,False,False,False
2018-09-14,2906.3798828125,2908.300048828125,2895.77001953125,2904.97998046875,3179410000,12.06999969482422,2.99,2.78,0.0002754818389207,-0.3000001907348615,-0.02425223876397,0.2100000000000004,0.0019495324089507527,0.0027268697986011625,0.0035649830000578447,0.0052822543297499,0.0037398415100768,0.0018126499535498588,-0.01999999999999949,0.023530855581085513,0.004658232964619106,False,False,False,False,False
2018-09-17,2903.830078125,2904.64990234375,2886.159912109375,2888.800048828125,2967980000,13.68000030517578,2.99,2.78,-0.0055697222526174,1.610000610351559,0.13338862063451,0.2100000000000004,0.003735689056903617,0.0032196832985184904,0.0035564483826162844,0.0002754818389207,0.0003566719422101,0.002310415286739499,4.996003610813204e-16,0.0511042274384833,0.004049349725401452,False,False,False,False,False
2018-09-18,2890.739990234375,2911.169921875,2890.429931640625,2904.31005859375,3091190000,12.789999961853027,3.05,2.81,0.005369014643958,-0.8900003433227521,-0.0650585031775199,0.2399999999999997,0.004035447074479262,0.003618255354988878,0.0036508267423128807,-0.0055697222526174,0.0052822543297499,0.0008169054736680191,0.019999999999999518,0.05161336792864968,0.003852158566596157,False,False,False,False,False
2018-09-19,2906.60009765625,2912.360107421875,2903.820068359375,2907.949951171875,3302460000,11.75,3.08,2.81,0.0012532727238796,-1.0399999618530271,-0.081313523452298,0.27,0.004016408872954345,0.0034757606466829616,0.0036360129820043286,0.005369014643958,0.0002754818389207,0.001142740100444259,0.04000000000000012,0.047192804257213554,0.004157210004663746,False,False,False,False,False
2018-09-20,2919.72998046875,2934.800048828125,2919.72998046875,2930.75,3406520000,11.800000190734863,3.07,2.81,0.0078405918984048,0.0500001907348632,0.0042553353816905,0.2599999999999998,0.00460775000662972,0.0037449418442330983,0.003924612795620953,0.0012532727238796,-0.0055697222526174,0.001322060256778159,0.04999999999999938,0.054371450957089264,0.002285664455231419,False,False,False,False,False
2018-09-21,2936.760009765625,2940.909912109375,2927.110107421875,2929.669921875,5652470000,11.68000030517578,3.07,2.81,-0.0003685330120276,-0.1199998855590838,-0.0101694816626617,0.2599999999999998,0.004658232964619093,0.0035835122666726276,0.00392407126500834,0.0078405918984048,0.005369014643958,0.0018337277705091388,0.04999999999999938,0.05440816244833088,0.002314570652708978,False,False,False,False,False
2018-09-24,2921.830078125,2923.7900390625,2912.6298828125,2919.3701171875,3392030000,12.199999809265137,3.08,2.83,-0.0035156877607932,0.5199995040893572,0.0445205043238678,0.25,0.0040493497254014375,0.003949435447622462,0.00400480644018084,-0.0003685330120276,0.0012532727238796,0.0017049248003194787,0.03999999999999959,0.04940206587754537,0.002559914340245287,False,False,False,False,False
2018-09-25,2921.75,2923.949951171875,2913.699951171875,2915.56005859375,3330880000,12.420000076293944,3.1,2.83,-0.0013050961134796,0.2200002670288068,0.0180328090547781,0.27,0.003852158566596143,0.003949013762178821,0.0038604897242477637,-0.0035156877607932,0.0078405918984048,0.0021157316986843188,0.030000000000000304,0.047843809691020464,0.002465751734445196,False,False,False,False,False
2018-09-26,2916.97998046875,2931.14990234375,2903.280029296875,2905.969970703125,3417540000,12.890000343322754,3.06,2.83,-0.003289278113945,0.4700002670288103,0.037842211283549,0.2299999999999999,0.004157210004663732,0.004151186191137864,0.003613062270087647,-0.0013050961134796,-0.0003685330120276,0.0007809095471967987,-0.04000000000000012,0.05358643838738029,0.0015840416544721115,False,False,False,False,False
2018-09-27,2911.64990234375,2927.219970703125,2909.27001953125,2914.0,3101360000,12.40999984741211,3.06,2.83,0.002763287087558,-0.4800004959106445,-0.0372382066040279,0.2299999999999999,0.0022856644552313953,0.003929774774189404,0.003655507565785161,-0.003289278113945,-0.0035156877607932,-0.00012760062036812122,-0.029999999999999888,0.028365095540656898,0.0039268148285209956,False,False,False,False,False
2018-09-28,2910.030029296875,2920.530029296875,2907.5,2913.97998046875,3461680000,12.119999885559082,3.05,2.81,-6.870120538793323e-06,-0.2899999618530273,-0.0233682486235889,0.2399999999999997,0.0023145706527089548,0.003931189303533221,0.0034483908849469867,0.002763287087558,-0.0013050961134796,-0.0011430615825374813,-0.020000000000000073,0.02805259604595094,0.004295131972808346,False,False,False,False,False
2018-10-01,2926.2900390625,2937.06005859375,2917.909912109375,2924.590087890625,3375890000,12.0,3.09,2.82,0.0036411051184257,-0.119999885559082,-0.0099009807501782,0.27,0.002559914340245265,0.0034993275329871154,0.0033817923540115694,-6.870120538793323e-06,-0.003289278113945,-0.0010707290042397198,0.020000000000000018,0.03071897208294318,0.003468528864886915,False,False,False,False,False
2018-10-02,2923.800048828125,2931.419921875,2919.3701171875,2923.429931640625,3432620000,12.050000190734863,3.05,2.82,-0.0003966902079042,0.0500001907348632,0.0041666825612385,0.2299999999999999,0.0024657517344451735,0.0032363190456507086,0.0033855880339742645,0.0036411051184257,0.002763287087558,0.00036062957160406015,-0.04000000000000012,0.029712308870369162,0.003351714964267198,False,False,False,False,False
2018-10-03,2931.68994140625,2939.860107421875,2921.360107421875,2925.510009765625,3625510000,11.609999656677246,3.15,2.85,0.0007115197468861,-0.4400005340576172,-0.0365145665637357,0.2999999999999998,0.001584041654472076,0.003230490464156998,0.003355782935438806,-0.0003966902079042,-6.870120538793323e-06,0.0005423107527191401,0.06999999999999992,0.01839072306458326,0.011928961275767076,False,False,False,False,False
2018-10-04,2919.35009765625,2919.780029296875,2883.919921875,2901.610107421875,3510370000,14.220000267028809,3.19,2.87,-0.0081694823343518,2.6100006103515625,0.2248062607693941,0.3199999999999998,0.003926814828520982,0.00321627351359704,0.0037740624569536758,0.0007115197468861,0.0036411051184257,0.00134247032488536,0.08999999999999989,0.055839307910141044,0.01262721284504398,False,False,False,False,False
2018-10-05,2902.5400390625,2909.639892578125,2869.2900390625,2885.570068359375,3340820000,14.81999969482422,3.23,2.88,-0.0055279787665034,0.5999994277954119,0.042194051795245,0.3500000000000001,0.004295131972808334,0.0034778201533242634,0.00388523297119833,-0.0081694823343518,-0.0003966902079042,-0.0008440835594966001,0.11000000000000038,0.06365385452624926,0.01655515543687686,False,False,False,False,False
2018-10-08,2877.530029296875,2889.449951171875,2862.080078125,2884.429931640625,3381820000,15.6899995803833,3.23,2.88,-0.0003951166292067,0.8699998855590803,0.0587044469280875,0.3500000000000001,0.003468528864886899,0.003423385776523355,0.0038521248560224233,-0.0055279787665034,0.0007115197468861,-0.0019483052886895215,0.08000000000000007,0.05442121643462281,0.016177440801561638,False,False,False,False,False
2018-10-09,2882.510009765625,2894.830078125,2874.27001953125,2880.340087890625,3531690000,15.949999809265137,3.21,2.88,-0.0014179036575431,0.2600002288818359,0.0165710794031446,0.33,0.003351714964267182,0.0034239076953173843,0.003848003044856881,-0.0003951166292067,-0.0081694823343518,-0.0027555496382160012,0.10000000000000012,0.05345985304077266,0.020446407904830138,False,False,False,False,False
2018-10-10,2873.89990234375,2874.02001953125,2784.860107421875,2785.679931640625,4554260000,22.959999084472656,3.22,2.88,-0.0328642290012785,7.00999927520752,0.439498392415999,0.3400000000000003,0.011928961275767072,0.010136591959505408,0.007921182496866314,-0.0014179036575431,-0.0055279787665034,-0.0029597923281437814,0.04000000000000048,0.27388893997032177,0.014872537356834028,False,False,True,True,True
2018-10-11,2776.8701171875,2795.139892578125,2710.510009765625,2728.3701171875,4914090000,24.979999542236328,3.14,2.85,-0.020573007617344,2.020000457763672,0.0879791175222544,0.29,0.012627212845043976,0.010927994193487564,0.008862654297213661,-0.0328642290012785,-0.0003951166292067,-0.009674942077776702,-0.029999999999999805,0.31542777108891923,0.013115021051669748,False,False,True,True,False
2018-10-12,2770.5400390625,2775.77001953125,2729.43994140625,2767.1298828125,4024010000,21.309999465942383,3.15,2.85,0.0142061978251524,-3.670000076293945,-0.1469175397737172,0.2999999999999998,0.016555155436876856,0.012492363691321954,0.009429990230409746,-0.020573007617344,-0.0014179036575431,-0.012155647134375142,-0.050000000000000266,0.35279035351843896,0.011867458870548303,False,False,False,True,False
2018-10-15,2763.830078125,2775.989990234375,2749.030029296875,2750.7900390625,3327160000,21.299999237060547,3.16,2.85,-0.0059049789644829,-0.0100002288818359,-0.0004692740090311,0.31,0.016177440801561634,0.012149605631445898,0.009442881991124013,0.0142061978251524,-0.0328642290012785,-0.008208811816043982,-0.04000000000000009,0.344579476730855,0.011720998046006941,False,False,False,True,False
2018-10-16,2767.050048828125,2813.4599609375,2766.909912109375,2809.919921875,3460260000,17.6200008392334,3.16,2.87,0.0214956001631634,-3.679998397827149,-0.1727698840206624,0.29,0.020446407904830134,0.014677414899772862,0.010705227321817572,-0.0059049789644829,-0.020573007617344,-0.009310784283099222,-0.040000000000000036,0.36026572444241534,0.005157714748779716,False,False,False,True,False
2018-10-17,2811.669921875,2816.93994140625,2781.81005859375,2809.2099609375,3347090000,17.399999618530273,3.19,2.89,-0.0002526623381587,-0.220001220703125,-0.0124858802624606,0.2999999999999998,0.014872537356834022,0.014650314612439293,0.010605947974119824,0.0214956001631634,0.0142061978251524,-0.004728083518957921,-0.04000000000000048,0.25878214433548924,0.010901973521047078,False,False,False,True,False
2018-10-18,2802.0,2806.0400390625,2755.179931640625,2768.780029296875,3639300000,20.059999465942383,3.17,2.87,-0.0143919223563954,2.6599998474121094,0.1528735578005025,0.2999999999999998,0.01311502105166974,0.014945885837107632,0.010929026348158259,-0.0002526623381587,-0.0059049789644829,0.0017942298136660387,0.009999999999999842,0.2630873152923181,0.01579900761822736,False,False,False,True,False
2018-10-19,2775.659912109375,2797.77001953125,2760.27001953125,2767.780029296875,3593940000,19.88999938964844,3.2,2.92,-0.0003611698977235,-0.1700000762939417,-0.0084745803000925,0.2800000000000002,0.011867458870548298,0.014992816624299729,0.010704899402626996,-0.0143919223563954,0.0214956001631634,0.0030304468658557586,-0.01999999999999963,0.2360437496918836,0.016361418439697392,False,False,False,True,False
2018-10-22,2773.93994140625,2778.93994140625,2749.219970703125,2755.8798828125,3331270000,19.63999938964844,3.2,2.92,-0.0042995275485813,-0.25,-0.0125691306018898,0.2800000000000002,0.011720998046006934,0.014943416671730776,0.010697507796432096,-0.0003611698977235,-0.0002526623381587,0.00011697332128057848,-0.029999999999999805,0.23020039446964677,0.016287430924518984,False,False,False,True,False
2018-10-23,2721.030029296875,2753.590087890625,2691.429931640625,2740.68994140625,4373710000,20.709999084472656,3.17,2.89,-0.0055118299970128,1.0699996948242152,0.0544806378857718,0.2799999999999998,0.005157714748779701,0.01491115873836495,0.010711857806487342,-0.0042995275485813,-0.0143919223563954,0.00043806360446089836,-0.010000000000000175,0.10681626772519873,0.018997356557209744,False,False,False,False,False
2018-10-24,2737.8701171875,2742.590087890625,2651.889892578125,2656.10009765625,4738670000,25.229999542236328,3.1,2.84,-0.0308644339777438,4.520000457763672,0.2182520839005033,0.2600000000000002,0.010901973521047072,0.014542913715875586,0.01223734688422959,-0.0055118299970128,-0.0003611698977235,-0.004963422427574342,-0.03999999999999965,0.2750567869454902,0.013877953635851481,False,False,True,True,True
2018-10-25,2674.8798828125,2722.699951171875,2667.840087890625,2705.570068359375,4663930000,24.21999931335449,3.14,2.86,0.0186250400528118,-1.0100002288818395,-0.0400317180819225,0.2800000000000002,0.01579900761822735,0.01499722865685374,0.013181496115869855,-0.0308644339777438,-0.0042995275485813,-0.01108577675549136,-0.01999999999999963,0.3826519536651488,0.012515106566246855,False,False,True,True,False
2018-10-26,2667.860107421875,2692.3798828125,2628.159912109375,2658.68994140625,4804330000,24.15999984741211,3.08,2.81,-0.0173272640399783,-0.0599994659423792,-0.0024772695145905,0.27,0.01636141843969739,0.014840371160197145,0.013432717029628316,0.0186250400528118,-0.0055118299970128,-0.004482384273649922,-0.010000000000000175,0.39529186700653457,0.009385856767319893,False,False,True,True,False
2018-10-29,2682.64990234375,2706.85009765625,2603.5400390625,2641.25,4701260000,24.700000762939453,3.08,2.81,-0.0065595995737004,0.5400009155273438,0.0223510314129899,0.27,0.016287430924518977,0.014850602411863303,0.01340623806829346,-0.0173272640399783,-0.0308644339777438,-0.007875603102100882,-0.010000000000000175,0.40229955626194236,0.0075037009434941356,False,False,True,True,False
2018-10-30,2640.679931640625,2685.429931640625,2635.340087890625,2682.6298828125,5125600000,23.350000381469727,3.12,2.84,0.0156667800520586,-1.3500003814697266,-0.0546558842012386,0.2800000000000002,0.01899735655720974,0.013926258599972707,0.013989252503824788,-0.0065595995737004,0.0186250400528118,-0.008327617507124702,3.885780586188048e-16,0.44358828285776386,0.006235048819746979,False,False,True,True,False
2018-10-31,2705.60009765625,2736.68994140625,2705.60009765625,2711.739990234375,5133380000,21.229999542236328,3.15,2.87,0.0108513319740386,-2.1200008392333984,-0.0907923256787526,0.2799999999999998,0.013877953635851472,0.01464689278670167,0.014328388631015791,0.0156667800520586,-0.0173272640399783,-0.004091895497310422,0.01999999999999963,0.29462894933630374,0.008869327579347127,False,False,False,True,False
2018-11-01,2717.580078125,2741.669921875,2708.85009765625,2740.3701171875,4730250000,19.34000015258789,3.14,2.84,0.0105578436930637,-1.8899993896484373,-0.089024937842714,0.3000000000000002,0.012515106566246846,0.014689880484409295,0.014615762409184914,0.0108513319740386,-0.0065595995737004,0.004251257693046058,0.020000000000000018,0.24204216290086772,0.009476389470876803,False,False,False,True,False
2018-11-02,2745.449951171875,2756.550048828125,2700.43994140625,2723.06005859375,4261230000,19.51000022888184,3.22,2.91,-0.0063166863793988,0.1700000762939488,0.0087900762643582,0.31,0.009385856767319884,0.014775533186962096,0.01458986495911478,0.0105578436930637,0.0156667800520586,0.0026378184210964378,0.03999999999999998,0.1831180676786631,0.010198234176038237,False,False,False,False,False
2018-11-05,2726.3701171875,2744.27001953125,2717.93994140625,2738.31005859375,3650910000,19.959999084472656,3.2,2.91,0.0056003171696019,0.4499988555908167,0.0230650358950101,0.29,0.007503700943494122,0.014887220645555949,0.014687021774501034,-0.0063166863793988,0.0108513319740386,0.004839933953212338,0.019999999999999962,0.14977386396229928,0.013892104505072151,False,False,False,False,False
2018-11-06,2738.39990234375,2756.820068359375,2737.080078125,2755.449951171875,3543800000,19.90999984741211,3.22,2.93,0.0062592957741707,-0.0499992370605468,-0.0025049719115188,0.29,0.006235048819746962,0.014911950706959288,0.014797853907202074,0.0056003171696019,0.0105578436930637,0.007271917301872798,0.009999999999999787,0.12413982104976908,0.013444558574000983,False,False,False,False,False
2018-11-07,2774.1298828125,2815.14990234375,2774.1298828125,2813.889892578125,3929080000,16.360000610351562,3.22,2.96,0.0212088560641052,-3.549999237060547,-0.1783023236698805,0.2600000000000002,0.008869327579347115,0.011756206062229203,0.015607413635607442,0.0062592957741707,-0.0063166863793988,0.005390420446295218,-0.01999999999999963,0.14510220461152676,0.006498382876507184,False,False,False,False,False
2018-11-08,2806.3798828125,2814.75,2794.989990234375,2806.830078125,3673550000,16.719999313354492,3.24,2.98,-0.0025089163835961,0.3599987030029297,0.022004809876055,0.2600000000000002,0.009476389470876792,0.011155123670824043,0.01390063841514547,0.0212088560641052,0.0056003171696019,0.007461925264308537,-0.040000000000000036,0.1584452254461397,0.009947752640853137,False,False,False,False,False
2018-11-09,2794.10009765625,2794.10009765625,2764.239990234375,2781.010009765625,4029030000,17.360000610351562,3.19,2.94,-0.0091990137061033,0.6400012969970703,0.0382775911052755,0.25,0.010198234176038226,0.009804578033892819,0.013278334080565984,-0.0025089163835961,0.0062592957741707,0.004848573248976578,-0.06,0.17704135152053177,0.010139075131889363,False,False,False,False,False
2018-11-12,2773.929931640625,2775.989990234375,2722.0,2726.219970703125,3701570000,20.450000762939453,3.19,2.94,-0.0197014893402406,3.09000015258789,0.177995394236643,0.25,0.013892104505072144,0.011869694019954516,0.013631039174590954,-0.0091990137061033,0.0212088560641052,0.004272107783635678,-0.03999999999999998,0.28409354772755996,0.009170283184806952,False,False,False,True,False
2018-11-13,2730.050048828125,2754.60009765625,2714.97998046875,2722.179931640625,4112820000,20.020000457763672,3.14,2.89,-0.0014819196931705,-0.4300003051757812,-0.0210269090040842,0.25,0.013444558574000974,0.011168809530243616,0.013581770121746137,-0.0197014893402406,-0.0025089163835961,-0.0007882535183328217,-0.03999999999999998,0.26916006880593,0.011011985597180866,False,False,False,True,False
2018-11-14,2737.89990234375,2746.800048828125,2685.75,2701.580078125,4449060000,21.25,3.12,2.86,-0.0075674106903027,1.229999542236328,0.0614385371684313,0.2600000000000002,0.006498382876507171,0.010996643993801222,0.012733866433705795,-0.0014819196931705,-0.0091990137061033,-0.002336496611801062,0.0,0.13809063612577738,0.011499510014584869,False,False,False,False,False
2018-11-15,2693.52001953125,2735.3798828125,2670.75,2730.199951171875,4204960000,19.979999542236328,3.11,2.86,0.0105937533662663,-1.270000457763672,-0.0597647274241728,0.25,0.009947752640853126,0.011000199207517967,0.013002846057329818,-0.0075674106903027,-0.0197014893402406,-0.00809174996268264,-0.010000000000000175,0.1987560932105257,0.008980429053651855,False,False,False,False,False
2018-11-16,2718.5400390625,2746.75,2712.159912109375,2736.27001953125,3996970000,18.13999938964844,3.08,2.81,0.0022233054237545,-1.840000152587887,-0.0920921018390543,0.27,0.010139075131889354,0.010831023055746802,0.012682042400335715,0.0105937533662663,-0.0014819196931705,-0.005471216012710162,0.020000000000000018,0.18392281670407257,0.012619159190282048,False,False,False,False,False
2018-11-19,2730.739990234375,2733.159912109375,2681.090087890625,2690.72998046875,3806940000,20.100000381469727,3.06,2.79,-0.0166431085884942,1.9600009918212853,0.1080485698880318,0.27,0.009170283184806942,0.011804258312679287,0.013140405697342414,0.0022233054237545,-0.0075674106903027,-0.003186752186738602,0.020000000000000018,0.18432269551280495,0.011242262220690498,False,False,False,False,False
2018-11-20,2654.60009765625,2669.43994140625,2631.52001953125,2641.889892578125,4370820000,22.479999542236328,3.06,2.79,-0.0181512408324661,2.3799991607666016,0.1184079161988838,0.27,0.011011985597180859,0.012417752591898784,0.01361564278899667,-0.0166431085884942,0.0105937533662663,-0.0025750760363893225,0.020000000000000018,0.24754943118373873,0.010384725688296294,False,False,True,True,False
2018-11-21,2657.739990234375,2670.72998046875,2649.820068359375,2649.929931640625,3237400000,20.799999237060547,3.06,2.81,0.0030432907461763,-1.6800003051757812,-0.0747331111826461,0.25,0.011499510014584862,0.009584727637628465,0.013629953173621189,-0.0181512408324661,0.0022233054237545,-0.005908940264248442,-0.010000000000000175,0.23918979952993524,0.011038400231412641,False,False,False,True,False
2018-11-23,2633.360107421875,2647.550048828125,2631.090087890625,2632.56005859375,1651680000,21.520000457763672,3.05,2.81,-0.0065548423901612,0.720001220703125,0.0346154445727218,0.2399999999999997,0.008980429053651847,0.009516536399179347,0.012025511759566005,0.0030432907461763,-0.0166431085884942,-0.0037867999769526416,-0.010000000000000286,0.19325883734550192,0.008889352426328396,False,False,False,False,False
2018-11-26,2649.969970703125,2674.35009765625,2649.969970703125,2673.449951171875,3523520000,18.89999961853028,3.07,2.84,0.0155323683669224,-2.620000839233395,-0.1217472483039928,0.2299999999999999,0.012619159190282041,0.011466901777628073,0.011809206026213133,-0.0065548423901612,-0.0181512408324661,-0.007216519128238142,-0.04000000000000012,0.23850210388250348,0.008450388724744668,False,False,False,True,False
2018-11-27,2663.75,2682.530029296875,2655.889892578125,2682.169921875,3494380000,19.020000457763672,3.06,2.83,0.0032616921440038,0.1200008392333948,0.0063492508812403,0.2299999999999999,0.01124226222069049,0.01030740543732666,0.011210882347652891,0.0155323683669224,0.0030432907461763,-0.004554706539604561,-0.04000000000000012,0.21382783258383234,0.018735889952908466,False,False,False,True,False
2018-11-28,2691.449951171875,2744.0,2684.3798828125,2743.7900390625,3984540000,18.489999771118164,3.06,2.81,0.0229739796442216,-0.5300006866455078,-0.0278654402675984,0.25,0.010384725688296289,0.01266977468756798,0.012059677973735888,0.0032616921440038,-0.0065548423901612,-0.0005737463931049611,-0.020000000000000018,0.1920135755997233,0.015385257997328601,False,False,False,True,False
2018-11-29,2736.969970703125,2753.75,2722.93994140625,2737.800048828125,3599200000,18.790000915527344,3.03,2.81,-0.0021831080910337,0.3000011444091797,0.0162250485734343,0.2199999999999997,0.011038400231412634,0.012411493510406268,0.01168169026798332,0.0229739796442216,0.0155323683669224,0.007651297702232579,-0.030000000000000304,0.20741155045420065,0.017261871428940014,False,False,False,True,False
2018-11-30,2737.760009765625,2760.8798828125,2732.760009765625,2760.169921875,4668310000,18.06999969482422,3.01,2.8,0.0081707475520171,-0.720001220703125,-0.0383183174891781,0.2099999999999999,0.008889352426328387,0.012252465476580508,0.01158803189868406,-0.0021831080910337,0.0032616921440038,0.00660601793479058,-0.029999999999999805,0.16063059563093887,0.01625014915990106,False,False,False,False,False
2018-12-03,2790.5,2800.179931640625,2773.3798828125,2790.3701171875,4221580000,16.440000534057617,2.98,2.83,0.0109414261321942,-1.6299991607666016,-0.0902047143494685,0.1499999999999999,0.00845038872474466,0.012601772841356843,0.011603516468339748,0.0081707475520171,0.0229739796442216,0.009551135923226239,-0.07999999999999999,0.13892439514779667,0.013957822550732597,False,False,False,False,False
2018-12-04,2782.429931640625,2785.929931640625,2697.179931640625,2700.06005859375,4515710000,20.739999771118164,2.91,2.8,-0.0323649031493987,4.299999237060547,0.2615571227113122,0.1100000000000003,0.018735889952908463,0.015485284832988704,0.013542048109195107,0.0109414261321942,-0.0021831080910337,0.0086329474762806,-0.1199999999999996,0.3885823533350166,0.010137313195879233,False,False,False,True,True
2018-12-06,2663.510009765625,2696.14990234375,2621.530029296875,2695.949951171875,5180430000,21.190000534057617,2.87,2.75,-0.0015222281477752,0.4500007629394531,0.0216972404968929,0.1200000000000001,0.015385257997328594,0.014239410648076342,0.013478775670320754,-0.0323649031493987,0.0081707475520171,0.0015076284176001001,-0.1299999999999999,0.32601362518000715,0.010205177589226818,False,False,False,True,False
2018-12-07,2691.260009765625,2708.5400390625,2623.139892578125,2633.080078125,4242240000,23.229999542236328,2.85,2.72,-0.0233201187653898,2.039999008178711,0.0962717771007095,0.1299999999999999,0.017261871428940007,0.016139923633918876,0.014208820954621981,-0.0015222281477752,0.0109414261321942,-0.0033916131407992606,-0.0899999999999998,0.4009932653924187,0.008554398894081048,False,False,True,True,True
2018-12-10,2630.860107421875,2647.510009765625,2583.22998046875,2637.719970703125,4162880000,22.63999938964844,2.85,2.72,0.001762153994735,-0.5900001525878871,-0.0253981990621722,0.1299999999999999,0.016250149159901053,0.016020669241214636,0.013264496020183482,-0.0233201187653898,-0.0323649031493987,-0.007619015275670481,-0.08000000000000002,0.36790336706185595,0.01077423285570456,False,False,True,True,False
2018-12-11,2664.43994140625,2674.35009765625,2621.300048828125,2636.780029296875,3963440000,21.76000022888184,2.89,2.78,-0.0003563461689223,-0.8799991607666016,-0.038869221929792,0.1100000000000003,0.013957822550732588,0.01520059166811091,0.013276094945844604,0.001762153994735,-0.0015222281477752,-0.0089007339871269,-0.039999999999999605,0.30372222189863324,0.010830140002654254,False,False,False,True,False
2018-12-12,2658.22998046875,2685.43994140625,2650.260009765625,2651.070068359375,4029300000,21.459999084472656,2.91,2.77,0.0054195036763498,-0.3000011444091832,-0.0137868171531999,0.1400000000000001,0.010137313195879221,0.015278416689875863,0.01330988167073886,-0.0003563461689223,-0.0233201187653898,-0.011160288447350201,0.02999999999999979,0.21754673190258067,0.009162538802971092,False,False,False,False,False
2018-12-13,2658.699951171875,2670.18994140625,2637.27001953125,2650.5400390625,3978340000,20.64999961853028,2.91,2.75,-0.0001999303236835,-0.8099994659423793,-0.0377446179169901,0.1600000000000001,0.010205177589226806,0.013054753925409049,0.012722848531310215,0.0054195036763498,0.001762153994735,-0.0036034070822005006,0.03999999999999998,0.21073691332456732,0.007417444146567953,False,False,False,False,False
2018-12-14,2629.679931640625,2635.070068359375,2593.840087890625,2599.949951171875,4064370000,21.6299991607666,2.89,2.73,-0.0190867095554303,0.9799995422363246,0.0474576058276012,0.1600000000000001,0.008554398894081033,0.013861668846143621,0.013277862587170756,-0.0001999303236835,-0.0003563461689223,-0.003338947517382161,0.030000000000000193,0.18503164089983548,0.0076368328057828585,False,False,False,False,False
2018-12-17,2590.75,2601.1298828125,2530.5400390625,2545.93994140625,4661420000,24.520000457763672,2.86,2.7,-0.0207734805592242,2.8900012969970703,0.1336107909906476,0.1599999999999997,0.010774232855704549,0.013819533112761987,0.013823593969232549,-0.0190867095554303,0.0054195036763498,-0.0024922656753902607,0.029999999999999805,0.26418419455392794,0.008982501502956857,False,False,True,True,False
2018-12-18,2559.89990234375,2573.989990234375,2528.7099609375,2546.159912109375,4519190000,25.57999992370605,2.82,2.65,8.640058610476231e-05,1.0599994659423793,0.043229993725663,0.1699999999999999,0.010830140002654243,0.012671654097639809,0.013519255015638549,-0.0207734805592242,-0.0001999303236835,-0.0069993925861821,0.059999999999999595,0.2770349804416214,0.02804594869834675,False,False,True,True,False
2018-12-19,2547.050048828125,2585.2900390625,2488.9599609375,2506.9599609375,5152830000,25.57999992370605,2.77,2.63,-0.0153957145367981,0.0,0.0,0.1400000000000001,0.009162538802971078,0.010359084668434155,0.013700552941048267,8.640058610476231e-05,-0.0190867095554303,-0.006910843235176688,0.0,0.23437774188095392,0.028053218451157266,False,False,True,False,False
2018-12-20,2496.77001953125,2509.6298828125,2441.179931640625,2467.419921875,5619780000,28.3799991607666,2.79,2.67,-0.0157721063274236,2.7999992370605504,0.1094604865289963,0.1200000000000001,0.0074174441465679345,0.010440751684611048,0.013663679984060456,-0.0153957145367981,-0.0207734805592242,-0.011073886877806268,-0.03999999999999998,0.21050705865463112,0.027115932437701065,False,False,True,False,False
2018-12-21,2465.3798828125,2504.409912109375,2408.550048828125,2416.6201171875,7657890000,30.11000061035156,2.79,2.63,-0.0205882283097142,1.7300014495849574,0.0609584743038529,0.1600000000000001,0.00763683280578284,0.01008601220044437,0.013792914897117597,-0.0157721063274236,8.640058610476231e-05,-0.014188322078554288,0.0,0.22994504044327413,0.024691271707779627,False,False,True,False,False
2018-12-24,2400.56005859375,2410.340087890625,2351.10009765625,2351.10009765625,2613670000,36.06999969482422,2.74,2.55,-0.0271122544520995,5.95999908447266,0.1979408490089389,0.1900000000000004,0.008982501502956843,0.01084232093434278,0.014520914955413838,-0.0205882283097142,-0.0153957145367981,-0.014488625829411067,0.030000000000000693,0.3239988264704114,0.018541837412991008,False,False,True,False,True
2018-12-26,2363.1201171875,2467.760009765625,2346.580078125,2467.699951171875,4249740000,30.40999984741211,2.81,2.61,0.0495937427895394,-5.659999847412109,-0.15691710272524,0.2000000000000001,0.028045948698346743,0.02126528469216253,0.018670750572830675,-0.0271122544520995,-0.0157721063274236,-0.015756380607986127,0.030000000000000193,0.8528772956372523,0.01224506469215162,True,True,True,True,True
2018-12-27,2442.5,2489.10009765625,2397.93994140625,2488.830078125,4139010000,29.959999084472656,2.77,2.56,0.008562680784222,-0.4500007629394531,-0.0147977890561465,0.2099999999999999,0.028053218451157255,0.02145975043287864,0.018400105025936753,0.0495937427895394,-0.0205882283097142,-0.005854912167299199,0.06999999999999981,0.8404743991131828,0.01898209475374965,False,True,True,True,False
2018-12-28,2498.77001953125,2520.27001953125,2472.889892578125,2485.739990234375,3728440000,28.34000015258789,2.72,2.52,-0.0012415825080966,-1.6199989318847656,-0.054072062129146,0.2000000000000001,0.02711593243770106,0.02143352346194277,0.018349329803109517,0.008562680784222,-0.0271122544520995,-0.0010632331030951798,0.07999999999999999,0.768465529422011,0.018845932453283223,False,False,True,True,False
2018-12-31,2498.93994140625,2509.239990234375,2482.820068359375,2506.85009765625,3461920000,25.420000076293945,2.69,2.48,0.0084924841314093,-2.9200000762939453,-0.1030345822361367,0.2099999999999999,0.02469127170777962,0.021368658031769606,0.017600225145118695,-0.0012415825080966,0.0495937427895394,0.0018428716607702203,0.04999999999999982,0.6276521286955525,0.01889314719791573,False,False,True,True,False
2019-01-02,2476.9599609375,2519.489990234375,2467.469970703125,2510.030029296875,3733160000,23.21999931335449,2.66,2.5,0.0012684969251244,-2.2000007629394567,-0.0865460565041902,0.1600000000000001,0.018541837412990998,0.020586938384413125,0.01763379371112742,0.0084924841314093,0.008562680784222,0.007659014148994921,-0.030000000000000304,0.43054145199798155,0.018799752288527802,False,False,True,True,False
2019-01-03,2491.919921875,2493.139892578125,2443.9599609375,2447.889892578125,3858830000,25.450000762939453,2.56,2.39,-0.0247567303950372,2.2300014495849645,0.0960379636317398,0.1699999999999999,0.012245064692151605,0.02174681551113032,0.017945444267733854,0.0012684969251244,-0.0012415825080966,0.013335164424439699,-0.030000000000000193,0.3116369057575013,0.011379658665141673,False,False,True,True,True
2019-01-04,2474.330078125,2538.070068359375,2474.330078125,2531.93994140625,4234140000,21.3799991607666,2.67,2.5,0.0343357146426235,-4.070001602172852,-0.1599214726979352,0.1699999999999999,0.018982094753749637,0.024065201102019807,0.01958527660754208,-0.0247567303950372,0.0084924841314093,-0.00153493021247562,-0.04000000000000001,0.4058371699047594,0.00327448275278408,False,False,False,True,True
2019-01-07,2535.610107421875,2566.159912109375,2524.56005859375,2549.68994140625,4133120000,21.39999961853028,2.7,2.53,0.0070104348486803,0.0200004577636754,0.0009354751425985,0.1700000000000003,0.018845932453283212,0.023412772588959446,0.018684997076257443,0.0343357146426235,0.0012684969251244,0.00361967655920468,-0.029999999999999805,0.40330294731110816,0.005010961952493606,False,False,False,True,False
2019-01-08,2568.110107421875,2579.820068359375,2547.56005859375,2574.409912109375,4120060000,20.46999931335449,2.73,2.58,0.0096952850233589,-0.9300003051757884,-0.0434579589604525,0.1499999999999999,0.01889314719791572,0.02201042553976004,0.018866267332308284,0.0070104348486803,-0.0247567303950372,0.00527008003056006,-0.06,0.3867427101684401,0.005310264702156095,False,False,False,True,False
2019-01-09,2580.0,2595.320068359375,2568.889892578125,2584.9599609375,4088740000,19.979999542236328,2.74,2.56,0.0040980454505321,-0.4899997711181605,-0.0239374590891406,0.1800000000000001,0.018799752288527788,0.019020701394338136,0.018286711715858755,0.0096952850233589,0.0343357146426235,0.0055106402089499795,0.020000000000000018,0.37561904211894154,0.005270493983762878,False,False,False,True,False
2019-01-10,2573.510009765625,2597.820068359375,2562.02001953125,2596.639892578125,3721300000,19.5,2.74,2.56,0.0045184187829312,-0.4799995422363281,-0.0240240016633455,0.1800000000000001,0.011379658665141653,0.013603523182061929,0.018313871955109848,0.0040980454505321,0.0070104348486803,0.006076549914031519,0.010000000000000203,0.22190334397026223,0.005646117353691611,False,False,False,True,False
2019-01-11,2588.110107421875,2596.27001953125,2577.39990234375,2596.260009765625,3447460000,18.190000534057617,2.71,2.55,-0.0001462978419093,-1.3099994659423828,-0.067179459791917,0.1600000000000001,0.003274482752784005,0.013638987859171949,0.018314049302472234,0.0045184187829312,0.0096952850233589,0.011931579749625198,-0.009999999999999815,0.059562843021903504,0.006587176440338612,False,False,False,False,False
2019-01-14,2580.31005859375,2589.320068359375,2570.409912109375,2582.610107421875,3689370000,19.06999969482422,2.71,2.53,-0.005257525167898,0.8799991607666016,0.0483781822391349,0.1800000000000001,0.005010961952493557,0.013854474219854154,0.01828887309459194,-0.0001462978419093,0.0040980454505321,0.005035177252718638,0.009999999999999815,0.09555904290482789,0.009749033235507987,False,False,False,False,False
2019-01-15,2585.10009765625,2613.080078125,2585.10009765625,2610.300048828125,3601180000,18.600000381469727,2.72,2.53,0.0107216886229457,-0.4699993133544922,-0.024646005289767,0.1900000000000004,0.005310264702156049,0.013943804991882795,0.018460967983824194,-0.005257525167898,0.0045184187829312,0.0025815852494029783,0.04000000000000048,0.09877092548580774,0.00913516563177486,False,False,False,False,False
2019-01-16,2614.75,2625.760009765625,2612.679931640625,2616.10009765625,3882180000,19.040000915527344,2.73,2.55,0.0022219854881162,0.4400005340576172,0.0236559422061071,0.1800000000000001,0.005270493983762832,0.013927033497089732,0.01799445253705781,0.0107216886229457,-0.0001462978419093,0.0027868659693203388,0.0,0.10035021027612567,0.009141183752702583,False,False,False,False,False
2019-01-17,2609.280029296875,2645.06005859375,2606.360107421875,2635.9599609375,3802410000,18.059999465942383,2.75,2.56,0.007591400382211,-0.9800014495849608,-0.0514706618940211,0.1899999999999999,0.005646117353691567,0.010025660049079597,0.017405194152294856,0.0022219854881162,-0.005257525167898,0.0024116539768371586,0.009999999999999787,0.10196887639231772,0.00925650361986489,False,False,False,False,False
2019-01-18,2651.27001953125,2675.469970703125,2647.580078125,2670.7099609375,4009010000,17.799999237060547,2.79,2.62,0.01318305304897,-0.2600002288818359,-0.0143964693560564,0.1699999999999999,0.006587176440338575,0.0052119534702929375,0.017566294315314836,0.007591400382211,0.0107216886229457,0.0030262502966931187,0.009999999999999815,0.11725173561240984,0.008013206449509817,False,False,False,False,False
2019-01-22,2657.8798828125,2657.8798828125,2617.27001953125,2632.89990234375,3923950000,20.799999237060547,2.74,2.58,-0.0141573061645666,3.0,0.1685393330665903,0.1600000000000001,0.009749033235507961,0.007779415433976047,0.01750833684125614,0.01318305304897,0.0022219854881162,0.0056921204748689785,-0.020000000000000018,0.2027798838606435,0.005309774069635396,False,False,False,False,False
2019-01-23,2643.47998046875,2653.18994140625,2612.860107421875,2638.699951171875,3358770000,19.520000457763672,2.76,2.58,0.0022029127742235,-1.279998779296875,-0.0615384051080265,0.1799999999999997,0.009135165631774834,0.007477214337519281,0.017027456977660074,-0.0141573061645666,0.007591400382211,0.00391216427553526,-0.010000000000000703,0.17831843731399175,0.008093368773242843,False,False,False,False,False
2019-01-24,2638.840087890625,2647.199951171875,2627.010009765625,2642.330078125,3449230000,18.88999938964844,2.72,2.56,0.0013757255543636,-0.6300010681152308,-0.0322746441260795,0.1600000000000001,0.009141183752702555,0.0074635354955975355,0.016178681641156264,0.0022029127742235,0.01318305304897,0.0022084091057908194,-0.020000000000000018,0.17267695550921552,0.008277281996491049,False,False,False,False,False
2019-01-25,2657.43994140625,2672.3798828125,2657.330078125,2664.760009765625,3821000000,17.420000076293945,2.76,2.6,0.0084886940607138,-1.4699993133544955,-0.0778189179910743,0.1599999999999997,0.009256503619864862,0.007677487777005678,0.014574542267520713,0.0013757255543636,-0.0141573061645666,0.002039157119040299,-0.030000000000000193,0.16124829376426109,0.00813181727248151,False,False,False,False,False
2019-01-28,2644.969970703125,2644.969970703125,2624.06005859375,2643.85009765625,3630820000,18.8700008392334,2.75,2.6,-0.0078468274939378,1.4500007629394531,0.0832377012967233,0.1499999999999999,0.008013206449509785,0.008279178195628161,0.011137286445024612,0.0084886940607138,0.0022029127742235,0.002218615854740859,-0.01999999999999999,0.15120921242720015,0.006002174648999903,False,False,False,False,False
2019-01-29,2644.889892578125,2650.929931640625,2631.050048828125,2640.0,3518070000,19.1299991607666,2.72,2.56,-0.0014562465775435,0.2599983215332031,0.013778394804977,0.1600000000000001,0.0053097740696353484,0.008027447922910701,0.011118368354586749,-0.0078468274939378,0.0013757255543636,-0.0019873602538407007,0.0,0.10157597349598448,0.004851840241479269,False,False,False,False,False
2019-01-30,2653.6201171875,2690.43994140625,2648.340087890625,2681.050048828125,3883270000,17.65999984741211,2.7,2.52,0.0155492609197442,-1.4699993133544922,-0.076842622992336,0.1800000000000001,0.008093368773242812,0.008644873492960285,0.011394022556547425,-0.0014562465775435,0.0084886940607138,0.0005528516635639192,4.163336342344337e-16,0.142928891300518,0.003934418660948923,False,False,False,False,False
2019-01-31,2685.489990234375,2708.949951171875,2678.64990234375,2704.10009765625,4953800000,16.56999969482422,2.63,2.45,0.0085973959487253,-1.0900001525878906,-0.0617214134771139,0.1799999999999997,0.008277281996491017,0.00881833277053842,0.011396157409568173,0.0155492609197442,-0.0078468274939378,0.003222121292668059,0.0199999999999996,0.13715456015583016,0.005679256292923095,False,False,False,False,False
2019-02-01,2702.320068359375,2716.659912109375,2696.8798828125,2706.530029296875,3782490000,16.139999389648438,2.7,2.52,0.0008986100931438,-0.4300003051757812,-0.0259505318705646,0.1800000000000001,0.008131817272481478,0.008724723392921106,0.01140015298783364,0.0085973959487253,-0.0014562465775435,0.0046664553715404,0.020000000000000406,0.13124752581458368,0.005674168414826381,False,False,False,False,False
2019-02-04,2706.489990234375,2724.989990234375,2698.75,2724.8701171875,3369450000,15.729999542236328,2.73,2.53,0.006776236617404,-0.4099998474121094,-0.0254027176528313,0.2000000000000001,0.006002174648999859,0.008146247483861026,0.009471917295817568,0.0008986100931438,0.0155492609197442,0.0031484385780263997,0.05000000000000018,0.09441420448119027,0.00468209752609682,False,False,False,False,False
2019-02-05,2728.340087890625,2738.97998046875,2724.030029296875,2737.699951171875,3597620000,15.56999969482422,2.71,2.53,0.0047084203769747,-0.1599998474121076,-0.0101716371308527,0.1800000000000001,0.004851840241479214,0.006104770999766788,0.006870776635231348,0.006776236617404,0.0085973959487253,0.00607305140029476,0.020000000000000018,0.07554315107916723,0.007185689819046869,False,False,False,False,False
2019-02-06,2735.050048828125,2738.080078125,2724.14990234375,2731.610107421875,3486590000,15.380000114440918,2.7,2.52,-0.0022244379802809,-0.1899995803833025,-0.0122029276883327,0.1800000000000001,0.003934418660948854,0.006368761820561298,0.0069432459027974095,0.0047084203769747,0.0008986100931438,0.0073059847911984,0.0,0.06051135945565186,0.007088050416121162,False,False,False,False,False
2019-02-07,2717.530029296875,2719.320068359375,2687.260009765625,2706.050048828125,4114040000,16.3700008392334,2.65,2.48,-0.0093571401439401,0.9900007247924804,0.0643693574399215,0.1699999999999999,0.00567925629292305,0.007447143650671966,0.007286101377683693,-0.0022244379802809,0.006776236617404,0.00375124501119338,-0.009999999999999787,0.09296943028137189,0.005298709769135263,False,False,False,False,False
2019-02-08,2692.360107421875,2708.070068359375,2681.830078125,2707.8798828125,3649510000,15.720000267028809,2.63,2.45,0.000676201086956,-0.6500005722045898,-0.0397068136152294,0.1799999999999997,0.005674168414826335,0.007173594563575775,0.007284658828845557,-0.0093571401439401,0.0047084203769747,0.00016033779266029952,-4.163336342344337e-16,0.08919792899623642,0.005961122654243652,False,False,False,False,False
2019-02-11,2712.39990234375,2718.050048828125,2703.7900390625,2709.800048828125,3395330000,15.970000267028809,2.65,2.48,0.0007091030986317,0.25,0.015903307617898,0.1699999999999999,0.004682097526096765,0.006467497526169724,0.0072731128646983485,0.000676201086956,-0.0022244379802809,0.00011585599142273954,-0.030000000000000193,0.07477309874202026,0.0058556716734903145,False,False,False,False,False
2019-02-12,2722.610107421875,2748.18994140625,2722.610107421875,2744.72998046875,3843020000,15.43000030517578,2.68,2.5,0.0128902247439735,-0.5399999618530291,-0.0338133971711883,0.1800000000000001,0.007185689819046832,0.007002569295816502,0.007607017518712098,0.0007091030986317,-0.0093571401439401,-0.0010975707123317205,0.0,0.11087519610079112,0.004420878803939114,False,False,False,False,False
2019-02-13,2750.300048828125,2761.85009765625,2748.6298828125,2753.030029296875,3684910000,15.649999618530272,2.71,2.53,0.0030239946687606,0.2199993133544922,0.0142578942970401,0.1800000000000001,0.007088050416121125,0.005833476335118793,0.007397039800075357,0.0128902247439735,0.000676201086956,0.0005387901610680396,0.0,0.11092798630841894,0.005108690067044158,False,False,False,False,False
2019-02-14,2743.5,2757.89990234375,2731.22998046875,2745.72998046875,3845390000,16.219999313354492,2.66,2.5,-0.0026516415551012,0.5699996948242205,0.0364217066273482,0.1600000000000001,0.005298709769135214,0.005664124756498749,0.00728613701327603,0.0030239946687606,0.0007091030986317,0.0015884766908763393,-0.009999999999999815,0.08594506881703791,0.004883077776000486,False,False,False,False,False
2019-02-15,2760.239990234375,2775.659912109375,2760.239990234375,2775.60009765625,3648680000,14.90999984741211,2.66,2.52,0.0108787526085869,-1.3099994659423828,-0.0807644587792192,0.1400000000000001,0.005961122654243609,0.00630527352490589,0.007503882799666181,-0.0026516415551012,0.0128902247439735,0.002929576408644119,-0.03999999999999959,0.08888033786517709,0.0031473915187409697,False,False,False,False,False
2019-02-19,2769.280029296875,2787.330078125,2767.2900390625,2779.760009765625,3535270000,14.880000114440918,2.65,2.5,0.0014987433214488,-0.0299997329711914,-0.0020120545458219,0.1499999999999999,0.005855671673490269,0.00614775915325652,0.007432408055666226,0.0108787526085869,0.0030239946687606,0.004970086712970299,-0.01999999999999999,0.08713239517166366,0.0032750550481971453,False,False,False,False,False
2019-02-20,2779.050048828125,2789.8798828125,2774.06005859375,2784.699951171875,3904830000,14.020000457763672,2.65,2.5,0.0017771107537685,-0.8599996566772461,-0.0577956754074634,0.1499999999999999,0.004420878803939055,0.006081887437746008,0.007042818581861173,0.0014987433214488,-0.0026516415551012,0.005128014757533719,-0.030000000000000193,0.061980722854943264,0.003299344146114843,False,False,False,False,False
2019-02-21,2780.239990234375,2781.580078125,2764.550048828125,2774.8798828125,3598260000,14.460000038146973,2.69,2.53,-0.0035264367908802,0.4399995803833008,0.0313837065632653,0.1600000000000001,0.005108690067044107,0.0061781549114623335,0.006192799948380337,0.0017771107537685,0.0108787526085869,0.002905391959492719,-0.020000000000000018,0.07387165856433885,0.0031336190048370776,False,False,False,False,False
2019-02-22,2780.669921875,2794.199951171875,2779.110107421875,2792.669921875,3429350000,13.510000228881836,2.65,2.48,0.0064111023949868,-0.9499998092651368,-0.0656984651977136,0.1699999999999999,0.004883077776000433,0.00510074253075213,0.006247039427287213,-0.0035264367908802,0.0014987433214488,0.0015953056675645596,0.009999999999999815,0.06597038187141366,0.0033111797266288908,False,False,False,False,False
2019-02-25,2804.35009765625,2813.489990234375,2794.989990234375,2796.110107421875,3860260000,14.850000381469728,2.67,2.51,0.0012318625699112,1.3400001525878924,0.0991857979190278,0.1600000000000001,0.003147391518740888,0.005076254908195282,0.006248592528318649,0.0064111023949868,0.0017771107537685,0.0034078544575821593,0.01999999999999999,0.046738765253936776,0.0037748157292471583,False,False,False,False,False
2019-02-26,2792.360107421875,2803.1201171875,2789.469970703125,2793.89990234375,3676200000,15.170000076293944,2.64,2.48,-0.0007904570968998,0.3199996948242152,0.0215488004447137,0.1600000000000001,0.0032750550481970672,0.005169630303093698,0.006152154895592872,0.0012318625699112,-0.0035264367908802,0.0014784764498470195,0.010000000000000175,0.049682585331016375,0.0037874054276772215,False,False,False,False,False
2019-02-27,2787.5,2795.760009765625,2775.1298828125,2792.3798828125,3771790000,14.699999809265137,2.69,2.5,-0.0005440493877303,-0.4700002670288068,-0.0309822191605175,0.1899999999999999,0.003299344146114765,0.00407361710380781,0.005764365559893457,-0.0007904570968998,0.0064111023949868,0.0010206363661772993,0.03999999999999998,0.04850035831858709,0.004544943303190242,False,False,False,False,False
2019-02-28,2788.110107421875,2793.72998046875,2782.510009765625,2784.489990234375,4445780000,14.779999732971191,2.73,2.52,-0.0028255083152146,0.0799999237060546,0.0054421717512971,0.2099999999999999,0.003133619004836995,0.004261579939675399,0.00581763326719506,-0.0005440493877303,0.0012318625699112,0.0005564043378775395,0.04999999999999982,0.04631488805472424,0.005289206888071164,False,False,False,False,False
2019-03-01,2798.219970703125,2808.02001953125,2787.3798828125,2803.68994140625,3994950000,13.56999969482422,2.76,2.55,0.0068953205934343,-1.2100000381469709,-0.0818673924227282,0.2099999999999999,0.0033111797266288127,0.0043718393022113425,0.00515108162857271,-0.0028255083152146,-0.0007904570968998,0.0006965900330106594,0.04000000000000001,0.04493270787986114,0.002626106569474435,False,False,False,False,False
2019-03-04,2814.3701171875,2816.8798828125,2767.659912109375,2792.81005859375,3949730000,14.630000114440918,2.72,2.55,-0.003880558492514,1.0600004196166974,0.0781135183091414,0.1700000000000003,0.0037748157292470897,0.00357862622888833,0.005091899071674321,0.0068953205934343,-0.0005440493877303,0.0007934336727001593,0.010000000000000203,0.0552255545508783,0.008091968863059986,False,False,False,False,False
2019-03-05,2794.409912109375,2796.43994140625,2782.969970703125,2789.64990234375,3631380000,14.739999771118164,2.72,2.55,-0.0011315328231061,0.1099996566772461,0.0075187734666295,0.1700000000000003,0.003787405427677154,0.0036013093695629367,0.005122551117949382,-0.003880558492514,-0.0028255083152146,-0.00022905053978488076,0.010000000000000203,0.05582635513709294,0.008207432225899702,False,False,False,False,False
2019-03-06,2790.27001953125,2790.27001953125,2768.68994140625,2771.449951171875,3800180000,15.739999771118164,2.69,2.52,-0.0065240986535923,1.0,0.0678426062094939,0.1699999999999999,0.004544943303190187,0.004101388497869455,0.005246157565542094,-0.0011315328231061,0.0068953205934343,-0.0002972656850261408,-0.01999999999999999,0.07153740655195857,0.007768126541967719,False,False,False,False,False
2019-03-07,2766.530029296875,2767.25,2739.090087890625,2748.929931640625,3932150000,16.59000015258789,2.64,2.47,-0.0081257175586835,0.8500003814697266,0.0540025663170224,0.1699999999999999,0.005289206888071115,0.004640917295711365,0.00549917116579492,-0.0065240986535923,-0.003880558492514,-0.0014932755381985407,-0.04000000000000001,0.08774794308016873,0.0060722778000454935,False,False,False,False,False
2019-03-08,2730.7900390625,2744.1298828125,2722.27001953125,2743.070068359375,3424300000,16.049999237060547,2.62,2.45,-0.0021316888487414,-0.5400009155273438,-0.032549783638375,0.1699999999999999,0.0026261065694743384,0.003945420566695634,0.005497251066615165,-0.0081257175586835,-0.0011315328231061,-0.0025533173868923205,-0.04000000000000001,0.04214900843650282,0.005160213233930047,False,False,False,False,False
2019-03-11,2747.610107421875,2784.0,2747.610107421875,2783.300048828125,3764850000,14.329999923706056,2.64,2.47,0.0146660418677571,-1.7199993133544904,-0.1071650713467259,0.1699999999999999,0.008091968863059955,0.006317338853107071,0.005873128592220149,-0.0021316888487414,-0.0065240986535923,-0.004358719275327461,-3.885780586188048e-16,0.11595791319028094,0.0025890256467437007,False,False,False,False,False
2019-03-12,2787.340087890625,2798.320068359375,2786.72998046875,2791.52001953125,3432340000,13.770000457763672,2.61,2.45,0.0029533182046204,-0.5599994659423846,-0.0390788184873595,0.1599999999999997,0.008207432225899671,0.006395874458948714,0.005880548242561219,0.0146660418677571,-0.0081257175586835,-0.0006493992032732404,-0.010000000000000592,0.11301634550770279,0.0029924495426528266,False,False,False,False,False
2019-03-13,2799.780029296875,2821.239990234375,2799.780029296875,2810.919921875,3782250000,13.40999984741211,2.61,2.45,0.0069495838138418,-0.3600006103515625,-0.0261438343052915,0.1599999999999997,0.007768126541967686,0.0067262861738141225,0.0059913807610365915,0.0029533182046204,-0.0021316888487414,0.0001675710022720594,-0.010000000000000203,0.10417057574246463,0.0029500675422726367,False,False,False,False,False
2019-03-14,2810.3798828125,2815.0,2803.4599609375,2808.47998046875,3505670000,13.5,2.63,2.46,-0.0008680223820187,0.0900001525878906,0.0067114208510046,0.1699999999999999,0.006072277800045452,0.006649332196693762,0.005468310773489126,0.0069495838138418,0.0146660418677571,0.0028623074957588794,0.0,0.0819757503006136,0.004707529409217906,False,False,False,False,False
2019-03-15,2810.7900390625,2830.72998046875,2810.7900390625,2822.47998046875,5969780000,12.880000114440918,2.59,2.43,0.0049849029002739,-0.619999885559082,-0.0459259174488209,0.1599999999999997,0.005160213233929997,0.006499525935858493,0.005516743910618742,-0.0008680223820187,0.0029533182046204,0.004313846531091839,-0.010000000000000203,0.0664635470435579,0.009889442527684342,False,False,False,False,False
2019-03-18,2822.610107421875,2835.409912109375,2821.989990234375,2832.93994140625,3620770000,13.100000381469728,2.6,2.45,0.0037059469012648,0.2200002670288103,0.0170807659218998,0.1499999999999999,0.0025890256467436014,0.006363179949518105,0.005471202413703776,0.0049849029002739,0.0069495838138418,0.0057371648808949,-0.01999999999999999,0.03391623695997609,0.009573143840478278,False,False,False,False,False
2019-03-19,2840.760009765625,2852.419921875,2823.27001953125,2832.570068359375,3650740000,13.5600004196167,2.61,2.46,-0.0001305615560248,0.4600000381469709,0.035114505706248,0.1499999999999999,0.0029924495426527416,0.006329601226887298,0.005059883900734534,0.0037059469012648,-0.0008680223820187,0.0035451458875964395,-0.009999999999999787,0.040577617054052974,0.010337427601978104,False,False,False,False,False
2019-03-20,2831.340087890625,2843.5400390625,2812.429931640625,2824.22998046875,3779160000,13.90999984741211,2.54,2.4,-0.0029443536044478,0.3499994277954101,0.0258111664428182,0.1400000000000001,0.00295006754227255,0.005952980220984676,0.005126257362142657,-0.0001305615560248,0.0049849029002739,0.002928369935467399,-0.0199999999999996,0.04103543906286659,0.010425192965111761,False,False,False,False,False
2019-03-21,2819.719970703125,2860.31005859375,2817.3798828125,2854.8798828125,3612620000,13.630000114440918,2.54,2.41,0.0108524810499543,-0.2799997329711914,-0.0201293843308908,0.1299999999999999,0.0047075294092178525,0.005456819471710193,0.005557424557719131,-0.0029443536044478,0.0037059469012648,0.0009495824518094793,-0.04000000000000001,0.06416362638637332,0.009047894671855697,False,False,False,False,False
2019-03-22,2844.52001953125,2846.159912109375,2800.469970703125,2800.7099609375,4253730000,16.479999542236328,2.44,2.31,-0.0189745012394827,2.84999942779541,0.2090975351332424,0.1299999999999999,0.009889442527684315,0.00867767566495554,0.006975918607921813,0.0108524810499543,-0.0001305615560248,0.0032936831382040796,-0.029999999999999805,0.16297800832920997,0.004542884042855734,False,False,False,False,False
2019-03-25,2796.010009765625,2809.7900390625,2785.02001953125,2798.360107421875,3406110000,16.329999923706055,2.43,2.26,-0.0008390206584756,-0.1499996185302734,-0.0091019188529611,0.1700000000000003,0.00957314384047825,0.007617850589315303,0.006851428572458095,-0.0189745012394827,-0.0029443536044478,-0.001498197689747241,0.02000000000000038,0.1563294381846369,0.005401042226840651,False,False,False,False,False
2019-03-26,2812.659912109375,2829.8701171875,2803.989990234375,2818.4599609375,3288570000,14.68000030517578,2.41,2.24,0.0071827258623062,-1.6499996185302752,-0.101041005893392,0.1699999999999999,0.01033742760197808,0.007852288043815487,0.007012701940338111,-0.0008390206584756,0.0108524810499543,-0.002407191201695321,0.01999999999999999,0.15175344035177074,0.005550099567791554,False,False,False,False,False
2019-03-27,2819.719970703125,2825.56005859375,2787.719970703125,2805.3701171875,3422400000,15.149999618530272,2.39,2.22,-0.0046443248906916,0.4699993133544922,0.0320163013340526,0.1699999999999999,0.010425192965111737,0.0077421951526681545,0.0070915375007774405,0.0071827258623062,-0.0189745012394827,-0.0009445337180291211,0.029999999999999805,0.1579416694445473,0.00402303118444586,False,False,False,True,False
2019-03-28,2809.39990234375,2819.7099609375,2798.77001953125,2815.43994140625,3185460000,14.43000030517578,2.39,2.23,0.003589481529391,-0.7199993133544922,-0.0475247083487609,0.1600000000000001,0.009047894671855669,0.007816987012161929,0.0071248775610919714,-0.0046443248906916,-0.0008390206584756,-0.0012845279752778812,0.030000000000000193,0.1305611228760756,0.004157255537988853,False,False,False,False,False
2019-03-29,2828.27001953125,2836.030029296875,2819.22998046875,2834.39990234375,3752520000,13.710000038146973,2.41,2.27,0.0067342800173637,-0.7200002670288068,-0.0498960673459276,0.1400000000000001,0.004542884042855679,0.007938982761325557,0.0072080679527644605,0.003589481529391,0.0071827258623062,-0.0027371278793905415,0.010000000000000203,0.06228294040084863,0.004015097716215573,False,False,False,False,False
2019-04-01,2848.6298828125,2869.39990234375,2848.6298828125,2867.18994140625,3560090000,13.399999618530272,2.49,2.33,0.0115686001242754,-0.310000419616701,-0.0226112632205798,0.1600000000000001,0.005401042226840605,0.008585242323609854,0.007458375199497385,0.0067342800173637,-0.0046443248906916,0.0024046283719787393,-0.010000000000000203,0.07237396377933,0.0015373294538521163,False,False,False,False,False
2019-04-02,2868.239990234375,2872.89990234375,2858.75,2867.239990234375,3267210000,13.359999656677246,2.48,2.3,1.745570720723677e-05,-0.0399999618530255,-0.0029850718650552,0.1800000000000001,0.00555009956779151,0.008582994791741076,0.007380336465877431,0.0115686001242754,0.003589481529391,0.004886152528528939,0.010000000000000203,0.0741493283202191,0.0036167887450043778,False,False,False,False,False
2019-04-03,2876.090087890625,2885.25,2865.169921875,2873.39990234375,3570000000,13.739999771118164,2.52,2.33,0.0021483768817243,0.3800001144409179,0.028443123069318,0.1899999999999999,0.004023031184445799,0.008469092432598505,0.007362322258714426,1.745570720723677e-05,0.0067342800173637,0.0034530984975091467,0.01999999999999999,0.05527644755348651,0.00375460389635081,False,False,False,False,False
2019-04-04,2873.989990234375,2881.280029296875,2867.139892578125,2879.389892578125,3038740000,13.579999923706056,2.51,2.33,0.0020846350796801,-0.1599998474121076,-0.0116448216941336,0.1799999999999997,0.004157255537988792,0.007918726396246141,0.007144081280973817,0.0021483768817243,0.0115686001242754,0.0048116388519923265,0.0199999999999996,0.05645552988871438,0.0037294191574119323,False,False,False,False,False
2019-04-05,2884.159912109375,2893.239990234375,2882.989990234375,2892.739990234375,3155970000,12.81999969482422,2.5,2.35,0.004636432770241,-0.7600002288818359,-0.0559646710715464,0.1499999999999999,0.004015097716215511,0.00436926186921733,0.006804672058184038,0.0020846350796801,1.745570720723677e-05,0.004510669562050146,0.009999999999999815,0.051473551496572276,0.004206639639720106,False,False,False,False,False
2019-04-08,2888.4599609375,2895.949951171875,2880.780029296875,2895.77001953125,3056460000,13.18000030517578,2.52,2.36,0.0010474599539205,0.3600006103515589,0.0280811715227184,0.1600000000000001,0.0015373294538519522,0.004227147534070626,0.006735976499040024,0.004636432770241,0.0021483768817243,0.004091100112625606,0.0,0.020262002670924442,0.004257697569633999,False,False,False,False,False
2019-04-09,2886.580078125,2886.8798828125,2873.330078125,2878.199951171875,3032480000,14.279999732971191,2.51,2.35,-0.0060674943938465,1.099999427795412,0.0834597422098271,0.1599999999999997,0.0036167887450043075,0.004872606657021154,0.006407381955358914,0.0010474599539205,0.0020846350796801,0.0019868720785546265,-0.020000000000000406,0.05164774231287472,0.0026986857895875574,False,False,False,False,False
2019-04-10,2881.3701171875,2889.7099609375,2879.1298828125,2888.2099609375,3092230000,13.300000190734863,2.48,2.31,0.0034778715639784,-0.979999542236328,-0.0686274202074108,0.1699999999999999,0.0037546038963507415,0.004324949803662299,0.00641355665797016,-0.0060674943938465,0.004636432770241,0.0007698820583438793,-0.01999999999999999,0.04993623253759872,0.003029578415081942,False,False,False,False,False
2019-04-11,2891.919921875,2893.419921875,2881.989990234375,2888.320068359375,2970650000,13.020000457763672,2.51,2.35,3.8123067008344336e-05,-0.2799997329711914,-0.0210526111996784,0.1599999999999997,0.003729419157411863,0.004400841431175887,0.006309308699637731,0.0034778715639784,0.0010474599539205,0.0010357809947946993,-0.01999999999999999,0.04855703913669506,0.003009551694650962,False,False,False,False,False
2019-04-12,2900.860107421875,2910.5400390625,2898.3701171875,2907.409912109375,3726050000,12.010000228881836,2.56,2.4,0.0066093242086024,-1.010000228881836,-0.0775729795216393,0.1600000000000001,0.004206639639720045,0.004389157632993262,0.006386619563795915,3.8123067008344336e-05,-0.0060674943938465,0.0006264785922603482,0.010000000000000175,0.05052174303586114,0.0013664332131239879,False,False,False,False,False
2019-04-15,2908.320068359375,2909.60009765625,2896.47998046875,2905.580078125,3114530000,12.31999969482422,2.55,2.4,-0.0006293691084816,0.3099994659423846,0.0258117785207774,0.1499999999999999,0.004257697569633939,0.0032663363617342974,0.006359727657634417,0.0066093242086024,0.0034778715639784,0.0010210568799326283,-0.010000000000000175,0.05245483275854396,0.003699210370711256,False,False,False,False,False
2019-04-16,2912.260009765625,2916.06005859375,2900.7099609375,2907.06005859375,3403120000,12.18000030517578,2.6,2.41,0.0005093580038946,-0.139999389648441,-0.0113635871035984,0.1899999999999999,0.0026986857895874633,0.003249766705746467,0.00634101343233448,-0.0006293691084816,3.8123067008344336e-05,0.0006856910674522081,0.030000000000000193,0.032869993740748844,0.004048495584865572,False,False,False,False,False
2019-04-17,2916.0400390625,2918.0,2895.449951171875,2900.449951171875,3648100000,12.600000381469728,2.59,2.4,-0.0022738117853239,0.4200000762939488,0.0344827640205782,0.1899999999999999,0.003029578415081857,0.003412661620712185,0.006379556278472338,0.0005093580038946,0.0066093242086024,0.002001061547000428,0.01999999999999999,0.038172689185723856,0.0037651989867141587,False,False,False,False,False
2019-04-18,2904.81005859375,2908.39990234375,2891.89990234375,2905.030029296875,3507100000,12.09000015258789,2.57,2.38,0.0015790922795098,-0.5100002288818377,-0.0404762074159833,0.1899999999999999,0.0030095516946508764,0.003399096563726146,0.00631374483361607,-0.0022738117853239,-0.0006293691084816,0.0008507248771399683,0.030000000000000193,0.03638548044755024,0.0039341985921356485,False,False,False,False,False
2019-04-22,2898.780029296875,2909.510009765625,2896.35009765625,2907.969970703125,3010130000,12.420000076293944,2.59,2.38,0.0010120175614714,0.3299999237060529,0.0272952787048075,0.2099999999999999,0.001366433213123799,0.0031658115518379123,0.005946648790589127,0.0015790922795098,0.0005093580038946,0.0011589187196402594,0.04999999999999982,0.016971100611248163,0.003930083247067523,False,False,False,False,False
2019-04-23,2909.989990234375,2936.31005859375,2908.530029296875,2933.679931640625,3674480000,12.279999732971191,2.57,2.36,0.008841205788409,-0.1400003433227521,-0.0112721692804149,0.2099999999999999,0.0036992103707111875,0.004036753016556764,0.00422061745060225,0.0010120175614714,-0.0022738117853239,3.945739021405936e-05,0.06,0.045426302364537645,0.0022585367736691585,False,False,False,False,False
2019-04-24,2934.0,2936.830078125,2926.050048828125,2927.25,3468480000,13.140000343322754,2.53,2.32,-0.0021917631747336,0.8600006103515625,0.0700326245156588,0.2099999999999999,0.004048495584865508,0.0034538297068507366,0.004276764825964229,0.008841205788409,0.0015790922795098,0.0019335723695921795,0.020000000000000018,0.05319723337507342,0.00400383414236335,False,False,False,False,False
2019-04-25,2928.989990234375,2933.10009765625,2912.840087890625,2926.169921875,3440010000,13.25,2.54,2.33,-0.0003689736527457,0.1099996566772461,0.0083713587369229,0.2099999999999999,0.003765198986714091,0.0034483023970127554,0.004154701350224918,-0.0021917631747336,0.0010120175614714,0.0013933481338665396,0.020000000000000018,0.049888886573961705,0.0040766710566091215,False,False,False,False,False
2019-04-26,2925.81005859375,2939.8798828125,2917.56005859375,2939.8798828125,3264390000,12.729999542236328,2.51,2.28,0.0046852921407636,-0.5200004577636719,-0.0392453175670696,0.2299999999999999,0.003934198592135584,0.0035566807219717064,0.00393528622633088,-0.0003689736527457,0.008841205788409,0.0017743157603821794,0.04000000000000001,0.050082346276952794,0.0055662419697543215,False,False,False,False,False
2019-04-29,2940.580078125,2949.52001953125,2939.35009765625,2943.030029296875,3150390000,13.109999656677246,2.54,2.3,0.0010715221743553,0.3800001144409179,0.0298507563319332,0.2400000000000002,0.003930083247067459,0.0031714668778279223,0.003930710478323611,0.0046852921407636,-0.0021917631747336,0.0023955557326329397,0.030000000000000304,0.05152339001976739,0.005867277042513487,False,False,False,False,False
2019-04-30,2937.139892578125,2948.219970703125,2924.110107421875,2945.830078125,3939760000,13.119999885559082,2.51,2.27,0.0009514170090862,0.0100002288818359,0.0007627939850283,0.2399999999999997,0.0022585367736690453,0.0031140516083267857,0.003798163981647587,0.0010715221743553,-0.0003689736527457,0.0024074566552097195,0.029999999999999805,0.029632002212068853,0.008465956685725246,False,False,False,False,False
2019-05-01,2952.330078125,2954.1298828125,2923.360107421875,2923.72998046875,3669330000,14.800000190734863,2.52,2.31,-0.0075021630814213,1.6800003051757812,0.1280488048650765,0.2099999999999999,0.004003834142363286,0.004107482638290898,0.0036413796246666436,0.0009514170090862,0.0046852921407636,0.0008294988993451595,0.0,0.05925674607064738,0.008332656083301531,False,False,False,False,False
2019-05-02,2922.159912109375,2931.679931640625,2900.5,2917.52001953125,3802290000,14.420000076293944,2.55,2.35,-0.0021239857917741,-0.3800001144409197,-0.025675683077275,0.1999999999999997,0.004076671056609059,0.0040973048945316575,0.0036952869410295875,-0.0075021630814213,0.0010715221743553,-0.00023258108199238054,-0.010000000000000203,0.05878559694732794,0.008321193226369929,False,False,False,False,False
2019-05-03,2929.2099609375,2947.85009765625,2929.2099609375,2945.639892578125,3357180000,12.869999885559082,2.54,2.33,0.0096382793806477,-1.5500001907348615,-0.1074896104392548,0.2099999999999999,0.0055662419697542756,0.004921286288276783,0.004139586883353013,-0.0021239857917741,0.0009514170090862,-0.0005835835097980606,-0.01999999999999999,0.07163753351373169,0.0066684934973118976,False,False,False,False,False
2019-05-06,2908.889892578125,2937.320068359375,2898.2099609375,2932.469970703125,3203260000,15.4399995803833,2.51,2.31,-0.0044709884287563,2.5699996948242188,0.1996891777526674,0.1999999999999997,0.005867277042513442,0.0052298787378041636,0.004304378857920985,0.0096382793806477,-0.0075021630814213,0.0004070139381787595,-0.04000000000000051,0.09059075507440012,0.010346067034053658,False,False,False,False,False
2019-05-07,2913.030029296875,2913.030029296875,2862.60009765625,2884.050048828125,3793060000,19.31999969482422,2.45,2.28,-0.0165116513924233,3.880000114440918,0.2512953510290572,0.1700000000000003,0.008465956685725216,0.006685495242352305,0.005589617494836718,-0.0044709884287563,-0.0021239857917741,-0.0007014881824435606,-0.06999999999999942,0.16356228058460623,0.01108279885622484,False,False,False,False,False
2019-05-08,2879.610107421875,2897.9599609375,2873.280029296875,2879.419921875,3543110000,19.39999961853028,2.49,2.3,-0.0016054253132695,0.0799999237060582,0.0041407828659278,0.1900000000000004,0.0083326560833015,0.006683340825328142,0.005591611312490799,-0.0165116513924233,0.0096382793806477,-0.004194101862745461,-0.019999999999999518,0.16165352483739312,0.0117069169414363,False,False,False,False,False
2019-05-09,2859.840087890625,2875.969970703125,2836.39990234375,2870.719970703125,3659050000,19.100000381469727,2.45,2.26,-0.0030214249424966,-0.2999992370605504,-0.0154638785030697,0.1900000000000004,0.0083211932263699,0.006680915837449621,0.005477260361766164,-0.0016054253132695,-0.0044709884287563,-0.0030147543091151004,-0.009999999999999315,0.1589347937979484,0.012429838792373632,False,False,False,False,False
2019-05-10,2863.10009765625,2891.31005859375,2825.389892578125,2881.39990234375,3566780000,16.040000915527344,2.47,2.26,0.0037202972597878,-3.059999465942383,-0.1602093929228979,0.2100000000000004,0.006668493497311859,0.006591633406092487,0.005485057649383156,-0.0030214249424966,-0.0165116513924233,-0.0031942421392596003,4.996003610813204e-16,0.10696264180207037,0.012517303138085877,False,False,False,False,False
2019-05-13,2840.18994140625,2840.18994140625,2801.429931640625,2811.8701171875,3900270000,20.549999237060547,2.4,2.18,-0.0241305571988442,4.509998321533203,0.2811719491342017,0.2199999999999997,0.01034606703405363,0.009230625237239996,0.007501002733572636,0.0037202972597878,-0.0016054253132695,-0.00437783856343158,0.01999999999999999,0.21261166965637937,0.006876690550674484,False,False,False,False,True
2019-05-14,2820.1201171875,2852.5400390625,2820.1201171875,2834.409912109375,3354860000,18.059999465942383,2.42,2.2,0.0080159445431355,-2.489999771118164,-0.121167876572356,0.2199999999999997,0.011082798856224816,0.009869468055557315,0.007576767013652497,-0.0241305571988442,-0.0030214249424966,-0.008309752317449159,0.049999999999999406,0.20015534142456703,0.006962344617036908,False,False,False,True,False
2019-05-15,2820.3798828125,2858.679931640625,2815.080078125,2850.9599609375,3140900000,16.440000534057617,2.37,2.16,0.0058389750746421,-1.6199989318847656,-0.0897009401877206,0.2099999999999999,0.011706916941436277,0.010175691702226274,0.007723007220676818,0.0080159445431355,0.0037202972597878,-0.0034042331303374,0.019999999999999518,0.19246172076938056,0.006901116435019289,False,False,False,True,False
2019-05-16,2855.800048828125,2892.14990234375,2855.800048828125,2876.320068359375,3338470000,15.289999961853027,2.4,2.2,0.0088952871206005,-1.1500005722045898,-0.0699513707327571,0.1999999999999997,0.012429838792373608,0.010734270326658652,0.00799614456817252,0.0058389750746421,-0.0241305571988442,-0.0019153530527550797,0.009999999999999315,0.19005223466123175,0.006794446891475372,False,False,False,True,False
2019-05-17,2858.60009765625,2885.47998046875,2854.22998046875,2859.530029296875,3316040000,15.960000038146973,2.39,2.2,-0.0058373333507619,0.6700000762939453,0.043819494961774,0.1899999999999999,0.012517303138085856,0.010135500651291166,0.008070012354372207,0.0088952871206005,0.0080159445431355,0.0004679893598643403,-0.020000000000000517,0.19977615856134748,0.006962737333004221,False,False,False,True,False
2019-05-20,2841.93994140625,2853.860107421875,2831.2900390625,2840.22998046875,3293750000,16.309999465942383,2.41,2.21,-0.0067493779153879,0.3499994277954101,0.0219297886565699,0.2000000000000001,0.006876690550674446,0.010193456886811515,0.008155234244564517,-0.0058373333507619,0.0058389750746421,-0.0014435367622455994,-0.0199999999999996,0.11215881920895124,0.007195781489686104,False,False,False,False,False
2019-05-21,2854.02001953125,2868.8798828125,2854.02001953125,2864.360107421875,3223050000,14.949999809265137,2.43,2.26,0.0084958355904483,-1.359999656677246,-0.0833844084125888,0.1700000000000003,0.006962344617036871,0.009659431194190823,0.008397056014686969,-0.0067493779153879,0.0088952871206005,0.00203269909444566,-0.049999999999999406,0.10408705069673937,0.00458823436725314,False,False,False,False,False
2019-05-22,2856.06005859375,2865.469970703125,2851.110107421875,2856.27001953125,3194000000,14.75,2.39,2.23,-0.0028243962306494,-0.1999998092651367,-0.0133779138338977,0.1600000000000001,0.006901116435019251,0.009678545753978921,0.00813018449303012,0.0084958355904483,-0.0058373333507619,0.00212867730390822,-0.04999999999999982,0.10179146741653396,0.005537137078322327,False,False,False,False,False
2019-05-23,2836.699951171875,2836.699951171875,2805.489990234375,2822.239990234375,3899320000,16.920000076293945,2.31,2.12,-0.0119141499452701,2.1700000762939453,0.1471186492402674,0.1899999999999999,0.006794446891475332,0.010237876839146533,0.008442077304390295,-0.0028243962306494,-0.0067493779153879,0.00039600304284992003,-0.009999999999999815,0.11496204192213777,0.00588167587385903,False,False,False,False,False
2019-05-24,2832.409912109375,2841.360107421875,2820.18994140625,2826.06005859375,2889230000,15.850000381469728,2.32,2.16,0.0013535590072402,-1.069999694824217,-0.0632387523640356,0.1599999999999997,0.006962737333004183,0.010137886035808837,0.008462975832065475,-0.0119141499452701,0.0084958355904483,-0.0037658843703242003,-0.030000000000000193,0.11035938938418982,0.005179828804959187,False,False,False,False,False
2019-05-28,2830.030029296875,2840.510009765625,2801.580078125,2802.389892578125,4146980000,17.5,2.26,2.12,-0.0083756769229467,1.6499996185302717,0.104100919799301,0.1399999999999996,0.007195781489686067,0.007417744652557891,0.008456651549873913,0.0013535590072402,-0.0028243962306494,-0.00232770589872378,-0.0600000000000005,0.12592617606950618,0.011774568890651507,False,False,False,False,False
2019-05-29,2790.25,2792.030029296875,2766.06005859375,2783.02001953125,3701110000,17.899999618530273,2.25,2.09,-0.0069119122568113,0.3999996185302734,0.0228571210588728,0.1600000000000001,0.004588234367253082,0.0070866436308012135,0.008478557416747821,-0.0083756769229467,-0.0119141499452701,-0.00265296570023554,-0.010000000000000203,0.08212939342355766,0.01151199974275288,False,False,False,False,False
2019-05-30,2786.93994140625,2799.0,2776.739990234375,2788.860107421875,3276030000,17.299999237060547,2.22,2.06,0.0020984713906617,-0.6000003814697266,-0.0335195750981245,0.1600000000000001,0.005537137078322279,0.006764823314611161,0.008505058309792148,-0.0069119122568113,0.0013535590072402,-0.00573451526968746,0.0,0.0957924672304751,0.011551692329023235,False,False,False,False,False
2019-05-31,2766.14990234375,2768.97998046875,2750.52001953125,2752.06005859375,3982670000,18.709999084472656,2.14,1.95,-0.0131953728084784,1.4099998474121094,0.0815028849476229,0.1900000000000001,0.005881675873858985,0.006384661075852106,0.008745368903594543,0.0020984713906617,-0.0083756769229467,-0.0047499417454252395,2.220446049250313e-16,0.11004615021506652,0.007793102627328304,False,False,False,False,False
2019-06-03,2751.530029296875,2763.070068359375,2728.81005859375,2744.449951171875,3952360000,18.86000061035156,2.07,1.82,-0.0027652403144732,0.1500015258789027,0.0080171850998853,0.2499999999999997,0.005179828804959136,0.006381347080336232,0.008743938972313773,-0.0131953728084784,-0.0069119122568113,-0.005006186318066899,0.09,0.0976915744230459,0.005960148351499636,False,False,False,False,False
2019-06-04,2762.639892578125,2804.489990234375,2762.639892578125,2803.27001953125,3814130000,16.969999313354492,2.12,1.88,0.0214323705681931,-1.8900012969970668,-0.100212154604052,0.2400000000000002,0.011774568890651484,0.009856389379142145,0.009839413954625625,-0.0027652403144732,0.0020984713906617,-0.0058299461824095795,0.10000000000000062,0.19981442598940086,0.003657257051476181,False,False,False,True,False
2019-06-05,2818.090087890625,2827.280029296875,2800.919921875,2826.14990234375,3570760000,16.09000015258789,2.12,1.83,0.0081618547814119,-0.8799991607666016,-0.051856169497549,0.29,0.011511999742752856,0.009823785146761587,0.010072189402962646,0.0214323705681931,-0.0131953728084784,0.0001316633158183804,0.1299999999999999,0.18522807761748522,0.004524397358833746,False,False,False,True,False
2019-06-06,2828.510009765625,2852.10009765625,2822.449951171875,2843.489990234375,3445140000,15.93000030517578,2.12,1.88,0.0061355867486876,-0.1599998474121111,-0.0099440550587177,0.2400000000000002,0.01155169232902321,0.0100493628962453,0.009632032206159283,0.0081618547814119,-0.0027652403144732,0.00314641672346302,0.08000000000000013,0.18401846232663646,0.004383531202078137,False,False,False,True,False
2019-06-07,2852.8701171875,2884.969970703125,2852.8701171875,2873.340087890625,3244380000,16.299999237060547,2.09,1.85,0.0104976974628947,0.3699989318847674,0.0232265489514493,0.2399999999999997,0.007793102627328271,0.009725043209757278,0.009914254015631266,0.0061355867486876,0.0214323705681931,0.0039538397950681994,0.0499999999999996,0.12702756687978536,0.002858219359143906,False,False,False,False,False
2019-06-10,2885.830078125,2904.77001953125,2885.510009765625,2886.72998046875,3209890000,15.9399995803833,2.15,1.9,0.0046600444669098,-0.3599996566772461,-0.02208586954156,0.25,0.005960148351499592,0.009758927564859986,0.009939598788007936,0.0104976974628947,0.0081618547814119,0.00869245384934282,3.0531133177191805e-16,0.09500476222192572,0.0022052466916871426,False,False,False,False,False
2019-06-11,2903.27001953125,2910.610107421875,2878.530029296875,2885.719970703125,3551000000,15.989999771118164,2.15,1.93,-0.0003498802355809,0.0500001907348632,0.0031367749091033,0.2199999999999999,0.0036572570514761074,0.009170622189501371,0.009910937135172345,0.0046600444669098,0.0061355867486876,0.010177510805619419,-0.020000000000000323,0.05847953941602325,0.004340567243275061,False,False,False,False,False
2019-06-12,2882.72998046875,2888.570068359375,2874.679931640625,2879.840087890625,3039870000,15.90999984741211,2.13,1.88,-0.0020375791387226,-0.0799999237060546,-0.0050031222546077,0.25,0.004524397358833686,0.008752078834468081,0.008326830627057588,-0.0003498802355809,0.0104976974628947,0.0058210606448646195,-0.03999999999999998,0.0719831612886757,0.0037847237575908826,False,False,False,False,False
2019-06-13,2886.239990234375,2895.239990234375,2881.989990234375,2891.639892578125,3100640000,15.81999969482422,2.1,1.83,0.0040973819126681,-0.0900001525878888,-0.0056568292552515,0.27,0.004383531202078074,0.008741433506980796,0.008214534453904068,-0.0020375791387226,0.0046600444669098,0.0037811738608377193,0.029999999999999805,0.06934746227912758,0.004563323285575675,False,False,False,False,False
2019-06-14,2886.820068359375,2894.449951171875,2879.6201171875,2886.97998046875,2992810000,15.279999732971191,2.09,1.84,-0.0016115119041397,-0.5399999618530291,-0.0341340058324842,0.2499999999999997,0.0028582193591438106,0.007030703060625142,0.008157971807833642,0.0040973819126681,-0.0003498802355809,0.0033735328936338196,0.009999999999999981,0.04367359104449051,0.004473353711537984,False,False,False,False,False
2019-06-17,2889.75,2897.27001953125,2887.300048828125,2889.669921875,2828400000,15.350000381469728,2.09,1.86,0.0009317492412306,0.0700006484985369,0.0045811943535241,0.2299999999999997,0.0022052466916870185,0.006711992117729216,0.007947381191802052,-0.0016115119041397,-0.0020375791387226,0.0009516910202269395,-0.020000000000000295,0.03385053755863059,0.004980843884951856,False,False,False,False,False
2019-06-18,2906.7099609375,2930.7900390625,2905.43994140625,2917.75,3441540000,15.149999618530272,2.06,1.86,0.009717399870633,-0.2000007629394566,-0.0130293653400096,0.1999999999999999,0.004340567243274998,0.004398961008311349,0.008069255127385884,0.0009317492412306,0.0040973819126681,0.00020603197509109955,-0.01999999999999999,0.06575959207982121,0.00621932390132145,False,False,False,False,False
2019-06-19,2920.550048828125,2931.739990234375,2911.429931640625,2926.4599609375,3300220000,14.329999923706056,2.03,1.74,0.0029851635463971,-0.8199996948242152,-0.0541253937604894,0.2899999999999998,0.003784723757590811,0.004180281472743818,0.007888774423912639,0.009717399870633,-0.0016115119041397,0.0022194879963338796,0.039999999999999813,0.05423509115752482,0.006039872302419262,False,False,False,False,False
2019-06-20,2949.60009765625,2958.06005859375,2931.5,2954.179931640625,3943060000,14.75,2.01,1.72,0.0094721851906851,0.4200000762939435,0.0293091471409667,0.2899999999999998,0.0045633232855756154,0.004498194487193323,0.00793287927403266,0.0029851635463971,0.0009317492412306,0.00322403653335782,0.019999999999999796,0.06730901846224033,0.004273424145072287,False,False,False,False,False
2019-06-21,2952.7099609375,2964.14990234375,2946.8701171875,2950.4599609375,5003540000,15.399999618530272,2.07,1.77,-0.0012592227925193,0.6499996185302717,0.0440677707478149,0.2999999999999998,0.004473353711537923,0.00412437066004035,0.007899155137238647,0.0094721851906851,0.009717399870633,0.00429899718896122,0.05000000000000013,0.068889645451235,0.0053067467928748545,False,False,False,False,False
2019-06-24,2951.419921875,2954.919921875,2944.050048828125,2945.35009765625,3136960000,15.260000228881836,2.02,1.72,-0.0017318870104667,-0.1399993896484357,-0.0090908696828784,0.3,0.0049808438849518015,0.004258103728314469,0.007349520511519719,-0.0012592227925193,0.0029851635463971,0.0043694550112852995,0.07000000000000028,0.07600767882438918,0.00616156527189315,False,False,False,False,False
2019-06-25,2945.780029296875,2946.52001953125,2916.010009765625,2917.3798828125,3579430000,16.280000686645508,2.0,1.71,-0.0094963973437341,1.020000457763672,0.066841444460346,0.29,0.006219323901321406,0.0054770878531435535,0.00775154868040129,-0.0017318870104667,0.0094721851906851,0.00383672776094584,0.09000000000000008,0.10125059738398332,0.002997564593977203,False,False,False,False,False
2019-06-26,2926.070068359375,2932.590087890625,2912.989990234375,2913.780029296875,3511350000,16.209999084472656,2.05,1.77,-0.0012339337557076,-0.0700016021728515,-0.0042998525319641,0.2799999999999998,0.006039872302419217,0.005436104843908932,0.0074599998347466894,-0.0094963973437341,-0.0012592227925193,-6.0316819275801206e-06,-0.010000000000000009,0.09790632449254727,0.0019445151743226069,False,False,False,False,False
2019-06-27,2919.659912109375,2929.300048828125,2918.570068359375,2924.919921875,3162500000,15.81999969482422,2.01,1.74,0.0038231755541318,-0.3899993896484357,-0.0240591864080986,0.2699999999999998,0.004273424145072223,0.005422029042129942,0.007203023347847538,-0.0012339337557076,-0.0017318870104667,-0.0008498511423485202,-0.020000000000000018,0.06760556867089702,0.0035757140471767267,False,False,False,False,False
2019-06-28,2932.93994140625,2943.97998046875,2929.050048828125,2941.760009765625,5422650000,15.079999923706056,2.0,1.75,0.0057574526279098,-0.7399997711181641,-0.046776219051399,0.25,0.005306746792874803,0.005495579597296651,0.007237870534243669,0.0038231755541318,-0.0094963973437341,-0.0019796530696591804,-0.04999999999999982,0.0800257412316794,0.0050177315964469405,False,False,False,False,False
2019-07-01,2971.409912109375,2977.929931640625,2952.219970703125,2964.330078125,3524860000,14.0600004196167,2.03,1.78,0.0076723010321881,-1.0199995040893572,-0.0676392247513143,0.2499999999999997,0.006161565271893106,0.005743680502652852,0.006387602104636455,0.0057574526279098,-0.0012339337557076,-0.0005763179855733604,-0.050000000000000294,0.08663161030831275,0.004247636997113284,False,False,False,False,False
2019-07-02,2964.659912109375,2973.2099609375,2955.919921875,2973.010009765625,3224490000,12.93000030517578,1.98,1.77,0.0029281258874231,-1.1300001144409195,-0.0803698492685909,0.2099999999999999,0.002997564593977112,0.005237753632190395,0.006232114241725284,0.0076723010321881,0.0038231755541318,0.0013045196229575996,-0.08000000000000007,0.03875851111490817,0.004431581611391386,False,False,False,False,False
2019-07-03,2978.080078125,2995.840087890625,2977.9599609375,2995.820068359375,1963570000,12.56999969482422,1.96,1.77,0.0076723786730701,-0.3600006103515589,-0.0278422739253496,0.1899999999999999,0.001944515174322468,0.005516921702271602,0.004936205133725329,0.0029281258874231,0.0057574526279098,0.00378942426918904,-0.08999999999999991,0.02444255514781449,0.0032666010302102783,False,False,False,False,False
2019-07-05,2984.25,2994.030029296875,2967.969970703125,2990.409912109375,2434680000,13.279999732971191,2.04,1.87,-0.0018059015984103,0.7100000381469709,0.0564836957346401,0.1699999999999999,0.0035757140471766513,0.005083558877205363,0.004913582280784166,0.0076723786730701,0.0076723010321881,0.00557068675494458,-0.0999999999999999,0.047485481591687265,0.0034526354236201705,False,False,False,False,False
2019-07-08,2979.77001953125,2980.760009765625,2970.090087890625,2975.949951171875,2922360000,13.960000038146973,2.05,1.88,-0.0048354444248415,0.6800003051757812,0.0512048432868184,0.1699999999999999,0.005017731596446887,0.005364315613938513,0.005100826651944172,-0.0018059015984103,0.0029281258874231,0.00444487132443616,-0.0800000000000001,0.07004753327780981,0.0017641104269037569,False,False,False,False,False
2019-07-09,2965.52001953125,2981.89990234375,2963.43994140625,2979.6298828125,3033330000,14.09000015258789,2.07,1.92,0.00123655696534,0.1300001144409179,0.009312329089232,0.1499999999999999,0.00424763699711322,0.005293511075287218,0.004751308096165051,-0.0048354444248415,0.0076723786730701,0.0023262919138859,-0.09999999999999978,0.05984920593746324,0.003004062901235539,False,False,False,False,False
2019-07-10,2989.300048828125,3002.97998046875,2984.6201171875,2993.070068359375,3157800000,13.029999732971191,2.07,1.82,0.0045106896075925,-1.0600004196166992,-0.0752306890090424,0.2499999999999997,0.004431581611391324,0.003974035948873178,0.004747045406862847,0.00123655696534,-0.0018059015984103,0.00103914310051628,0.039999999999999786,0.057743507213069,0.003980283286603349,False,False,False,False,False
2019-07-11,2999.6201171875,3002.330078125,2988.800048828125,2999.909912109375,3155710000,12.93000030517578,2.13,1.85,0.0022852267383599,-0.0999994277954119,-0.0076745533265341,0.2799999999999998,0.003266601030210195,0.0037720614288240316,0.0047250429640983815,0.0045106896075925,-0.0048354444248415,0.0013556558445501602,0.08999999999999991,0.042237152317505335,0.004194416861595544,False,False,False,False,False
2019-07-12,3003.360107421875,3013.919921875,3001.8701171875,3013.77001953125,2984140000,12.390000343322754,2.12,1.84,0.0046201745478848,-0.5399999618530256,-0.0417633371313121,0.28,0.0034526354236200925,0.003798535479311375,0.004675936317120423,0.0022852267383599,0.00123655696534,0.00027822545760812007,0.11000000000000013,0.04277815408402125,0.003866078644116526,False,False,False,False,False
2019-07-15,3017.800048828125,3017.800048828125,3008.77001953125,3014.300048828125,2876100000,12.68000030517578,2.09,1.83,0.0001758691915574,0.2899999618530255,0.0234059688310914,0.2599999999999998,0.001764110426903604,0.0037628695768365116,0.004673854934654658,0.0046201745478848,0.0045106896075925,0.0015634406868671401,0.08999999999999989,0.022368920751501473,0.004345227151398474,False,False,False,False,False
2019-07-16,3012.1298828125,3015.02001953125,3001.14990234375,3004.0400390625,3297030000,12.859999656677246,2.13,1.87,-0.0034037785221858,0.1799993515014666,0.0141955321111462,0.2599999999999998,0.0030040629012354496,0.0036909288151023355,0.004754528853790249,0.0001758691915574,0.0022852267383599,0.00256570341014692,0.10999999999999988,0.038632247878524734,0.005449199767555718,False,False,False,False,False
2019-07-17,3005.10009765625,3005.260009765625,2984.25,2984.419921875,3185650000,13.970000267028809,2.06,1.83,-0.0065312435694508,1.1100006103515625,0.0863142021761425,0.2299999999999999,0.00398028328660328,0.004320711225063236,0.00508170960443818,-0.0034037785221858,0.0046201745478848,0.00163763631264176,-0.019999999999999796,0.05560455857669813,0.004475407880617905,False,False,False,False,False
2019-07-18,2978.8701171875,2998.280029296875,2973.090087890625,2995.110107421875,3369820000,13.529999732971191,2.04,1.77,0.0035819977840647,-0.4400005340576172,-0.0314961006189872,0.27,0.00419441686159548,0.0037707851899863106,0.004770616813678402,-0.0065312435694508,0.0001758691915574,-0.0005707503227668998,-0.009999999999999787,0.05675045901735671,0.00531040176856914,False,False,False,False,False
2019-07-19,3004.260009765625,3006.02001953125,2975.860107421875,2976.610107421875,3285890000,14.449999809265137,2.05,1.8,-0.0061767345227666,0.9200000762939452,0.0679970505876657,0.2499999999999997,0.003866078644116456,0.004183581920210096,0.005005874130807252,0.0035819977840647,-0.0034037785221858,-0.0003113961136259399,-0.030000000000000332,0.05586483567008681,0.0045772836745152385,False,False,False,False,False
2019-07-22,2981.929931640625,2990.7099609375,2976.64990234375,2985.030029296875,3016200000,13.529999732971191,2.05,1.8,0.0028286949150666,-0.9200000762939452,-0.0636678261894546,0.2499999999999997,0.004345227151398411,0.004009035106209346,0.004646214234439551,-0.0061767345227666,-0.0065312435694508,-0.0024707779277562195,-0.010000000000000092,0.058790922198119676,0.004994676247701351,False,False,False,False,False
2019-07-23,2994.739990234375,3005.89990234375,2988.56005859375,3005.469970703125,3333810000,12.609999656677246,2.08,1.83,0.0068474826737554,-0.9200000762939452,-0.0679970505876657,0.25,0.005449199767555668,0.004465699726768217,0.004817173991993308,0.0028286949150666,0.0035819977840647,-0.0019402127830543798,-0.009999999999999787,0.06871440719804271,0.004735807875224,False,False,False,False,False
2019-07-24,2998.77001953125,3019.590087890625,2996.820068359375,3019.56005859375,3433220000,12.06999969482422,2.05,1.83,0.0046881479528901,-0.5399999618530256,-0.0428231543659943,0.2199999999999997,0.004475407880617844,0.004480444868450529,0.004844614677160688,0.0068474826737554,-0.0061767345227666,0.00011003945613386035,-0.010000000000000203,0.05401817175327129,0.005940713395202448,False,False,False,False,False
2019-07-25,3016.260009765625,3016.31005859375,2997.239990234375,3003.669921875,3657050000,12.739999771118164,2.08,1.86,-0.0052624012804535,0.6700000762939435,0.0555095354792136,0.2199999999999999,0.00531040176856909,0.004806001288265046,0.004468910711600509,0.0046881479528901,0.0028286949150666,0.00235391776060204,-0.05000000000000013,0.0676545173161157,0.006443472372663442,False,False,False,False,False
2019-07-26,3013.25,3027.97998046875,3012.590087890625,3025.860107421875,3260170000,12.15999984741211,2.08,1.86,0.0073876910992347,-0.5799999237060547,-0.0455258974981244,0.2199999999999999,0.0045772836745151795,0.005125282701097619,0.004602209605369801,-0.0052624012804535,0.0068474826737554,0.0005850379476984004,-0.029999999999999805,0.05565976878366652,0.0036072063772571174,False,False,False,False,False
2019-07-29,3024.469970703125,3025.610107421875,3014.300048828125,3020.969970703125,3224490000,12.829999923706056,2.06,1.85,-0.0016161146071345,0.6700000762939471,0.0550986911760971,0.2099999999999999,0.004994676247701296,0.005161658979600555,0.004634542105986554,0.0073876910992347,0.0046881479528901,0.0032979230720986603,-0.039999999999999786,0.06408169587694408,0.009351674249442759,False,False,False,False,False
2019-07-30,3007.659912109375,3017.18994140625,3000.93994140625,3013.179931640625,3632770000,13.9399995803833,2.06,1.85,-0.0025786549148275,1.1099996566772443,0.0865159519312461,0.2099999999999999,0.0047358078752239435,0.005109169491255807,0.004614168209096206,-0.0016161146071345,-0.0052624012804535,0.0024089611676584403,-0.04000000000000009,0.0660171597933977,0.01358485293120529,False,False,False,False,False
2019-07-31,3016.219970703125,3017.39990234375,2958.080078125,2980.3798828125,4626330000,16.1200008392334,2.02,1.89,-0.0108855261126957,2.1800012588500977,0.1563846000338369,0.1300000000000001,0.005940713395202401,0.00581151713940518,0.005038650592751248,-0.0025786549148275,0.0073876910992347,0.0005237336499418607,-0.08999999999999961,0.0957643049163078,0.014017310173361787,False,False,False,False,False
2019-08-01,2980.320068359375,3013.590087890625,2945.22998046875,2953.56005859375,4793810000,17.8700008392334,1.9,1.73,-0.008998793869673,1.75,0.1085607883928139,0.1699999999999999,0.0064434723726634,0.0062215317152933694,0.005368407967906355,-0.0108855261126957,-0.0016161146071345,-0.0025910011631752996,-0.04999999999999999,0.11514485670707217,0.01707475232331337,False,False,False,False,False
2019-08-02,2943.89990234375,2945.5,2914.110107421875,2932.050048828125,3882810000,17.610000610351562,1.86,1.72,-0.0072827399270378,-0.2600002288818359,-0.0145495364673406,0.1400000000000001,0.003607206377257042,0.006315009068025166,0.005254580220343131,-0.008998793869673,-0.0025786549148275,-0.0033382796810192,-0.0799999999999998,0.06352290650516056,0.0170269852532267,False,False,False,False,False
2019-08-05,2898.070068359375,2898.070068359375,2822.1201171875,2844.739990234375,4542850000,24.59000015258789,1.75,1.59,-0.0297778200029859,6.979999542236328,0.3963656615737607,0.1599999999999999,0.00935167424944273,0.01036438975047105,0.00807555278579055,-0.0072827399270378,-0.0108855261126957,-0.0062723658862737,-0.05000000000000002,0.22995767122074898,0.011666121893355495,False,False,True,False,True
2019-08-06,2861.179931640625,2884.39990234375,2847.419921875,2881.77001953125,4156640000,20.170000076293945,1.73,1.6,0.0130170171699326,-4.420000076293945,-0.1797478669730214,0.1299999999999999,0.013584852931205267,0.011187218071120492,0.008685014715080501,-0.0297778200029859,-0.008998793869673,-0.01190470696544398,-0.08000000000000002,0.27400648465885225,0.012063239203418737,False,False,False,True,False
2019-08-07,2858.64990234375,2892.169921875,2825.7099609375,2883.97998046875,4512720000,19.489999771118164,1.71,1.59,0.0007668762331907,-0.6800003051757812,-0.033713450798396,0.1199999999999998,0.014017310173361767,0.010937153638956186,0.008678561394808023,0.0130170171699326,-0.0072827399270378,-0.00878557254849196,-0.010000000000000286,0.27319737207051314,0.01785199204732914,False,False,False,True,False
2019-08-08,2896.2099609375,2938.719970703125,2894.469970703125,2938.090087890625,4118530000,16.90999984741211,1.72,1.62,0.0187623034099841,-2.5799999237060547,-0.1323755748591287,0.0999999999999998,0.017074752323313354,0.012962081370057124,0.009628428241043704,0.0007668762331907,-0.0297778200029859,-0.006455092079314678,-0.0700000000000001,0.2887340591818284,0.014838824905398826,False,False,False,True,False
2019-08-09,2930.510009765625,2935.75,2900.14990234375,2918.64990234375,3356850000,17.969999313354492,1.74,1.63,-0.0066166063549235,1.0599994659423828,0.0626847708756546,0.1100000000000001,0.017026985253226684,0.012610910518992779,0.009677519970000078,0.0187623034099841,0.0130170171699326,-0.0009028726233832586,-0.03,0.3059749133089806,0.016938415237058926,False,False,False,True,False
2019-08-12,2907.070068359375,2907.580078125,2873.139892578125,2882.699951171875,3328570000,21.09000015258789,1.65,1.58,-0.0123173221779722,3.1200008392333984,0.1736227578436664,0.0699999999999998,0.011666121893355473,0.012855526539619046,0.009857988534186771,-0.0066166063549235,0.0007668762331907,-0.000769645908960399,-0.0900000000000001,0.24603851251097586,0.01675562257717058,False,False,False,True,False
2019-08-13,2880.719970703125,2943.31005859375,2877.050048828125,2926.320068359375,3857190000,17.520000457763672,1.68,1.66,0.0151316883221812,-3.5699996948242188,-0.1692745220007101,0.02,0.012063239203418712,0.01416410741437583,0.010512736029068543,-0.0123173221779722,0.0187623034099841,0.002722453656042341,-0.10999999999999989,0.2113479563660085,0.015924579244533596,False,False,False,True,False
2019-08-14,2894.14990234375,2894.14990234375,2839.639892578125,2840.60009765625,4325150000,22.100000381469727,1.59,1.58,-0.0292927529117426,4.579999923706055,0.2614155139291969,0.01,0.017851992047329127,0.016149573755219967,0.012081709212089417,0.0151316883221812,-0.0066166063549235,0.0031453878864920607,-0.1099999999999998,0.39452903105596826,0.007991997128922087,False,False,False,True,True
2019-08-15,2846.199951171875,2856.669921875,2825.510009765625,2847.60009765625,4041720000,21.18000030517578,1.52,1.48,0.002464268027652,-0.9200000762939452,-0.0416289620096722,0.04,0.01483882490539881,0.01620770154486413,0.01209373061965983,-0.0292927529117426,-0.0123173221779722,-0.0028665379424945995,-0.0599999999999998,0.3142863160247968,0.008326164490433873,False,False,False,True,False
2019-08-16,2864.739990234375,2893.6298828125,2864.739990234375,2888.679931640625,3524080000,18.46999931335449,1.55,1.48,0.0144261246578079,-2.7100009918212926,-0.127950942057307,0.07,0.016938415237058912,0.016992454729901386,0.012550701452139339,0.002464268027652,0.0151316883221812,-0.006126145018961019,-0.04000000000000009,0.31285251779779133,0.013501051659207458,False,False,False,True,False
2019-08-19,2913.47998046875,2931.0,2913.47998046875,2923.64990234375,3221050000,16.8799991607666,1.6,1.53,0.0121058654924306,-1.590000152587887,-0.0860855555873387,0.07,0.016755622577170563,0.014437437426797765,0.012836797787249271,0.0144261246578079,-0.0292927529117426,-0.0019175988164147396,2.0816681711721685e-16,0.28283489504076104,0.01325835006282784,False,False,False,True,False
2019-08-20,2919.010009765625,2923.6298828125,2899.60009765625,2900.510009765625,3067710000,17.5,1.55,1.5,-0.0079147276011313,0.6200008392333984,0.0367299093636472,0.05,0.015924579244533582,0.014327851827305012,0.012897061093719768,0.0121058654924306,0.002464268027652,0.00296703871766582,0.030000000000000002,0.2786801367793377,0.013043198149121525,False,False,False,True,False
2019-08-21,2922.0400390625,2928.72998046875,2917.909912109375,2924.429931640625,3016540000,15.800000190734863,1.59,1.56,0.0082467985955796,-1.6999998092651367,-0.097142846243722,0.03,0.007991997128922058,0.014503298410496142,0.012942431786804648,-0.0079147276011313,0.0144261246578079,-0.0016422444669966798,0.019999999999999997,0.126273556161321,0.012788938737255198,False,False,False,False,False
2019-08-22,2930.93994140625,2939.080078125,2904.510009765625,2922.949951171875,2893660000,16.68000030517578,1.62,1.61,-0.0005060748601761,0.880000114440918,0.0556962091023867,0.01,0.008326164490433843,0.013312963685602577,0.012876690531835138,0.0082467985955796,0.0121058654924306,0.00586566583446776,-0.03,0.13888042624138025,0.014196352248971257,False,False,False,False,False
2019-08-23,2911.070068359375,2927.010009765625,2834.969970703125,2847.110107421875,3942520000,19.8700008392334,1.52,1.51,-0.0259463367546181,3.190000534057617,0.1912470309168858,0.01,0.01350105165920744,0.015322861699705486,0.013881441492931952,-0.0005060748601761,-0.0079147276011313,0.00527159725690214,-0.060000000000000005,0.2682659077989853,0.006035667115696853,False,False,False,True,True
2019-08-26,2866.699951171875,2879.27001953125,2856.0,2878.3798828125,2859790000,19.31999969482422,1.54,1.54,0.0109829877352163,-0.5500011444091797,-0.027679975902326,0.0,0.013258350062827823,0.015402951100018925,0.014023150285194961,-0.0259463367546181,0.0082467985955796,-0.0028028950255830605,-0.07,0.2561513191677062,0.006971060468436759,False,False,False,True,False
2019-08-27,2893.139892578125,2898.7900390625,2860.590087890625,2869.159912109375,3537490000,20.309999465942383,1.49,1.53,-0.0032031806358082,0.989999771118164,0.0512422249873731,-0.04,0.013043198149121506,0.014557048630848234,0.014023658285871125,0.0109829877352163,-0.0005060748601761,-0.00302747057702592,-0.09,0.26490734744283845,0.007154125786645117,False,False,False,True,False
2019-08-28,2861.280029296875,2890.030029296875,2853.050048828125,2887.93994140625,3102480000,19.350000381469727,1.47,1.5,0.0065454801656796,-0.9599990844726562,-0.0472673121475196,-0.03,0.012788938737255178,0.011441155201034876,0.014150708733687865,-0.0032031806358082,-0.0259463367546181,-0.0020851611839613,-0.06,0.24746596944448065,0.007904095254769953,False,False,False,True,False
2019-08-29,2910.3701171875,2930.5,2905.669921875,2924.580078125,3177150000,17.8799991607666,1.5,1.53,0.0126872917935088,-1.470001220703125,-0.0759690538358258,-0.03,0.014196352248971244,0.011909132600029468,0.014328731340754016,0.0065454801656796,0.0109829877352163,-0.0024254248699412994,-0.04,0.2538307662975529,0.00730958443194081,False,False,False,True,False
2019-08-30,2937.090087890625,2940.429931640625,2913.320068359375,2926.4599609375,3009910000,18.979999542236328,1.5,1.5,0.0006427872591217,1.1000003814697266,0.06152127701904,0.0,0.006035667115696812,0.01125689093751418,0.014212543661725308,0.0126872917935088,-0.0032031806358082,0.00021324846079568,-0.01,0.11455695909301636,0.007376873803922998,False,False,False,False,False
2019-09-03,2909.010009765625,2914.389892578125,2891.85009765625,2906.27001953125,3427830000,19.65999984741211,1.47,1.47,-0.0068991005090608,0.6800003051757812,0.0358272034550144,0.0,0.006971060468436725,0.010880954028442793,0.014203847960642425,0.0006427872591217,0.0065454801656796,0.00553107326354364,0.0,0.1370510477457666,0.005706836504384109,False,False,False,False,False
2019-09-04,2924.669921875,2938.840087890625,2921.860107421875,2937.780029296875,3167900000,17.329999923706055,1.47,1.43,0.010842079212828,-2.3299999237060547,-0.1185147478021347,0.04,0.007154125786645083,0.011062550235628566,0.012752021098713005,-0.0068991005090608,0.0126872917935088,0.00195465561468822,0.08,0.12398099933674281,0.005119732691980349,False,False,False,False,False
2019-09-05,2960.60009765625,2985.860107421875,2960.60009765625,2976.0,3902600000,16.270000457763672,1.57,1.55,0.0130098136422667,-1.0599994659423828,-0.0611655782232514,0.02,0.007904095254769922,0.011445606812425464,0.01275171449023602,0.010842079212828,0.0006427872591217,0.0047637075844154594,0.05,0.1285996334133143,0.002690629312934364,False,False,False,False,False
2019-09-06,2980.330078125,2985.030029296875,2972.510009765625,2978.7099609375,3209340000,15.0,1.55,1.53,0.0009106051537297,-1.270000457763672,-0.07805780098535,0.02,0.007309584431940778,0.011424742307841178,0.012751295921161587,0.0130098136422667,-0.0068991005090608,0.0060565742797328796,0.05,0.10964376647911167,0.002922822358440538,False,False,False,False,False
2019-09-09,2988.429931640625,2989.429931640625,2969.389892578125,2978.429931640625,4031120000,15.270000457763672,1.63,1.58,-9.401025965849465e-05,0.2700004577636719,0.018000030517578,0.0499999999999998,0.007376873803922966,0.006811835152767939,0.012163038704001499,0.0009106051537297,0.010842079212828,0.00370123695177706,0.0499999999999998,0.11264486636276853,0.0035322061873912943,False,False,False,False,False
2019-09-10,2971.010009765625,2979.389892578125,2957.010009765625,2979.389892578125,4393040000,15.199999809265137,1.72,1.67,0.0003223043548219,-0.0700006484985351,-0.004584194263265,0.05,0.005706836504384068,0.006549622951276307,0.012052884825200401,-9.401025965849465e-05,0.0130098136422667,0.003553877448021021,0.05,0.08674391377814515,0.0035209115111555682,False,False,False,False,False
2019-09-11,2981.409912109375,3000.929931640625,2975.31005859375,3000.929931640625,3934370000,14.609999656677246,1.75,1.68,0.0072296811894803,-0.5900001525878906,-0.0388157999994352,0.07,0.005119732691980303,0.006225442339617774,0.011734858966025455,0.0003223043548219,0.0009106051537297,0.004998158420797561,0.030000000000000006,0.0747992928721115,0.0022214217138827714,False,False,False,False,False
2019-09-12,3009.080078125,3020.739990234375,3000.919921875,3009.570068359375,3796990000,14.220000267028809,1.79,1.72,0.002879153101061,-0.3899993896484375,-0.026694004025537,0.07,0.002690629312934276,0.0062032627448181075,0.011365503803538,0.0072296811894803,-9.401025965849465e-05,0.004275678816128021,0.05,0.038260749548400946,0.0018424062486518177,False,False,False,False,False
2019-09-13,3012.2099609375,3017.330078125,3002.89990234375,3007.389892578125,3557010000,13.739999771118164,1.9,1.79,-0.0007244143620946,-0.4800004959106445,-0.0337553085018991,0.1099999999999998,0.0029228223584404564,0.005637144292150747,0.009092555081575958,0.002879153101061,0.0003223043548219,0.002249546707886881,0.0899999999999998,0.04015957853599093,0.0026610848214174963,False,False,False,False,False
2019-09-16,2996.409912109375,3002.18994140625,2990.669921875,2997.9599609375,4285860000,14.670000076293944,1.84,1.74,-0.0031355866640028,0.9300003051757796,0.0676856128579175,0.1,0.003532206187391227,0.005890787874328164,0.009179086534872247,-0.0007244143620946,0.0072296811894803,0.001922542804722021,0.050000000000000204,0.05181746503851524,0.0024462383696839418,False,False,False,False,False
2019-09-17,2995.669921875,3006.2099609375,2993.72998046875,3005.699951171875,3673250000,14.4399995803833,1.81,1.72,0.0025817523700197,-0.2300004959106427,-0.0156782886649273,0.09,0.003520911511155501,0.005009383505977161,0.008784070329692261,-0.0031355866640028,0.002879153101061,0.00131422752385316,0.039999999999999994,0.050841960743652166,0.0034896548016453074,False,False,False,False,False
2019-09-18,3001.5,3007.830078125,2978.570068359375,3006.72998046875,3458800000,13.949999809265137,1.8,1.77,0.0003426919897555,-0.489999771118164,-0.0339335031410823,0.03,0.002221421713882664,0.004398897842584267,0.008487461437594188,0.0025817523700197,-0.0007244143620946,0.0017661171268927196,-0.04000000000000001,0.030988832484960593,0.004945386165723731,False,False,False,False,False
2019-09-19,3010.360107421875,3021.989990234375,3003.159912109375,3006.7900390625,3265660000,14.050000190734863,1.79,1.74,1.997472142156731e-05,0.1000003814697265,0.007168486224875,0.05,0.0018424062486516878,0.002606997483324677,0.0082386218743618,0.0003426919897555,-0.0031355866640028,0.00038871928694775965,-0.020000000000000004,0.025885808144967316,0.004896968867980159,False,False,False,False,False
2019-09-20,3008.419921875,3016.3701171875,2984.679931640625,2992.070068359375,6103440000,15.31999969482422,1.74,1.69,-0.004895576515783,1.2699995040893572,0.090391422551499,0.05,0.0026610848214174065,0.0031579854612952553,0.008220427463568708,1.997472142156731e-05,0.0025817523700197,-0.0001831163889801269,-0.059999999999999803,0.040767818652016036,0.004950432903409456,False,False,False,False,False
2019-09-23,2983.5,2999.14990234375,2982.22998046875,2991.780029296875,3187250000,14.90999984741211,1.72,1.68,-9.693591923765066e-05,-0.4099998474121111,-0.0267623926618371,0.04,0.0024462383696838438,0.0031580362223151315,0.008217026474366815,-0.004895576515783,0.0003426919897555,-0.0010173488197178068,-0.060000000000000005,0.03647341371871976,0.00571827882599223,False,False,False,False,False
2019-09-24,3002.429931640625,3007.97998046875,2957.72998046875,2966.60009765625,3872800000,17.049999237060547,1.64,1.6,-0.0084163713221064,2.139999389648437,0.1435277942018136,0.0399999999999998,0.003489654801645239,0.004131972798457726,0.006019130892635797,-9.693591923765066e-05,1.997472142156731e-05,-0.000409618670764777,-0.0500000000000002,0.059498611705656,0.006817011390090607,False,False,False,False,False
2019-09-25,2968.35009765625,2989.820068359375,2952.860107421875,2984.8701171875,3331200000,15.960000038146973,1.73,1.68,0.0061585717420034,-1.0899991989135742,-0.0639295746444557,0.05,0.004945386165723683,0.0039417496090009465,0.005757416308676385,-0.0084163713221064,-0.004895576515783,-0.002609243409189997,0.020000000000000004,0.07892836339360149,0.007930801406352092,False,False,False,False,False
2019-09-26,2985.72998046875,2987.280029296875,2963.7099609375,2977.6201171875,3084910000,16.06999969482422,1.7,1.66,-0.0024289164068657,0.1099996566772461,0.0068922090485168,0.04,0.0048969688679801095,0.0038020254385357634,0.0057279958292435745,0.0061585717420034,-9.693591923765066e-05,-0.0014460674587404168,-0.010000000000000002,0.07869428821400407,0.009871268309115415,False,False,False,False,False
2019-09-27,2985.469970703125,2987.31005859375,2945.530029296875,2961.7900390625,3246480000,17.219999313354492,1.69,1.63,-0.0053163524902405,1.1499996185302734,0.0715618942357954,0.06,0.0049504329034094074,0.004005671849653895,0.005814887877544905,-0.0024289164068657,-0.0084163713221064,-0.0019358456843978702,0.009999999999999995,0.08524645119751748,0.012330701389839617,False,False,False,False,False
2019-09-30,2967.070068359375,2983.85009765625,2967.070068359375,2976.739990234375,3249130000,16.239999771118164,1.68,1.63,0.0050476066752547,-0.979999542236328,-0.0569105447917362,0.05,0.005718278825992188,0.004407485151362902,0.005302485723432519,-0.0053163524902405,0.0061585717420034,-0.0020200008792893706,0.010000000000000002,0.09286484682530298,0.012045856567530166,False,False,False,False,False
2019-10-01,2983.68994140625,2992.530029296875,2938.699951171875,2940.25,3560750000,18.559999465942383,1.65,1.56,-0.0122583733729132,2.3199996948242188,0.1428571260789175,0.0899999999999998,0.006817011390090572,0.0054318676806971306,0.0059939004134646374,0.0050476066752547,-0.0024289164068657,-0.0009910923603909003,0.05,0.12652372775940415,0.012639271082000931,False,False,False,False,False
2019-10-02,2924.780029296875,2924.780029296875,2874.929931640625,2887.610107421875,3914180000,20.559999465942383,1.6,1.48,-0.0179032029855029,2.0,0.1077586237903724,0.1200000000000001,0.00793080140635206,0.007088415439936438,0.00699301348601479,-0.0122583733729132,-0.0053163524902405,-0.00175949277055226,0.0700000000000001,0.16305727267909348,0.010820593477592599,False,False,False,False,False
2019-10-03,2885.3798828125,2911.1298828125,2855.93994140625,2910.6298828125,3515130000,19.1200008392334,1.54,1.39,0.0079719125970152,-1.4399986267089844,-0.070038845530825,0.1500000000000001,0.009871268309115392,0.007895834077032378,0.006799634750256174,-0.0179032029855029,0.0050476066752547,-0.006571847716053521,0.1100000000000001,0.18873865835458434,0.010672930201028214,False,False,False,False,False
2019-10-04,2918.56005859375,2953.739990234375,2918.56005859375,2952.010009765625,3005600000,17.040000915527344,1.52,1.4,0.0142168975854601,-2.0799999237060547,-0.1087866021134259,0.1200000000000001,0.012330701389839598,0.00942291225370682,0.006916999018483645,0.0079719125970152,-0.0122583733729132,-0.00449168191527734,0.06000000000000011,0.21011516297196103,0.00997662233242327,False,False,False,True,False
2019-10-07,2944.22998046875,2959.75,2935.679931640625,2938.7900390625,2959050000,17.860000610351562,1.56,1.46,-0.0044782946735923,0.8199996948242188,0.0481220452328152,0.1,0.012045856567530147,0.009458463228213717,0.006964846274528291,0.0142168975854601,-0.0179032029855029,-0.0005850319001372204,0.05,0.2151390056482958,0.009692106723511722,False,False,False,True,False
2019-10-08,2920.39990234375,2925.469970703125,2892.659912109375,2893.06005859375,3370700000,20.280000686645508,1.54,1.42,-0.0155608192014078,2.4200000762939453,0.135498319909985,0.1200000000000001,0.012639271082000914,0.010178176369386342,0.007654171777335618,-0.0044782946735923,0.0079719125970152,-0.002490212169906621,0.030000000000000304,0.2563244262216772,0.004457924987449574,False,False,False,True,False
2019-10-09,2911.10009765625,2929.320068359375,2907.409912109375,2919.39990234375,2735350000,18.63999938964844,1.59,1.47,0.0091044925499415,-1.6400012969970668,-0.0808679113150631,0.1200000000000001,0.01082059347759258,0.010461900968760715,0.007967849785791032,-0.0155608192014078,0.0142168975854601,-0.003150701335605541,0.0,0.2016958558179596,0.005502573468609507,False,False,False,True,False
2019-10-10,2918.550048828125,2948.4599609375,2917.1201171875,2938.1298828125,3234400000,17.56999969482422,1.67,1.53,0.006415695380997,-1.0699996948242223,-0.0574034189839317,0.1399999999999999,0.010672930201028191,0.010771119583567839,0.007929920090178231,0.0091044925499415,-0.0044782946735923,0.0022508377714833398,-0.010000000000000203,0.1875233803749455,0.005479981236989222,False,False,False,True,False
2019-10-11,2963.070068359375,2993.280029296875,2963.070068359375,2970.27001953125,3581320000,15.579999923706056,1.76,1.63,0.0109389775131329,-1.9899997711181625,-0.1132612296916759,0.1300000000000001,0.009976622332423248,0.011254462433363175,0.00829386497336847,0.006415695380997,-0.0155608192014078,0.0019395943282796996,0.009999999999999981,0.15543577517799834,0.004943141416195908,False,False,False,False,False
2019-10-14,2965.81005859375,2972.840087890625,2962.93994140625,2966.14990234375,2559270000,14.56999969482422,1.76,1.63,-0.001387118733451,-1.010000228881836,-0.0648267159067856,0.1300000000000001,0.0096921067235117,0.011150929005793753,0.00829557219793113,0.0109389775131329,0.0091044925499415,0.0012840103138142597,0.030000000000000082,0.14121399200376925,0.005214340562997757,False,False,False,False,False
2019-10-15,2973.610107421875,3003.280029296875,2973.610107421875,2995.679931640625,3345090000,13.539999961853027,1.77,1.61,0.0099556766411372,-1.0299997329711932,-0.0706931883695979,0.1599999999999999,0.004457924987449524,0.010751719284486361,0.008570648031282718,-0.001387118733451,0.006415695380997,0.0019022455018425197,0.039999999999999786,0.06036030416001022,0.004169960334205092,False,False,False,False,False
2019-10-16,2989.679931640625,2997.5400390625,2985.199951171875,2989.68994140625,3230320000,13.68000030517578,1.75,1.58,-0.0019995427986508,0.1400003433227521,0.0103397595064389,0.1699999999999999,0.0055025734686094665,0.008676804773557124,0.00856047063564695,0.0099556766411372,0.0109389775131329,0.00700554467035152,0.049999999999999795,0.07527520672982965,0.004148929209461007,False,False,False,False,False
2019-10-17,3000.77001953125,3008.2900390625,2991.7900390625,2997.949951171875,3103470000,13.789999961853027,1.76,1.6,0.002762831573678,0.1099996566772478,0.0080409103964442,0.1599999999999999,0.005479981236989182,0.008549191121285571,0.008583496922510935,-0.0019995427986508,-0.001387118733451,0.00478473760063306,0.01999999999999999,0.07556894104903612,0.004090565490749815,False,False,False,False,False
2019-10-18,2996.840087890625,3000.0,2976.31005859375,2986.199951171875,3268970000,14.25,1.76,1.58,-0.0039193449495069,0.4600000381469726,0.0333575082972776,0.1799999999999999,0.004943141416195864,0.00787362506593225,0.00862173475020406,0.002762831573678,0.0099556766411372,0.004054164839169259,0.04999999999999982,0.07043976518079106,0.003430570371509867,False,False,False,False,False
2019-10-21,2996.47998046875,3007.330078125,2995.35009765625,3006.719970703125,3271960000,14.0,1.8,1.62,0.0068716160561175,-0.25,-0.0175438596491228,0.1799999999999999,0.005214340562997716,0.007793343112770138,0.008686339115533445,-0.0039193449495069,-0.0019995427986508,0.0010825003466412996,0.04999999999999982,0.07300076788196802,0.0031212367043864857,False,False,False,False,False
2019-10-22,3010.72998046875,3014.570068359375,2995.0400390625,2995.989990234375,3527540000,14.460000038146973,1.78,1.6,-0.0035686663784125,0.4600000381469726,0.0328571455819266,0.1799999999999999,0.004169960334205039,0.005549554495678754,0.008724710334372839,0.0068716160561175,0.002762831573678,0.0027342473045549993,0.020000000000000018,0.06029762659167623,0.0021583357576147938,False,False,False,False,False
2019-10-23,2994.010009765625,3004.780029296875,2991.2099609375,3004.52001953125,3413600000,14.010000228881836,1.77,1.58,0.0028471487971184,-0.4499998092651367,-0.0311203186775926,0.1899999999999999,0.004148929209460954,0.005227757850255408,0.008528366864587593,-0.0035686663784125,-0.0039193449495069,2.9378700645059375e-05,0.01999999999999999,0.058126499174162495,0.002169291601220312,False,False,False,False,False
2019-10-24,3014.780029296875,3016.070068359375,3000.419921875,3010.2900390625,3696510000,13.710000038146973,1.77,1.58,0.0019204463587332,-0.3000001907348633,-0.0214132894956281,0.1899999999999999,0.00409056549074976,0.005097046505131018,0.008445161726209193,0.0028471487971184,0.0068716160561175,0.0009987170197988994,0.03,0.056081653034221905,0.00321760676493116,False,False,False,False,False
2019-10-25,3003.320068359375,3027.389892578125,3001.93994140625,3022.550048828125,3379060000,12.649999618530272,1.8,1.63,0.0040727005061091,-1.060000419616701,-0.0773158582543643,0.1700000000000001,0.0034305703715098034,0.004307523553290838,0.008453495622165474,0.0019204463587332,-0.0035686663784125,0.0008302399768099393,-0.009999999999999815,0.04339671389094026,0.00451775202778336,False,False,False,False,False
2019-10-28,3032.1201171875,3044.080078125,3032.1201171875,3039.419921875,3524970000,13.109999656677246,1.85,1.64,0.0055813378684714,0.4600000381469744,0.0363636404757787,0.2100000000000002,0.0031212367043864154,0.004306409114137678,0.008399534093652947,0.0040727005061091,0.0028471487971184,0.0024286490679331398,0.030000000000000276,0.04091941212291433,0.004356811540158688,False,False,False,False,False
2019-10-29,3035.389892578125,3047.8701171875,3034.81005859375,3036.889892578125,3594430000,13.199999809265137,1.84,1.64,-0.0008324053147991,0.0900001525878906,0.0068650003771777,0.2000000000000001,0.0021583357576146923,0.003581962428742844,0.00836682146246926,0.0055813378684714,0.0019204463587332,0.0021705934304039193,0.020000000000000184,0.028490031588844063,0.00441363576781572,False,False,False,False,False
2019-10-30,3039.739990234375,3050.10009765625,3025.9599609375,3046.77001953125,3779660000,12.329999923706056,1.78,1.61,0.0032533701591457,-0.8699998855590803,-0.0659090831916848,0.1699999999999999,0.0021692916012202115,0.0034307514423293044,0.007832409917704806,-0.0008324053147991,0.0040727005061091,0.0027178456431265997,-0.01999999999999999,0.026747365277541398,0.004442349994319108,False,False,False,False,False
2019-10-31,3046.89990234375,3046.89990234375,3023.18994140625,3037.56005859375,4149310000,13.220000267028809,1.69,1.52,-0.0030228605633046,0.8900003433227521,0.0721816990129584,0.1699999999999999,0.0032176067649310916,0.0037125533079572647,0.006600708800513857,0.0032533701591457,0.0055813378684714,0.0027990899155320593,-0.01999999999999999,0.04253676229158273,0.003679085873342338,False,False,False,False,False
2019-11-01,3050.719970703125,3066.949951171875,3050.719970703125,3066.909912109375,3956290000,12.300000190734863,1.73,1.56,0.009662312168146,-0.9200000762939452,-0.0695915323533283,0.1699999999999999,0.004517752027783311,0.004018939375051861,0.006677594391196016,-0.0030228605633046,-0.0008324053147991,0.0018104285311244996,-1.942890293094024e-16,0.05556835080342754,0.0017401423444168558,False,False,False,False,False
2019-11-04,3078.9599609375,3085.199951171875,3074.8701171875,3078.27001953125,4178040000,12.829999923706056,1.79,1.6,0.0037040890497046,0.5299997329711932,0.0430894085164668,0.1899999999999999,0.004356811540158638,0.003794535870057156,0.006155260187574214,0.009662312168146,0.0032533701591457,0.0029283508635318794,-0.020000000000000295,0.05589789172783699,0.001904847675411119,False,False,False,False,False
2019-11-05,3080.800048828125,3083.949951171875,3072.14990234375,3074.6201171875,4490590000,13.100000381469728,1.86,1.63,-0.0011856992143612,0.2700004577636719,0.0210444629282335,0.2300000000000002,0.0044136357678156695,0.0034760860458644257,0.006028484203194311,0.0037040890497046,-0.0030228605633046,0.0025529010997785194,0.03000000000000011,0.057818630242053706,0.0017053781409202588,False,False,False,False,False
2019-11-06,3075.10009765625,3078.340087890625,3065.889892578125,3076.780029296875,4465510000,12.619999885559082,1.81,1.61,0.0007024972279667,-0.4800004959106463,-0.0366412581628332,0.1999999999999999,0.004442349994319059,0.0035201052802317522,0.004568542184727151,-0.0011856992143612,0.009662312168146,0.0024822423198660993,0.03,0.056062456419919915,0.0017049403840787632,False,False,False,False,False
2019-11-07,3087.02001953125,3097.77001953125,3080.22998046875,3085.179931640625,4151990000,12.729999542236328,1.92,1.68,0.0027300951851503,0.1099996566772461,0.0087162961707405,0.24,0.0036790858733422786,0.0035177862645256993,0.004356138679973278,0.0007024972279667,0.0037040890497046,0.0019720677336302994,0.07000000000000009,0.04683476148349535,0.0015038905058708412,False,False,False,False,False
2019-11-08,3081.25,3093.090087890625,3073.580078125,3093.080078125,3508160000,12.06999969482422,1.94,1.68,0.0025606760900243,-0.6599998474121076,-0.0518460228708038,0.26,0.0017401423444167296,0.0034777679837541854,0.004273733493826286,0.0027300951851503,-0.0011856992143612,0.0031226588833212793,0.09000000000000011,0.021003517566060628,0.0031961115620335843,False,False,False,False,False
2019-11-11,3080.330078125,3088.330078125,3075.820068359375,3087.010009765625,3041120000,12.6899995803833,1.94,1.68,-0.0019624672514313,0.6199998855590803,0.0513670175008327,0.26,0.001904847675411003,0.0035055771824078403,0.003923587266139737,0.0025606760900243,0.0007024972279667,0.0017023316676969395,0.07000000000000012,0.024172516201659736,0.002739966537921169,False,False,False,False,False
2019-11-12,3089.280029296875,3102.610107421875,3084.72998046875,3091.840087890625,3495560000,12.68000030517578,1.92,1.66,0.0015646460846321,-0.0099992752075213,-0.0007879649754266,0.26,0.0017053781409201295,0.0034144976310025218,0.003857595525564085,-0.0019624672514313,0.0027300951851503,0.0005690204074697593,0.029999999999999805,0.021624195347307345,0.0029755793202422354,False,False,False,False,False
2019-11-13,3084.179931640625,3098.06005859375,3078.800048828125,3094.0400390625,3513720000,13.0,1.88,1.63,0.0007115345908383,0.3199996948242205,0.0252365683850654,0.25,0.001704940384078634,0.0033914260308451575,0.0034263303843300283,0.0015646460846321,0.0025606760900243,0.0011190894672684195,0.0500000000000001,0.02216422499302224,0.0037480931616331275,False,False,False,False,False
2019-11-14,3090.75,3098.199951171875,3083.260009765625,3096.6298828125,3282090000,13.050000190734863,1.82,1.58,0.0008370427393644,0.0500001907348632,0.0038461685180664,0.24,0.0015038905058706946,0.0030520850230704452,0.003338707249447686,0.0007115345908383,-0.0019624672514313,0.0011208969398427394,0.0,0.019625771388456916,0.0038835791165668754,False,False,False,False,False
2019-11-15,3107.919921875,3120.4599609375,3104.60009765625,3120.4599609375,3359800000,12.050000190734863,1.84,1.61,0.0076954880069026,-1.0,-0.0766283513704445,0.2299999999999999,0.0031961115620335154,0.0025734668687759166,0.0035719550140592008,0.0008370427393644,0.0015646460846321,0.0007422864506855594,-0.03000000000000011,0.03851314493211376,0.0019915684002658543,False,False,False,False,False
2019-11-18,3117.909912109375,3124.169921875,3112.06005859375,3122.030029296875,3440140000,12.460000038146973,1.81,1.6,0.0005031528617669,0.4099998474121094,0.0340248830640976,0.2099999999999999,0.0027399665379210887,0.00250694859880548,0.003344895796573638,0.0076954880069026,0.0007115345908383,0.0017692488340612194,-0.0500000000000001,0.0341399831670182,0.0038792117043726865,False,False,False,False,False
2019-11-19,3127.449951171875,3127.639892578125,3113.469970703125,3120.179931640625,3613670000,12.859999656677246,1.79,1.6,-0.000592594446206,0.3999996185302734,0.0321026980181102,0.1899999999999999,0.0029755793202421617,0.0024510958396024027,0.0032158220479170034,0.0005031528617669,0.0008370427393644,0.0022623728567008595,-0.07000000000000012,0.03826594903673011,0.0038463744519722054,False,False,False,False,False
2019-11-20,3114.659912109375,3118.969970703125,3091.409912109375,3108.4599609375,4041010000,12.779999732971191,1.73,1.56,-0.0037561842457471,-0.0799999237060546,-0.0062208340467969,0.1699999999999999,0.003748093161633068,0.0029130622302580593,0.003230860353075112,-0.000592594446206,0.0076954880069026,0.0018309247505332396,-0.0800000000000001,0.04790062960482176,0.002965404234165005,False,False,False,False,False
2019-11-21,3108.489990234375,3110.110107421875,3094.550048828125,3103.5400390625,3744010000,13.130000114440918,1.77,1.6,-0.0015827522106851,0.3500003814697265,0.0273865718922323,0.1699999999999999,0.003883579116566818,0.002948355028289537,0.0032970386124493625,-0.0037561842457471,0.0005031528617669,0.0009373809832161597,-0.07000000000000009,0.05099139424496268,0.003753101494179632,False,False,False,False,False
2019-11-22,3111.409912109375,3112.8701171875,3099.260009765625,3110.2900390625,3235270000,12.34000015258789,1.77,1.61,0.0021749356911917,-0.7899999618530273,-0.0601675517873112,0.1599999999999999,0.0019915684002657424,0.002924852311445905,0.003298842627421468,-0.0015827522106851,-0.000592594446206,0.00045342199320625945,-0.07,0.024575954363168482,0.00581180017119145,False,False,False,False,False
2019-11-25,3117.43994140625,3133.830078125,3117.43994140625,3133.639892578125,3514310000,11.869999885559082,1.76,1.61,0.0075072913530158,-0.4700002670288086,-0.0380875414276427,0.1499999999999999,0.0038792117043726297,0.0034423193743232335,0.003498334444253881,0.0021749356911917,-0.0037561842457471,-0.0006506884699359207,-0.06,0.04604624248696257,0.0049711100802022415,False,False,False,False,False
2019-11-26,3134.85009765625,3142.68994140625,3131.0,3140.52001953125,4600450000,11.539999961853027,1.74,1.58,0.0021955703874654,-0.3299999237060547,-0.0278011732845532,0.1599999999999999,0.003846374451972148,0.0034485876104568664,0.003393401376225845,0.0075072913530158,-0.0015827522106851,0.0007501392283138593,-0.03,0.04438716102903105,0.0059436709373546425,False,False,False,False,False
2019-11-27,3145.489990234375,3154.260009765625,3143.409912109375,3153.6298828125,3035470000,11.75,1.77,1.63,0.0041744243627546,0.2100000381469726,0.0181975770226303,0.1400000000000001,0.002965404234164932,0.0035182237030797624,0.003392464603242404,0.0021955703874654,0.0021749356911917,0.0013077721950481393,-0.029999999999999805,0.03484349975143795,0.005488836165191303,False,False,False,False,False
2019-11-29,3147.179931640625,3150.300048828125,3139.340087890625,3140.97998046875,1743420000,12.619999885559082,1.78,1.61,-0.0040112197099262,0.869999885559082,0.0740425434518368,0.1699999999999999,0.003753101494179574,0.003941987881964994,0.0035915354074521426,0.0041744243627546,0.0075072913530158,0.0028938939167484795,0.0,0.04736414042703784,0.006981218156665748,False,False,False,False,False
2019-12-02,3143.85009765625,3144.31005859375,3110.780029296875,3113.8701171875,3285750000,14.90999984741211,1.83,1.61,-0.0086310207164084,2.289999961853028,0.1814580017923335,0.2199999999999999,0.005811800171191412,0.004367281558251874,0.0040888344638886675,-0.0040112197099262,0.0021955703874654,0.002408200416900259,0.06,0.08665393966565363,0.005822684561527924,False,False,False,False,False
2019-12-03,3087.409912109375,3094.969970703125,3070.330078125,3093.199951171875,3671580000,15.960000038146973,1.72,1.53,-0.0066380951156352,1.0500001907348633,0.070422548724379,0.1899999999999999,0.0049711100802021955,0.0047598330806184275,0.00395182129122429,-0.0086310207164084,0.0041744243627546,0.00024700913538023975,0.03999999999999998,0.07933891706965984,0.004574920792681052,False,False,False,False,False
2019-12-04,3103.5,3119.3798828125,3102.530029296875,3112.760009765625,3702980000,14.800000190734863,1.77,1.58,0.0063235674713946,-1.1599998474121094,-0.0726816945262859,0.1899999999999999,0.005943670937354606,0.00523529401729951,0.004092527620274729,-0.0066380951156352,-0.0040112197099262,-0.0025820681583499606,0.03,0.08796633100651344,0.00419848458821728,False,False,False,False,False
2019-12-05,3119.2099609375,3119.449951171875,3103.760009765625,3117.429931640625,3360480000,14.520000457763672,1.8,1.58,0.0015002511791302,-0.2799997329711914,-0.0189189006326147,0.2199999999999999,0.005488836165191263,0.005116838878377347,0.004078572477122238,0.0063235674713946,-0.0086310207164084,-0.0017564687415641204,0.0799999999999998,0.07969790363116694,0.004962546906864693,False,False,False,False,False
2019-12-06,3134.6201171875,3150.60009765625,3134.6201171875,3145.909912109375,3483310000,13.619999885559082,1.84,1.61,0.0091357243284573,-0.9000005722045898,-0.0619835085282913,0.2299999999999999,0.006981218156665718,0.005699380045554742,0.004459667662173386,0.0015002511791302,-0.0066380951156352,-0.002291303378289,0.06,0.09508419049485006,0.004063420125522359,False,False,False,False,False
2019-12-09,3141.860107421875,3148.8701171875,3135.4599609375,3135.9599609375,3400470000,15.859999656677246,1.83,1.63,-0.0031628213934464,2.239999771118164,0.1644640080719219,0.2000000000000001,0.0058226845615278865,0.0058473264369770135,0.004531118693928123,0.0091357243284573,0.0063235674713946,0.00033808542938769945,-0.019999999999999796,0.09234777514677218,0.0038024004988837113,False,False,False,False,False
2019-12-10,3135.360107421875,3142.1201171875,3126.090087890625,3132.52001953125,3346310000,15.68000030517578,1.85,1.65,-0.0010969340964486,-0.1799993515014666,-0.0113492657880156,0.2000000000000001,0.004574920792681006,0.005420304839213952,0.0045299270254702505,-0.0031628213934464,0.0015002511791302,0.0014317252939800994,0.010000000000000203,0.07173475942539319,0.003484347032197352,False,False,False,False,False
2019-12-11,3135.75,3143.97998046875,3133.2099609375,3141.6298828125,3257650000,14.989999771118164,1.79,1.61,0.0029081580403158,-0.6900005340576154,-0.0440051352441527,0.1799999999999999,0.004198484588217229,0.005453559652022243,0.004516753977110485,-0.0010969340964486,0.0091357243284573,0.0025399574978174195,-0.009999999999999981,0.0629352830164194,0.0038894932934615176,False,False,False,False,False
2019-12-12,3141.22998046875,3176.280029296875,3138.469970703125,3168.570068359375,4003200000,13.9399995803833,1.9,1.66,0.0085752257750861,-1.0500001907348633,-0.0700467115922136,0.24,0.00496254690686465,0.005925733972365319,0.00480728801455343,0.0029081580403158,-0.0031628213934464,0.0018568756116016595,0.0200000000000001,0.06917790179932568,0.0029815811447413357,False,False,False,False,False
2019-12-13,3166.64990234375,3182.679931640625,3156.510009765625,3168.800048828125,3757650000,12.630000114440918,1.82,1.61,7.258178414493166e-05,-1.3099994659423828,-0.0939741395534792,0.2099999999999999,0.004063420125522307,0.0057392197257101416,0.004812173502750646,0.0085752257750861,-0.0010969340964486,0.003271870530792839,-0.01999999999999999,0.05132099665036827,0.0028835347536833047,False,False,False,False,False
2019-12-16,3183.6298828125,3197.7099609375,3183.6298828125,3191.449951171875,4070200000,12.140000343322754,1.89,1.65,0.0071477852798336,-0.489999771118164,-0.0387964977575817,0.24,0.0038024004988836567,0.005027186025666513,0.004977507832282532,7.258178414493166e-05,0.0029081580403158,0.001459242021930366,0.0399999999999999,0.0461611433618982,0.0022220179551192443,False,False,False,False,False
2019-12-17,3195.39990234375,3198.219970703125,3191.030029296875,3192.52001953125,3842940000,12.289999961853027,1.89,1.63,0.0003352922263379,0.1499996185302734,0.0123558166629522,0.26,0.0034843470321972918,0.004115476748540071,0.004780609876268441,0.0071477852798336,0.0085752257750861,0.0035213633565863663,0.059999999999999915,0.042822624892787424,0.002311536037526912,False,False,False,False,False
2019-12-18,3195.2099609375,3198.47998046875,3191.139892578125,3191.139892578125,4029950000,12.579999923706056,1.92,1.63,-0.0004323001718647,0.2899999618530291,0.0235964168228772,0.29,0.0038894932934614625,0.004097454813903345,0.0047903042965197476,0.0003352922263379,7.258178414493166e-05,0.003807808621143666,0.11000000000000007,0.04892982533500042,0.0022448517014311943,False,False,False,False,False
2019-12-19,3192.320068359375,3205.47998046875,3192.320068359375,3205.3701171875,3784360000,12.5,1.92,1.62,0.0044592920048636,-0.0799999237060564,-0.0063592944508134,0.2999999999999998,0.0029815811447412646,0.004121470336892383,0.004828243043867756,-0.0004323001718647,0.0071477852798336,0.003139716978707566,0.05999999999999983,0.037269764309265804,0.0023793722101670346,False,False,False,False,False
2019-12-20,3223.330078125,3225.64990234375,3216.030029296875,3221.219970703125,6457480000,12.510000228881836,1.92,1.63,0.0049447810817966,0.0100002288818359,0.0008000183105467,0.29,0.0028835347536832314,0.0036403138353197453,0.004749680575020103,0.0044592920048636,0.0003352922263379,0.0023165302246630657,0.08000000000000007,0.03607302042856595,0.0034786497392721963,False,False,False,False,False
2019-12-23,3226.050048828125,3227.780029296875,3222.300048828125,3224.010009765625,3064530000,12.609999656677246,1.93,1.64,0.0008661436002121,0.0999994277954101,0.0079935592298825,0.29,0.002222017955119148,0.003201623331772675,0.004697189996393237,0.0049447810817966,-0.0004323001718647,0.0032909700841933995,0.04999999999999999,0.028019645651183134,0.00367492581349375,False,False,False,False,False
2019-12-24,3225.449951171875,3226.429931640625,3220.510009765625,3223.3798828125,1296530000,12.670000076293944,1.9,1.62,-0.0001954481999796,0.0600004196166974,0.0047581618755181,0.2799999999999998,0.0023115360375268196,0.003102401122478284,0.004715895128956435,0.0008661436002121,0.0044592920048636,0.0020346417482690997,0.019999999999999796,0.029287161771821005,0.004809910413636066,False,False,False,False,False
2019-12-26,3227.199951171875,3240.080078125,3227.199951171875,3239.909912109375,2164540000,12.649999618530272,1.9,1.64,0.0051281666753011,-0.0200004577636718,-0.0015785680854961,0.26,0.0022448517014311,0.0031758802413208572,0.0046025573110377825,-0.0001954481999796,0.0049447810817966,0.0019284936630056,-0.02999999999999997,0.028397373166760442,0.005686915111791941,False,False,False,False,False
2019-12-27,3247.22998046875,3247.929931640625,3234.3701171875,3240.02001953125,2429150000,13.43000030517578,1.88,1.59,3.398471712534601e-05,0.7800006866455078,0.0616601351910659,0.2899999999999998,0.002379372210166945,0.0026985365928421734,0.004612246801365787,0.0051281666753011,0.0008661436002121,0.0030405870324387596,-0.010000000000000009,0.031954969508668836,0.005895993857288249,False,False,False,False,False
2019-12-30,3240.090087890625,3240.919921875,3216.570068359375,3221.2900390625,3021720000,14.81999969482422,1.9,1.58,-0.0057808224504303,1.389999389648441,0.1034995799004374,0.3199999999999998,0.003478649739272134,0.0035914363945102044,0.004819644638117065,3.398471712534601e-05,-0.0001954481999796,0.002155525574891109,0.029999999999999805,0.051553588074413376,0.005368013419609347,False,False,False,False,False
2019-12-31,3215.179931640625,3231.719970703125,3212.030029296875,3230.780029296875,2894760000,13.779999732971191,1.92,1.58,0.0029460216619106,-1.0399999618530291,-0.0701754374675353,0.3399999999999998,0.003674925813493691,0.003141313075753456,0.004699841241924093,-0.0057808224504303,0.0051281666753011,1.0404868445728668e-05,0.04999999999999982,0.050640476728632006,0.005563421380512623,False,False,False,False,False
2020-01-02,3244.669921875,3258.139892578125,3235.530029296875,3257.85009765625,3459930000,12.470000267028809,1.88,1.58,0.0083788026773417,-1.3099994659423828,-0.0950652751326234,0.2999999999999998,0.004809910413636022,0.0037749877850224716,0.004362825085515939,0.0029460216619106,3.398471712534601e-05,0.00042638048078542874,0.020000000000000018,0.05997958414242584,0.005158388178370377,False,False,False,False,False
2020-01-03,3226.360107421875,3246.14990234375,3222.340087890625,3234.85009765625,3484700000,14.020000457763672,1.8,1.53,-0.0070598705620453,1.5500001907348633,0.1242983285921113,0.27,0.005686915111791903,0.004634006173407009,0.004404076850484873,0.0083788026773417,-0.0057808224504303,0.0021412306562496887,0.010000000000000009,0.07973055247058562,0.003975585873515564,False,False,False,False,False
2020-01-06,3217.550048828125,3246.840087890625,3214.639892578125,3246.280029296875,3702460000,13.850000381469728,1.81,1.54,0.0035333728907271,-0.1700000762939435,-0.0121255399959566,0.27,0.005895993857288212,0.004580335741482157,0.004317216654110974,-0.0070598705620453,0.0029460216619106,-0.0002963767912195915,-0.019999999999999796,0.08165951717258492,0.004468748371992509,False,False,False,False,False
2020-01-07,3241.860107421875,3244.909912109375,3232.429931640625,3237.179931640625,3435910000,13.789999961853027,1.83,1.54,-0.0028032386528962,-0.0600004196167009,-0.0043321601418132,0.29,0.005368013419609307,0.004550013717073481,0.004437085560470735,0.0035333728907271,0.0083788026773417,0.0004035008435007593,-0.029999999999999805,0.07402490485163889,0.0041788747508570406,False,False,False,False,False
2020-01-08,3238.590087890625,3267.070068359375,3236.669921875,3253.050048828125,3726840000,13.449999809265137,1.87,1.58,0.0049024513689781,-0.3400001525878906,-0.0246555586315029,0.29,0.005563421380512584,0.004739267402675873,0.004188733574086481,-0.0028032386528962,-0.0070598705620453,0.0009990176030075792,-0.04999999999999982,0.07482801650675584,0.0040526403630451536,False,False,False,False,False
2020-01-09,3266.030029296875,3275.580078125,3263.669921875,3274.699951171875,3641230000,12.539999961853027,1.85,1.58,0.0066552626054889,-0.9099998474121094,-0.0676579821796911,0.27,0.005158388178370336,0.005017191193827322,0.004178414850103196,0.0049024513689781,0.0035333728907271,0.0013903035444210793,-0.029999999999999805,0.06468618755998712,0.004463640821693348,False,False,False,False,False
2020-01-10,3281.81005859375,3282.989990234375,3260.860107421875,3265.35009765625,3214580000,12.5600004196167,1.83,1.56,-0.0028551786896625,0.0200004577636718,0.0015949328408704,0.27,0.003975585873515511,0.005026372254381227,0.004257939491752718,0.0066552626054889,-0.0028032386528962,0.0010455955300505194,0.0,0.04993336023957704,0.003545452281646608,False,False,False,False,False
2020-01-13,3271.1298828125,3288.1298828125,3268.429931640625,3288.1298828125,3459390000,12.31999969482422,1.85,1.58,0.0069762152525698,-0.2400007247924787,-0.0191083373227947,0.27,0.004468748371992461,0.005342769983224437,0.004385982774615938,-0.0028551786896625,0.0049024513689781,0.0018865339045270792,0.0,0.05505497857919335,0.003949921955307081,False,False,False,False,False
2020-01-14,3285.35009765625,3294.25,3277.18994140625,3283.14990234375,3687620000,12.390000343322754,1.82,1.58,-0.0015145327728022,0.0700006484985333,0.0056818709604304,0.24,0.00417887475085699,0.004896938894030259,0.004208400074751349,0.0069762152525698,0.0066552626054889,0.0025751023768956194,-0.04999999999999999,0.051776259597820895,0.003687354192381149,False,False,False,False,False
2020-01-15,3282.27001953125,3298.659912109375,3280.68994140625,3289.2900390625,3721490000,12.420000076293944,1.79,1.56,0.0018701968845122,0.0299997329711896,0.002421285886998,0.2299999999999999,0.0040526403630451015,0.004884929573217821,0.004192642186539688,-0.0015145327728022,-0.0028551786896625,0.0028328435529144194,-0.06000000000000008,0.050333793618212073,0.0037176336084866666,False,False,False,False,False
2020-01-16,3302.969970703125,3317.110107421875,3302.820068359375,3316.81005859375,3540580000,12.31999969482422,1.81,1.58,0.0083665530264682,-0.100000381469723,-0.0080515604553492,0.2299999999999999,0.004463640821693301,0.0048832830437343325,0.00427408523350799,0.0018701968845122,0.0069762152525698,0.0022263926560212393,-0.04000000000000012,0.0549920535610664,0.004402236363015885,False,False,False,False,False
2020-01-17,3323.659912109375,3329.8798828125,3318.860107421875,3329.6201171875,3726220000,12.100000381469728,1.84,1.58,0.0038621622485013,-0.2199993133544922,-0.0178570875652631,0.26,0.0035454522816465487,0.003900449478104068,0.004280731413633992,0.0083665530264682,-0.0015145327728022,0.0025686507402170994,-0.010000000000000009,0.04289997396040596,0.006363779411821302,False,False,False,False,False
2020-01-21,3321.030029296875,3329.7900390625,3316.610107421875,3320.7900390625,4104840000,12.850000381469728,1.78,1.53,-0.0026519776473655,0.75,0.0619834691202629,0.25,0.003949921955307027,0.0042275781135145294,0.004366363322436011,0.0038621622485013,0.0018701968845122,0.00391211892784986,-0.020000000000000018,0.050756498632470955,0.008903428159309215,False,False,False,False,False
2020-01-22,3330.02001953125,3337.77001953125,3320.0400390625,3321.75,3623780000,12.90999984741211,1.77,1.53,0.000289076071118,0.059999465942381,0.0046692190008728,0.24,0.0036873541923810914,0.003948259042016591,0.004340557064649557,-0.0026519776473655,0.0083665530264682,0.0019864803478627994,0.0,0.04760374206099429,0.008838678052629787,False,False,False,False,False
2020-01-23,3315.77001953125,3326.8798828125,3301.8701171875,3325.5400390625,3766710000,12.979999542236328,1.74,1.51,0.0011409766124783,0.0699996948242187,0.0054221297948544,0.2299999999999999,0.0037176336084866093,0.0038887663162354862,0.004280707851727964,0.000289076071118,0.0038621622485013,0.0023472021166468394,0.0,0.048254882536358575,0.009053802756150116,False,False,False,False,False
2020-01-24,3333.10009765625,3333.179931640625,3281.530029296875,3295.469970703125,3708780000,14.5600004196167,1.7,1.49,-0.0090421609742074,1.580000877380371,0.1217258037828985,0.2099999999999999,0.004402236363015836,0.004832768949413464,0.004837498499288633,0.0011409766124783,-0.0026519776473655,0.0022013580622400595,-0.01999999999999999,0.06409656329276246,0.010802120619731036,False,False,False,False,False
2020-01-27,3247.159912109375,3258.85009765625,3234.5,3243.6298828125,3831050000,18.229999542236328,1.61,1.44,-0.0157307116591823,3.669999122619629,0.252060372036462,0.1700000000000001,0.006363779411821267,0.006876546935781578,0.006016525409775881,-0.0090421609742074,0.000289076071118,-0.0012803847378950607,-0.08999999999999991,0.11601169576439467,0.009768075139936981,False,False,False,False,False
2020-01-28,3255.35009765625,3285.780029296875,3253.219970703125,3276.239990234375,3531570000,16.280000686645508,1.65,1.45,0.010053584595046,-1.9499988555908203,-0.106966478582347,0.1999999999999999,0.00890342815930919,0.007268349366519304,0.006289350083000619,-0.0157307116591823,0.0011409766124783,-0.005198959519431781,-0.0500000000000001,0.14494781654705258,0.010880027363306732,False,False,False,False,False
2020-01-29,3289.4599609375,3293.469970703125,3271.889892578125,3273.39990234375,3600250000,16.389999389648438,1.6,1.42,-0.0008668741908683,0.1099987030029296,0.0067566768036539,0.1800000000000001,0.008838678052629763,0.007260437705377508,0.0062957989004032355,0.010053584595046,-0.0090421609742074,-0.002657847070949481,-0.05999999999999989,0.14486592788790084,0.01144892407067523,False,False,False,False,False
2020-01-30,3256.449951171875,3285.909912109375,3242.800048828125,3283.659912109375,3790350000,15.489999771118164,1.57,1.41,0.0031343587926053,-0.8999996185302734,-0.0549115101919218,0.1600000000000001,0.009053802756150092,0.007307470711768684,0.006156457461188125,-0.0008668741908683,-0.0157307116591823,-0.0028890371233467414,-0.06999999999999981,0.14024340262051394,0.011447012435097912,False,False,False,False,False
2020-01-31,3282.330078125,3282.330078125,3214.679931640625,3225.52001953125,4529700000,18.84000015258789,1.51,1.33,-0.0177058203755262,3.3500003814697266,0.216268588183969,0.1799999999999999,0.010802120619731015,0.008378402579386404,0.007299603745858361,0.0031343587926053,0.010053584595046,-0.0024903606873213414,-0.03,0.2035119541240051,0.007021741549049875,False,False,False,True,False
2020-02-03,3235.659912109375,3268.43994140625,3235.659912109375,3248.919921875,3760460000,17.969999313354492,1.54,1.36,0.0072546138923517,-0.8700008392333984,-0.0461783881203362,0.1799999999999999,0.009768075139936959,0.00870177471055373,0.007241478218246356,-0.0177058203755262,-0.0008668741908683,-0.004223092567585102,0.009999999999999815,0.17553230355746224,0.007023788402121115,False,False,False,False,False
2020-02-04,3280.610107421875,3306.919921875,3280.610107421875,3297.590087890625,3996900000,16.049999237060547,1.61,1.41,0.0149804141640821,-1.920000076293945,-0.106844749563629,0.2000000000000001,0.010880027363306713,0.010141866647599314,0.007737534630088965,0.0072546138923517,0.0031343587926053,0.0003739725427216985,1.942890293094024e-16,0.17462443088027063,0.005606335271270422,False,False,False,True,False
2020-02-05,3324.909912109375,3337.580078125,3313.75,3334.68994140625,4121480000,15.149999618530272,1.66,1.44,0.0112505958978537,-0.8999996185302752,-0.0560747452530785,0.2199999999999999,0.011448924070675211,0.010757718486230009,0.008029484917303934,0.0149804141640821,-0.0177058203755262,0.0013593384565289183,0.039999999999999786,0.1734511953033115,0.004529848606293659,False,False,False,True,False
2020-02-06,3344.919921875,3347.9599609375,3334.389892578125,3345.780029296875,3887250000,14.960000038146973,1.65,1.44,0.0033256728767856,-0.189999580383299,-0.0125412267437226,0.2099999999999999,0.011447012435097893,0.010791725448703564,0.007985844574650148,0.0112505958978537,0.0072546138923517,0.0037828324742733184,0.04999999999999982,0.17124730646573336,0.004813578703561516,False,False,False,True,False
2020-02-07,3335.5400390625,3341.419921875,3322.1201171875,3327.7099609375,3733920000,15.470000267028809,1.59,1.41,-0.0054008536727301,0.5100002288818359,0.0340909243035676,0.1800000000000001,0.0070217415490498435,0.010515942189824188,0.008084057518927056,0.0033256728767856,0.0149804141640821,0.0038210952911093784,1.942890293094024e-16,0.10862634363880835,0.0033199638182489248,False,False,False,False,False
2020-02-10,3318.280029296875,3352.260009765625,3317.77001953125,3352.090087890625,3462730000,15.039999961853027,1.56,1.37,0.0073263978048905,-0.4300003051757812,-0.0277957529252433,0.1899999999999999,0.007023788402121083,0.009007961420704029,0.008107194650205362,-0.0054008536727301,0.0112505958978537,0.006282088631668599,0.009999999999999981,0.10563777729996483,0.0032641008039073615,False,False,False,False,False
2020-02-11,3365.8701171875,3375.6298828125,3352.719970703125,3357.75,3762940000,15.18000030517578,1.59,1.41,0.0016884725532351,0.1400003433227521,0.0093085334892184,0.1800000000000001,0.005606335271270383,0.008729326145528979,0.008058009599877469,0.0073263978048905,0.0033256728767856,0.006296445414176359,-0.01999999999999999,0.08510417112880216,0.0035825576185887385,False,False,False,False,False
2020-02-12,3370.5,3381.469970703125,3369.719970703125,3379.449951171875,3930910000,13.739999771118164,1.62,1.44,0.0064626464661976,-1.4400005340576154,-0.0948616933536313,0.1800000000000001,0.0045298486062936094,0.008723674551607611,0.008041697072663499,0.0016884725532351,-0.0054008536727301,0.0036380570920069586,-0.039999999999999786,0.062240118813674125,0.003182000822145126,False,False,False,False,False
2020-02-13,3365.89990234375,3385.090087890625,3360.52001953125,3373.93994140625,3500890000,14.149999618530272,1.61,1.44,-0.0016304457368023,0.4099998474121076,0.0298398729433706,0.1700000000000001,0.004813578703561471,0.008845253803329392,0.008043692463934604,0.0064626464661976,0.0073263978048905,0.0026804672056757383,-0.039999999999999813,0.06811213681916026,0.005221907807840006,False,False,False,False,False
2020-02-14,3378.080078125,3380.68994140625,3366.14990234375,3380.159912109375,3419700000,13.68000030517578,1.59,1.42,0.0018435333204338,-0.4699993133544922,-0.0332155000724523,0.1700000000000001,0.0033199638182488593,0.005712673662257438,0.008043609550221115,-0.0016304457368023,0.0016884725532351,0.0016892434829581585,-0.010000000000000009,0.04541710604681694,0.013074339082535925,False,False,False,False,False
2020-02-18,3369.0400390625,3375.010009765625,3355.610107421875,3370.2900390625,3750400000,14.829999923706056,1.55,1.41,-0.0029199426368901,1.149999618530277,0.0840642977248458,0.1400000000000001,0.003264100803907295,0.0060641350590452,0.007931844969421738,0.0018435333204338,0.0064626464661976,0.003138120881590938,-0.049999999999999795,0.048406614672914065,0.01489451089879426,False,False,False,False,False
2020-02-19,3380.389892578125,3393.52001953125,3378.830078125,3386.14990234375,3614200000,14.380000114440918,1.56,1.42,0.0047057858811645,-0.4499998092651385,-0.0303438847997432,0.1400000000000001,0.0035825576185886786,0.004804095623317478,0.007949402019304354,-0.0029199426368901,-0.0016304457368023,0.0010888527932348185,-0.04000000000000001,0.05151717896529638,0.012944464543033395,False,False,False,False,False
2020-02-20,3380.449951171875,3389.14990234375,3341.02001953125,3373.22998046875,4019180000,15.5600004196167,1.52,1.39,-0.0038155197636281,1.1800003051757812,0.0820584350337232,0.1300000000000001,0.003182000822145058,0.004199819708590575,0.007977508949210012,0.0047057858811645,0.0018435333204338,0.0016923154588206987,-0.05000000000000002,0.04951193412779779,0.015007711978909166,False,False,False,False,False
2020-02-21,3360.5,3360.760009765625,3328.449951171875,3337.75,3908780000,17.079999923706055,1.46,1.34,-0.0105181030271228,1.5199995040893557,0.0976863408161012,0.1199999999999998,0.005221907807839965,0.005374647255501482,0.008333126161041178,-0.0038155197636281,-0.0029199426368901,-0.00036331778714444125,-0.050000000000000294,0.08919018495950665,0.01545212595330194,False,False,False,False,False
2020-02-24,3257.610107421875,3259.81005859375,3214.64990234375,3225.889892578125,4851160000,25.030000686645508,1.38,1.26,-0.0335136266712231,7.950000762939453,0.4654567212207836,0.1199999999999998,0.01307433908253591,0.011362805959045215,0.011000449672887363,-0.0105181030271228,0.0047057858811645,-0.002140849245208541,-0.050000000000000294,0.32725071621331003,0.03079694362765936,False,False,True,True,True
2020-02-25,3238.93994140625,3246.989990234375,3118.77001953125,3128.2099609375,5596760000,27.850000381469727,1.33,1.2,-0.0302799955650561,2.8199996948242188,0.112664786954193,0.1300000000000001,0.014894510898794245,0.013358459016893903,0.012527971243168725,-0.0335136266712231,-0.0038155197636281,-0.009212281243539922,-0.010000000000000009,0.4148121342132247,0.030494622644019434,False,False,True,True,True
2020-02-26,3139.89990234375,3182.510009765625,3108.989990234375,3116.389892578125,5484650000,27.559999465942383,1.33,1.16,-0.003778540605322,-0.2900009155273437,-0.0104129591222662,0.1700000000000001,0.01294446454303338,0.013109521101893692,0.012175875738621644,-0.0302799955650561,-0.0105181030271228,-0.014684291829173121,0.03,0.35674943589291,0.03659788936646426,False,False,True,True,False
2020-02-27,3062.5400390625,3097.070068359375,2977.389892578125,2978.760009765625,7064710000,39.15999984741211,1.3,1.11,-0.0441632425840791,11.600000381469728,0.4208998768597427,0.1899999999999999,0.015007711978909152,0.016208910816728286,0.014839356264351237,-0.003778540605322,-0.0335136266712231,-0.016381157126470418,0.059999999999999803,0.5877019988040872,0.034189739044237916,True,False,True,True,True
2020-02-28,2916.89990234375,2959.719970703125,2855.840087890625,2954.219970703125,8569570000,40.11000061035156,1.13,0.86,-0.0082383404443618,0.9500007629394532,0.0242594679939007,0.2699999999999999,0.015452125953301924,0.0158876207891441,0.014838566113258268,-0.0441632425840791,-0.0302799955650561,-0.02445070169056062,0.1500000000000001,0.6197847814181694,0.034972819463324076,False,False,True,True,False
2020-03-02,2974.280029296875,3090.9599609375,2945.18994140625,3090.22998046875,6381330000,33.41999816894531,1.1,0.84,0.04603922900611,-6.69000244140625,-0.1667913821891017,0.2600000000000001,0.030796943627659352,0.023664597901410858,0.018328428005840544,-0.0082383404443618,-0.003778540605322,-0.02399474917400842,0.14000000000000032,1.0292337996454874,0.03804466333568857,True,True,True,True,True
2020-03-03,3096.4599609375,3136.719970703125,2976.6298828125,3003.3701171875,6376510000,36.81999969482422,1.02,0.71,-0.0281078961210758,3.4000015258789062,0.1017355389635619,0.31,0.030494622644019427,0.024253976964190252,0.018859641067242545,0.04603922900611,-0.0441632425840791,-0.008084178038541803,0.1799999999999999,1.122811996446575,0.047295055977461066,False,True,True,True,True
2020-03-04,3045.75,3130.969970703125,3034.3798828125,3130.1201171875,5073020000,31.989999771118164,1.02,0.67,0.0422025907744911,-4.829999923706055,-0.1311787062395062,0.35,0.03659788936646426,0.028876154020109766,0.021116802060409164,-0.0281078961210758,-0.0082383404443618,-0.007649758149745741,0.17999999999999988,1.1707664724565996,0.04205892494441256,True,True,True,True,True
2020-03-05,3075.699951171875,3083.0400390625,2999.830078125,3023.93994140625,5579290000,39.619998931884766,0.92,0.59,-0.0339220770468885,7.629999160766602,0.238512010483203,0.33,0.03418973904423791,0.029895166727631584,0.021849229127557296,0.0422025907744911,0.04603922900611,0.0015464681262168782,0.14000000000000012,1.3545974244141248,0.05078856336389396,False,True,True,True,True
2020-03-06,2954.199951171875,2985.929931640625,2901.5400390625,2972.3701171875,6555240000,41.93999862670898,0.74,0.49,-0.0170538520003701,2.319999694824212,0.0585562785807436,0.25,0.03497281946332407,0.02996136199917131,0.021747171552550133,-0.0339220770468885,-0.0281078961210758,0.003594701233654998,-0.019999999999999907,1.4667600002639525,0.0735718261777183,False,True,True,True,False
2020-03-09,2863.889892578125,2863.889892578125,2734.429931640625,2746.56005859375,8441290000,54.459999084472656,0.54,0.38,-0.0759696974774509,12.52000045776368,0.2985217183529058,0.16,0.03804466333568857,0.03536078593500395,0.02633469163228917,-0.0170538520003701,0.0422025907744911,0.0018315989224533384,-0.10000000000000012,2.0719123304306697,0.0823483918168141,True,True,True,True,True
2020-03-10,2813.47998046875,2882.590087890625,2734.0,2882.22998046875,7642040000,47.29999923706055,0.76,0.5,0.0493963062815614,-7.159999847412109,-0.1314726398784228,0.26,0.04729505597746105,0.0397926674734541,0.0291288191451281,-0.0759696974774509,-0.0339220770468885,-0.022570186374258845,-0.04999999999999999,2.2370561116506438,0.0843231336393843,True,True,True,True,True
2020-03-11,2825.60009765625,2825.60009765625,2707.219970703125,2741.3798828125,7431200000,53.900001525878906,0.82,0.5,-0.0488684451312739,6.600002288818359,0.139534934360995,0.3199999999999999,0.04205892494441256,0.041643028782651366,0.03030311411280269,0.0493963062815614,-0.0170538520003701,-0.007069345893731402,-0.030000000000000082,2.266976118680663,0.08451861409349343,True,True,True,True,True
2020-03-12,2630.860107421875,2660.949951171875,2478.860107421875,2480.639892578125,8850810000,75.47000122070312,0.88,0.5,-0.0951126809783365,21.56999969482422,0.4001855117660406,0.38,0.050788563363893965,0.047925434661308476,0.03527139997370623,-0.0488684451312739,-0.0759696974774509,-0.0252835530748844,0.04999999999999999,3.8330129390708354,0.07648533087784326,True,True,True,True,True
2020-03-13,2569.989990234375,2711.330078125,2492.3701171875,2711.02001953125,8299070000,57.83000183105469,0.94,0.49,0.0928712497297183,-17.639999389648438,-0.2337352471753954,0.4499999999999999,0.0735718261777183,0.05825263858704995,0.041814267430863764,-0.0951126809783365,0.0493963062815614,-0.037521673861174,0.1999999999999999,4.254658842571486,0.060038093654568477,True,True,True,True,True
2020-03-16,2508.590087890625,2562.97998046875,2380.93994140625,2386.1298828125,7805450000,82.69000244140625,0.73,0.36,-0.1198405524039344,24.86000061035156,0.4298806817087415,0.37,0.0823483918168141,0.06414892420643001,0.04788367542694231,0.0928712497297183,-0.0488684451312739,-0.015536653515156321,0.21,6.809388720378236,0.040805958912246004,True,True,True,True,True
2020-03-17,2425.659912109375,2553.929931640625,2367.0400390625,2529.18994140625,8370250000,75.91000366210938,1.02,0.47,0.0599548497440243,-6.779998779296875,-0.0819929686675381,0.55,0.0843231336393843,0.06878105900429782,0.050401187106632404,-0.1198405524039344,-0.0951126809783365,-0.02431082450045302,0.29000000000000004,6.400969383366201,0.05313331958957139,True,True,True,True,True
2020-03-18,2436.5,2453.570068359375,2280.52001953125,2398.10009765625,8799300000,76.44999694824219,1.18,0.54,-0.0518307627291578,0.5399932861328125,0.0071135984729553,0.6399999999999999,0.08451861409349344,0.06676621249682856,0.051034250141408055,0.0599548497440243,0.0928712497297183,-0.02219911580796044,0.32,6.461447789517233,0.047785005253681956,True,True,True,True,True
2020-03-19,2393.47998046875,2466.969970703125,2319.780029296875,2409.389892578125,7956100000,72.0,1.12,0.44,0.0047078080405855,-4.449996948242188,-0.0582079414765039,0.6800000000000002,0.07648533087784326,0.06719868859968334,0.051034286861491085,-0.0518307627291578,-0.1198405524039344,-0.02279157932753722,0.30000000000000016,5.506943823204715,0.05246086095323828,False,True,True,True,False
2020-03-20,2431.93994140625,2453.010009765625,2295.56005859375,2304.919921875,9053950000,66.04000091552734,0.92,0.37,-0.0433595123084619,-5.959999084472656,-0.0827777650621202,0.55,0.060038093654568477,0.06753905609575135,0.05132464433279036,0.0047078080405855,0.0599548497440243,-0.0028274815237528212,0.10000000000000014,3.9649157599142186,0.05025687999049434,True,True,True,True,True
2020-03-23,2290.7099609375,2300.72998046875,2191.860107421875,2237.39990234375,7411380000,61.59000015258789,0.76,0.28,-0.0292938678218044,-4.450000762939453,-0.0673834146161128,0.48,0.040805958912246004,0.06527864232671521,0.05137377267601384,-0.0433595123084619,-0.0518307627291578,-0.030073633931388864,0.10999999999999999,2.5132390156317266,0.043524852941808335,False,True,True,True,True
2020-03-24,2344.43994140625,2449.7099609375,2344.43994140625,2447.330078125,7563150000,61.66999816894531,0.84,0.38,0.0938277397622755,0.0799980163574218,0.0012988799506288,0.4599999999999999,0.0531333195895714,0.07098661953870569,0.05639901187433534,-0.0292938678218044,0.0047078080405855,-0.011964297014962863,-0.09000000000000014,3.2767317217988543,0.034280579243699566,True,True,True,True,True
2020-03-25,2457.77001953125,2571.419921875,2407.530029296875,2475.56005859375,8300010000,63.95000076293945,0.88,0.34,0.0115350114482219,2.2800025939941406,0.0369710177021258,0.54,0.04778500525368195,0.07030324006259288,0.05643781742734623,0.0938277397622755,-0.0433595123084619,-0.005189719011312624,-0.09999999999999987,3.055851122430026,0.04088466250923103,False,True,True,True,False
2020-03-26,2501.2900390625,2637.010009765625,2500.719970703125,2630.070068359375,7766990000,61.0,0.83,0.3,0.0624141633038768,-2.950000762939453,-0.0461298002774857,0.53,0.05246086095323827,0.06648649050895702,0.05847951192202969,0.0115350114482219,-0.0292938678218044,0.0074834358241633175,-0.15000000000000013,3.2001125181475345,0.030669508979632932,True,True,True,True,True
2020-03-27,2555.8701171875,2615.909912109375,2520.02001953125,2541.469970703125,6201670000,65.54000091552734,0.72,0.25,-0.0336873525622525,4.540000915527344,0.0744262445168417,0.47,0.05025687999049434,0.06096104749637497,0.05819861168138651,0.0624141633038768,0.0938277397622755,0.01902470687682158,-0.08000000000000007,3.2938359605885466,0.02830829843768725,False,True,True,True,True
2020-03-30,2558.97998046875,2631.800048828125,2545.280029296875,2626.64990234375,5751120000,57.08000183105469,0.7,0.23,0.0335160094837001,-8.459999084472656,-0.1290814611885116,0.47,0.043524852941808335,0.047927030092713825,0.05879243596984265,-0.0336873525622525,0.0115350114482219,0.020959138826063456,-0.010000000000000009,2.484398685614806,0.03959270537035147,False,True,True,True,True
2020-03-31,2614.68994140625,2641.389892578125,2571.14990234375,2584.590087890625,6576210000,53.540000915527344,0.7,0.23,-0.0160127219145556,-3.540000915527344,-0.062018234091951,0.47,0.034280579243699566,0.045488830779489224,0.05776173908531655,0.0335160094837001,0.0624141633038768,0.03352111428716435,0.010000000000000064,1.8353822440924825,0.038573450372975215,False,True,True,True,False
2020-04-01,2498.080078125,2522.75,2447.489990234375,2470.5,5964000000,57.060001373291016,0.62,0.23,-0.0441424303316654,3.520000457763672,0.0657452446315296,0.39,0.04088466250923103,0.0446090004524781,0.05814318533817402,-0.0160127219145556,-0.0336873525622525,0.011553021951798139,-0.15000000000000002,2.332878898923262,0.02972603876860437,True,True,True,True,True
2020-04-02,2458.5400390625,2533.219970703125,2455.7900390625,2526.89990234375,6464190000,50.90999984741211,0.63,0.23,0.0228293472348715,-6.150001525878906,-0.1077813070077778,0.4,0.030669508979632935,0.044969576501253765,0.05749646939110362,-0.0441424303316654,0.0335160094837001,0.000417533595820678,-0.13,1.561384697473317,0.029871765783519768,False,True,True,True,False
2020-04-03,2514.919921875,2538.179931640625,2459.9599609375,2488.64990234375,6096970000,46.79999923706055,0.62,0.23,-0.0151371251249494,-4.1100006103515625,-0.0807307134682792,0.39,0.02830829843768725,0.042622520110162314,0.057239209584914894,0.0228293472348715,-0.0160127219145556,-0.007499429617980382,-0.07999999999999996,1.3248283452862455,0.02871906030781067,False,True,True,True,False
2020-04-06,2578.280029296875,2676.85009765625,2574.570068359375,2663.679931640625,6403840000,45.2400016784668,0.67,0.27,0.0703313186527505,-1.55999755859375,-0.0333332817099364,0.4,0.03959270537035147,0.04421775447216921,0.059530023973107055,-0.0151371251249494,-0.0441424303316654,-0.0037893841305197623,-0.06999999999999995,1.791174057409742,0.017322220320676672,True,True,True,True,True
2020-04-07,2738.64990234375,2756.889892578125,2657.669921875,2659.409912109375,7050410000,46.70000076293945,0.75,0.28,-0.0016030527844311,1.4599990844726562,0.0322723039413055,0.47,0.038573450372975215,0.03657909911047269,0.05727841482722407,0.0703313186527505,0.0228293472348715,0.003573677703290318,0.0,1.8013801618471497,0.022137773746441578,False,True,True,True,False
2020-04-08,2685.0,2760.75,2663.300048828125,2749.97998046875,5875710000,43.34999847412109,0.77,0.27,0.0340564528796303,-3.3500022888183665,-0.0717345232139029,0.5,0.029726038768604378,0.037350754335555625,0.05674061281893787,-0.0016030527844311,-0.0151371251249494,0.006455611529315217,0.10999999999999999,1.288623735260664,0.018415195322203745,False,True,True,True,True
2020-04-09,2776.989990234375,2818.570068359375,2762.360107421875,2789.820068359375,7899550000,41.66999816894531,0.73,0.23,0.0144874101533765,-1.680000305175774,-0.0387543336634416,0.5,0.02987176578351977,0.033338295763081525,0.05577060225917439,0.0340564528796303,0.0703313186527505,0.022095388171574356,0.09999999999999998,1.2447564255024322,0.020401300669632597,False,True,True,True,False
2020-04-13,2782.4599609375,2782.4599609375,2721.169921875,2761.6298828125,5319530000,41.16999816894531,0.76,0.25,-0.0101046608226074,-0.5,-0.0119990406040532,0.51,0.028719060307810677,0.031178846725803636,0.05146436194103433,0.0144874101533765,-0.0016030527844311,0.020427000755275357,0.12,1.1823636602863956,0.02183196930788491,False,True,True,True,False
2020-04-14,2805.10009765625,2851.85009765625,2805.10009765625,2846.06005859375,5615730000,37.7599983215332,0.76,0.23,0.030572589146256,-3.4099998474121094,-0.0828273014105763,0.53,0.017322220320676682,0.030957443055382443,0.048081802500432536,-0.0101046608226074,0.0340564528796303,0.021433493615743756,0.13,0.6540870102339799,0.021020516209836092,False,False,True,True,True
2020-04-15,2795.639892578125,2801.8798828125,2761.5400390625,2783.360107421875,5208000000,40.84000015258789,0.63,0.2,-0.0220304385294157,3.0800018310546875,0.0815678487278499,0.43,0.022137773746441585,0.0314826606079316,0.03996129384540824,0.030572589146256,0.0144874101533765,0.013481747714444858,-0.03999999999999998,0.9041066831826305,0.022487528350292052,False,False,True,True,False
2020-04-16,2799.340087890625,2806.510009765625,2764.320068359375,2799.550048828125,5228810000,40.11000061035156,0.61,0.2,0.0058166894621645,-0.7299995422363281,-0.0178746214375337,0.41,0.018415195322203752,0.026372943462321444,0.0382451513802729,-0.0220304385294157,-0.0101046608226074,0.009396270565447937,-0.09000000000000002,0.7386334956133357,0.022381152377865973,False,False,True,True,False
2020-04-17,2842.429931640625,2879.219970703125,2830.8798828125,2874.56005859375,5804810000,38.150001525878906,0.65,0.2,0.0267935948482234,-1.959999084472656,-0.0488655959772491,0.45,0.020401300669632607,0.02654810110428159,0.03623884106286388,0.0058166894621645,0.030572589146256,0.0037483178819547776,-0.04999999999999999,0.7783096516763983,0.019750832462568525,False,False,True,True,True
2020-04-20,2845.6201171875,2868.97998046875,2820.429931640625,2823.159912109375,5228630000,43.83000183105469,0.63,0.2,-0.0178810480340146,5.680000305175781,0.1488859784533107,0.43,0.02183196930788492,0.026853215427484603,0.03669190622459786,0.0267935948482234,-0.0220304385294157,0.0062095548209241585,-0.08000000000000002,0.9568952547401257,0.01894432367520279,False,False,True,True,False
2020-04-21,2784.81005859375,2785.5400390625,2727.10009765625,2736.56005859375,5121010000,45.40999984741211,0.58,0.2,-0.0306747956940633,1.579998016357422,0.0360483219336293,0.3799999999999999,0.021020516209836096,0.021954956984597117,0.03593415966363951,-0.0178810480340146,0.0058166894621645,0.004654277378642718,-0.15000000000000013,0.9545416378811808,0.010436606788483663,False,False,True,True,True
2020-04-22,2787.889892578125,2815.10009765625,2775.949951171875,2799.31005859375,5084920000,41.97999954223633,0.63,0.22,0.0229302477038437,-3.430000305175781,-0.0755340303171406,0.41,0.02248752835029206,0.02266897242093333,0.035004179730742956,-0.0306747956940633,0.0267935948482234,-0.0075951995894211425,-0.020000000000000018,0.944026429851287,0.011453780839971261,False,False,True,True,False
2020-04-23,2810.419921875,2844.89990234375,2794.260009765625,2797.800048828125,5773530000,41.380001068115234,0.61,0.22,-0.0005394221197431,-0.5999984741210938,-0.0142924840558283,0.39,0.02238115237786598,0.02057421960976387,0.029793942418174263,0.0229302477038437,-0.0178810480340146,0.0013969376572307373,-0.019999999999999962,0.926132109301744,0.013393857877696367,False,False,True,True,False
2020-04-24,2812.639892578125,2842.7099609375,2791.760009765625,2836.739990234375,5382810000,35.93000030517578,0.6,0.22,0.0139180573045454,-5.450000762939453,-0.1317061532687796,0.38,0.01975083246256853,0.0205401695885735,0.02981616936754027,-0.0005394221197431,-0.0306747956940633,0.00012571534084921735,-0.07,0.709647416407563,0.019092270165841443,False,False,True,True,False
2020-04-27,2854.64990234375,2887.719970703125,2852.889892578125,2878.47998046875,5203930000,33.290000915527344,0.67,0.24,0.0147140698047996,-2.639999389648437,-0.0734761861181543,0.43,0.018944323675202795,0.020441296299788855,0.02720670562660517,0.0139180573045454,0.0229302477038437,-0.0024493921678863826,0.0,0.6306565524915474,0.017872558449061153,False,False,True,True,False
2020-04-28,2909.9599609375,2921.14990234375,2860.7099609375,2863.389892578125,5691160000,33.56999969482422,0.62,0.2,-0.0052423806984989,0.279998779296875,0.0084108973144028,0.42,0.010436606788483679,0.018588815496886364,0.025941800017480313,0.0147140698047996,-0.0005394221197431,0.004069631399876457,0.04000000000000009,0.35035688670439746,0.0183156813975484,False,False,True,True,False
2020-04-29,2918.4599609375,2954.860107421875,2912.159912109375,2939.510009765625,6645640000,31.229999542236328,0.63,0.2,0.026583916282167,-2.34000015258789,-0.0697050990128149,0.43,0.011453780839971275,0.018342809444341066,0.02563218764155796,-0.0052423806984989,0.0139180573045454,0.009156114398989338,0.020000000000000018,0.35770157038917816,0.012876123856532144,False,False,True,True,True
2020-04-30,2930.909912109375,2930.909912109375,2892.469970703125,2912.429931640625,6544980000,34.150001525878906,0.64,0.2,-0.0092124463039876,2.920001983642578,0.0934999047852525,0.44,0.013393857877696378,0.018874903787444226,0.025397739733913845,0.026583916282167,0.0147140698047996,0.009886848114653998,0.04999999999999999,0.4574002669607365,0.014471939858235545,False,False,True,True,False
2020-05-01,2869.090087890625,2869.090087890625,2821.610107421875,2830.7099609375,4759810000,37.18999862670898,0.64,0.2,-0.0280590340784921,3.039997100830071,0.0890189448022822,0.44,0.01909227016584145,0.0194556400582005,0.024081876032604987,-0.0092124463039876,-0.0052423806984989,0.008152243277805098,0.06,0.7100415012484003,0.008060652966553427,False,False,True,True,True
2020-05-04,2815.010009765625,2844.239990234375,2797.85009765625,2842.739990234375,4735930000,35.970001220703125,0.64,0.19,0.0042498275919764,-1.2199974060058525,-0.032804448804945,0.45,0.01787255844906116,0.01869267171913275,0.023816114564029774,-0.0280590340784921,0.026583916282167,-0.00024317499880240206,0.020000000000000018,0.6428759492298178,0.00849184421767132,False,False,True,True,False
2020-05-05,2868.8798828125,2898.22998046875,2863.550048828125,2868.43994140625,5140290000,33.61000061035156,0.66,0.19,0.0090405563857973,-2.3600006103515625,-0.0656102454896004,0.47,0.018315681397548408,0.01551891284646425,0.023351006070184654,0.0042498275919764,-0.0092124463039876,-0.0023360234413670423,0.04999999999999999,0.6155900629506067,0.013310043286431393,False,False,True,True,False
2020-05-06,2883.139892578125,2891.110107421875,2847.64990234375,2848.419921875,4892570000,34.119998931884766,0.72,0.17,-0.0069794103903862,0.5099983215332031,0.0151740051256092,0.5499999999999999,0.012876123856532154,0.014598800792998481,0.01871981272125747,0.0090405563857973,-0.0280590340784921,0.0005205639754921976,0.11999999999999994,0.439333332231693,0.014995719247704075,False,False,True,True,False
2020-05-07,2878.260009765625,2901.919921875,2876.47998046875,2881.18994140625,5178790000,31.440000534057617,0.63,0.13,0.0115046307883139,-2.6799983978271484,-0.0785462626530951,0.5,0.014471939858235557,0.01484691803990555,0.018761961685969605,-0.0069794103903862,0.0042498275919764,-0.006192101359018443,0.06,0.4549977968717756,0.014999328397420615,False,False,True,True,False
2020-05-08,2908.830078125,2932.159912109375,2902.8798828125,2929.800048828125,4876030000,27.979999542236328,0.69,0.16,0.0168715386387019,-3.460000991821289,-0.1100509202623332,0.5299999999999999,0.00806065296655345,0.0150875683987669,0.017782237757236443,0.0115046307883139,0.0090405563857973,-0.0020486859405581424,0.08999999999999991,0.22553706631429143,0.012436264753296504,False,False,True,False,False
2020-05-11,2915.4599609375,2944.25,2903.43994140625,2930.18994140625,4819730000,27.56999969482422,0.73,0.17,0.0001330782209116,-0.4099998474121094,-0.0146533185889873,0.5599999999999999,0.008491844217671341,0.014615777041853089,0.01760945902381699,0.0168715386387019,-0.0069794103903862,0.0069374286028806575,0.10999999999999993,0.23412014248969368,0.019233362055475555,False,False,True,False,False
2020-05-12,2939.5,2945.820068359375,2869.590087890625,2870.1201171875,5119630000,33.040000915527344,0.69,0.17,-0.0205003175288771,5.470001220703125,0.1984041088593127,0.5199999999999999,0.013310043286431405,0.016010480049179408,0.018096107247978988,0.0001330782209116,0.0115046307883139,0.006114078728667697,0.04999999999999993,0.4397638423694022,0.017223195891461804,False,False,True,True,False
2020-05-13,2865.860107421875,2874.139892578125,2793.14990234375,2820.0,6151650000,35.279998779296875,0.64,0.16,-0.017462724604228,2.2399978637695312,0.0677965436349861,0.48,0.014995719247704086,0.014140667148553297,0.01736090783859382,-0.0205003175288771,0.0168715386387019,0.0002059039457328174,-0.06999999999999995,0.5290489567536788,0.013881047539002166,False,False,True,True,False
2020-05-14,2794.5400390625,2852.800048828125,2766.639892578125,2852.5,5651130000,32.61000061035156,0.63,0.16,0.0115248226950355,-2.6699981689453125,-0.0756802228267686,0.47,0.014999328397420625,0.014738215835600367,0.01682195963579727,-0.017462724604228,0.0001330782209116,-0.001890758897035543,-0.030000000000000027,0.4891281081947501,0.01566259600243779,False,False,True,True,False
2020-05-15,2829.949951171875,2865.010009765625,2816.780029296875,2863.699951171875,5507700000,31.88999938964844,0.64,0.16,0.0039263632504382,-0.7200012207031214,-0.022079153855476,0.48,0.012436264753296514,0.011932417902708756,0.01680265468741764,0.0115248226950355,-0.0205003175288771,-0.0018867205156912227,-0.04999999999999993,0.39659247539213227,0.015732061528067155,False,False,True,True,False
2020-05-18,2913.860107421875,2968.090087890625,2913.860107421875,2953.909912109375,6373670000,29.299999237060547,0.73,0.18,0.0315011916316807,-2.590000152587894,-0.0812166886848111,0.55,0.019233362055475562,0.015022457782171138,0.0171697286587319,0.0039263632504382,-0.017462724604228,-0.004475755593343962,-0.009999999999999898,0.5635374935515433,0.010678830548310415,False,False,True,True,True
2020-05-19,2948.590087890625,2964.2099609375,2922.35009765625,2922.93994140625,4984330000,30.530000686645508,0.7,0.17,-0.0104843991944931,1.230001449584961,0.0419795727512912,0.5299999999999999,0.017223195891461814,0.01549610062717241,0.01684240564903989,0.0315011916316807,0.0115248226950355,0.001797867088809857,0.010000000000000009,0.5258241823925592,0.009165058872300213,False,False,True,True,False
2020-05-20,2953.6298828125,2980.2900390625,2953.6298828125,2971.610107421875,5005380000,27.989999771118164,0.68,0.16,0.0166511002590801,-2.540000915527344,-0.0831968836685417,0.52,0.01388104753900218,0.015745830647557982,0.0154558402464245,-0.0104843991944931,0.0039263632504382,0.0038010507556866567,0.040000000000000036,0.38853051743955136,0.008538636416846846,False,False,True,True,False
2020-05-21,2969.949951171875,2978.5,2938.570068359375,2948.510009765625,4976620000,29.530000686645508,0.68,0.17,-0.0077735964077371,1.5400009155273438,0.0550196830339531,0.51,0.015662596002437804,0.01593291231595323,0.015047608970964535,0.0166511002590801,0.0315011916316807,0.010623815728348276,0.040000000000000036,0.46251647070663954,0.0062765192338059975,False,False,True,True,False
2020-05-22,2948.050048828125,2956.760009765625,2933.590087890625,2955.449951171875,3970860000,28.15999984741211,0.66,0.17,0.0023537113264884,-1.3700008392333984,-0.0463935254784115,0.49,0.015732061528067165,0.015196054668841554,0.015031573105341488,-0.0077735964077371,-0.0104843991944931,0.0067641319077937564,0.010000000000000009,0.44301485022984927,0.006117658837810383,False,False,True,True,False
2020-05-26,3004.080078125,3021.719970703125,2988.169921875,2991.77001953125,5848500000,28.01000022888184,0.69,0.18,0.0122891840360801,-0.1499996185302698,-0.0053266910278074,0.51,0.01067883054831043,0.01556096314050398,0.014977729397678783,0.0023537113264884,0.0166511002590801,0.006449601523003797,-0.040000000000000036,0.2991140461023655,0.0055671083437904365,False,False,True,True,False
2020-05-27,3015.64990234375,3036.25,2969.75,3036.1298828125,6398000000,27.6200008392334,0.68,0.19,0.0148272972159138,-0.389999389648441,-0.0139235768104815,0.49,0.009165058872300232,0.013930530905224768,0.014982091423632445,0.0122891840360801,-0.0077735964077371,0.0026072000038836773,-0.039999999999999925,0.2531389337445559,0.0051967856047083665,False,False,True,False,False
2020-05-28,3046.610107421875,3068.669921875,3023.39990234375,3029.72998046875,5447020000,28.59000015258789,0.7,0.17,-0.0021079145460738,0.9699993133544922,0.0351194527111178,0.5299999999999999,0.008538636416846867,0.012001615372973536,0.014918152609784885,0.0148272972159138,0.0023537113264884,0.007669539285965058,0.009999999999999898,0.24411961646054445,0.005583901043552754,False,False,True,False,False
2020-05-29,3025.169921875,3049.169921875,2998.610107421875,3044.31005859375,7297550000,27.51000022888184,0.65,0.16,0.0048123358249714,-1.0799999237060511,-0.0377754430899607,0.49,0.0062765192338060235,0.011932430526838109,0.01395492841926567,-0.0021079145460738,0.0122891840360801,0.003917736324934277,-0.020000000000000018,0.17266704555858498,0.009966193154059468,False,False,True,False,False
2020-06-01,3038.780029296875,3062.179931640625,3031.5400390625,3055.72998046875,4684170000,28.229999542236328,0.66,0.14,0.0037512348135377,0.7199993133544886,0.0261722758038578,0.52,0.006117658837810412,0.011936468823934862,0.013740673529485267,0.0048123358249714,0.0148272972159138,0.006434922771475978,0.030000000000000027,0.17270150619094596,0.009519735416462888,False,False,True,False,False
2020-06-02,3064.780029296875,3081.070068359375,3051.639892578125,3080.820068359375,5197150000,26.84000015258789,0.68,0.17,0.0082108327800534,-1.3899993896484375,-0.0492383780442075,0.51,0.005567108343790468,0.008673156623654367,0.01197107629204835,0.0037512348135377,-0.0021079145460738,0.0067144274688858375,0.0,0.14942118879680946,0.012317977870893318,False,False,True,False,False
2020-06-03,3098.89990234375,3130.93994140625,3098.89990234375,3122.8701171875,6005560000,25.65999984741211,0.77,0.19,0.013648979133831,-1.1800003051757812,-0.0439642436090674,0.5800000000000001,0.005196785604708399,0.0075172400818672245,0.012142368688332555,0.0082108327800534,0.0048123358249714,0.005898757217680498,0.09000000000000008,0.13334951782385096,0.012943323500752115,False,False,True,False,False
2020-06-04,3111.56005859375,3128.909912109375,3090.409912109375,3112.35009765625,6451290000,25.809999465942383,0.82,0.19,-0.0033687022311144,0.1499996185302734,0.0058456593695344,0.6299999999999999,0.005583901043552785,0.00725269210204215,0.012211645767187643,0.013648979133831,0.0037512348135377,0.005663093601263937,0.09999999999999998,0.1441204829519725,0.02886859403681268,False,False,True,False,False
2020-06-05,3163.840087890625,3211.719970703125,3163.840087890625,3193.929931640625,8639300000,24.520000457763672,0.91,0.22,0.0262116508183987,-1.289999008178711,-0.0499805902700978,0.6900000000000001,0.009966193154059487,0.008485872521108918,0.012824977640908704,-0.0033687022311144,0.0082108327800534,0.005410936064255817,0.20000000000000007,0.2443710606996998,0.026222546415474814,False,False,True,False,True
2020-06-08,3199.919921875,3233.1298828125,3196.0,3232.389892578125,8498300000,25.809999465942383,0.88,0.22,0.0120415794211692,1.289999008178711,0.0526100727608374,0.66,0.009519735416462909,0.008330370084862124,0.012837355918544163,0.0262116508183987,0.013648979133831,0.009690799062941277,0.14,0.24570436601482046,0.0256490863423874,False,False,True,False,False
2020-06-09,3213.320068359375,3222.7099609375,3193.110107421875,3207.179931640625,6410930000,27.56999969482422,0.84,0.2,-0.0077991708226116,1.760000228881836,0.0681906340681737,0.6399999999999999,0.012317977870893334,0.009624247334970002,0.012878523554350624,0.0120415794211692,-0.0033687022311144,0.011348867984467577,0.1299999999999999,0.3396066461413807,0.02823980432455177,False,False,True,True,False
2020-06-10,3213.419921875,3223.27001953125,3181.489990234375,3190.139892578125,6598870000,27.56999969482422,0.75,0.17,-0.0053130910724373,0.0,0.0,0.58,0.012943323500752127,0.009884140672983576,0.013015927722113982,-0.0077991708226116,0.0262116508183987,0.008146867263934578,-1.1102230246251565e-16,0.3568474249657473,0.028241701005785637,False,False,True,True,False
2020-06-11,3123.530029296875,3123.530029296875,2999.489990234375,3002.10009765625,7037320000,40.790000915527344,0.66,0.19,-0.0589440592744382,13.220001220703123,0.479506759776459,0.47,0.028868594036812686,0.021663898990714383,0.018073631529061485,-0.0053130910724373,0.0120415794211692,0.004354453222680917,-0.15999999999999992,1.1775499771915767,0.008171534512650996,True,True,True,True,True
2020-06-12,3071.0400390625,3088.419921875,2984.469970703125,3041.31005859375,5845330000,36.09000015258789,0.71,0.19,0.0130608439632347,-4.700000762939453,-0.1152243358040799,0.52,0.026222546415474817,0.022011363744786145,0.01764743617119174,-0.0589440592744382,-0.0077991708226116,-0.006760618185983844,-0.17000000000000004,0.9463717041357292,0.008995152110577262,False,False,True,True,False
2020-06-15,2993.760009765625,3079.760009765625,2965.659912109375,3066.590087890625,5757480000,34.400001525878906,0.71,0.19,0.0083122170412852,-1.6899986267089844,-0.0468273377546051,0.52,0.025649086342387405,0.022128203472142314,0.017593328320021584,0.0130608439632347,-0.0053130910724373,-0.009390779557016643,-0.14,0.8823286093155265,0.00883775943306153,False,False,True,True,False
2020-06-16,3131.0,3153.449951171875,3076.06005859375,3124.739990234375,5845810000,33.66999816894531,0.75,0.21,0.0189623981938025,-0.7300033569335938,-0.0212210268765371,0.54,0.028239804324551778,0.022724735035597576,0.017895015136560537,0.0083122170412852,-0.0589440592744382,-0.010136652032993444,-0.09999999999999987,0.9508341598990323,0.004583673294319892,False,True,True,True,False
2020-06-17,3136.1298828125,3141.159912109375,3108.030029296875,3113.489990234375,4560450000,33.470001220703125,0.74,0.19,-0.003600299556174,-0.1999969482421875,-0.005939915625735,0.55,0.028241701005785644,0.022403238133719885,0.0168897235754103,0.0189623981938025,0.0130608439632347,-0.004784338229710625,-0.029999999999999916,0.9452497671383782,0.011667330585751846,False,True,True,True,False
2020-06-18,3101.639892578125,3120.0,3093.510009765625,3115.340087890625,4448690000,32.939998626708984,0.71,0.19,0.0005942198825281,-0.5300025939941406,-0.0158351531121637,0.52,0.008171534512651018,0.02237594986825389,0.016642301281026492,-0.003600299556174,0.0083122170412852,-0.004441779926457964,0.050000000000000044,0.2691703356248296,0.013132182001157547,False,False,True,False,False
2020-06-19,3140.2900390625,3155.530029296875,3083.110107421875,3097.739990234375,8346650000,35.119998931884766,0.7,0.19,-0.0056494948094629,2.180000305175781,0.0661809470571184,0.51,0.008995152110577283,0.020670400423937866,0.01645945129578446,0.0005942198825281,0.0189623981938025,0.007465875904935295,-0.010000000000000009,0.31590973251561516,0.01597420188690153,False,False,True,False,False
2020-06-22,3094.419921875,3120.919921875,3079.389892578125,3117.860107421875,4686690000,31.770000457763672,0.71,0.19,0.0064950955376916,-3.3499984741210938,-0.095387203189226,0.52,0.008837759433061549,0.020335518321461108,0.016331021092572996,-0.0056494948094629,-0.003600299556174,0.0037238081503957756,0.0,0.2807756212339706,0.01748556317837684,False,False,True,False,False
2020-06-23,3138.699951171875,3154.89990234375,3127.1201171875,3131.2900390625,4711850000,31.3700008392334,0.72,0.18,0.0043074195691641,-0.3999996185302734,-0.0125904819882533,0.54,0.0045836732943199295,0.020397157650119187,0.016333781387856593,0.0064950955376916,0.0005942198825281,0.003360383849677056,0.0,0.1437898350895879,0.019038786097740852,False,False,True,False,False
2020-06-24,3114.39990234375,3115.010009765625,3032.1298828125,3050.330078125,5597680000,33.84000015258789,0.69,0.19,-0.0258551459390645,2.469999313354492,0.0787376234388028,0.4999999999999999,0.011667330585751859,0.02160796800028308,0.017281265865898843,0.0043074195691641,-0.0056494948094629,0.0004293881247493761,-0.050000000000000155,0.3948224688021363,0.014764288999778925,False,False,True,True,True
2020-06-25,3046.60009765625,3086.25,3024.010009765625,3083.760009765625,4847690000,32.220001220703125,0.68,0.17,0.0109594472678098,-1.6199989318847656,-0.047872308645982,0.51,0.01313218200115756,0.011906799593069521,0.017153866605267562,-0.0258551459390645,0.0064950955376916,-0.004021581151828724,-0.010000000000000009,0.4231189201077922,0.014410354605474879,False,False,True,True,False
2020-06-26,3073.199951171875,3073.72998046875,3004.6298828125,3009.050048828125,8107850000,34.72999954223633,0.64,0.17,-0.0242269050447859,2.509998321533203,0.0779018692252684,0.47,0.01597420188690154,0.013786832934354318,0.017965597819595995,0.0109594472678098,0.0043074195691641,-0.0019485356747723837,-0.040000000000000036,0.5547840242196811,0.005181782514641348,False,False,True,True,True
2020-06-29,3018.590087890625,3053.889892578125,2999.739990234375,3053.239990234375,4473970000,31.780000686645508,0.64,0.16,0.0146856784331186,-2.9499988555908203,-0.0849409413899711,0.48,0.017485563178376847,0.0143375296766278,0.01821704031429571,-0.0242269050447859,-0.0258551459390645,-0.005664017721836984,-0.040000000000000036,0.5556912098151996,0.009717419354312258,False,False,True,True,False
2020-06-30,3050.199951171875,3111.510009765625,3047.830078125,3100.2900390625,4705850000,30.43000030517578,0.66,0.16,0.0154098757315546,-1.3500003814697266,-0.0424795579704634,0.5,0.019038786097740856,0.013892130831396315,0.01848911051151642,0.0146856784331186,0.0109594472678098,-0.004025901142751584,-0.040000000000000036,0.5793502667644307,0.008666568084994447,False,False,True,True,False
2020-07-01,3105.919921875,3128.43994140625,3101.169921875,3115.860107421875,4449230000,28.6200008392334,0.69,0.17,0.0050221328208643,-1.8099994659423828,-0.0594807574035588,0.5199999999999999,0.014764288999778934,0.013952070356502255,0.018441182047360324,0.0154098757315546,-0.0242269050447859,-0.0018054099102734842,0.020000000000000018,0.42255396356435754,0.009541692261582316,False,False,True,True,False
2020-07-02,3143.639892578125,3165.81005859375,3124.52001953125,3130.010009765625,4197720000,27.68000030517578,0.68,0.16,0.004541250844364,-0.9400005340576172,-0.0328441826168303,0.52,0.01441035460547489,0.01401406160978711,0.018237808864092722,0.0050221328208643,0.0146856784331186,0.004370045841712275,0.010000000000000009,0.39887861987723616,0.010091370770307119,False,False,True,True,False
2020-07-06,3155.2900390625,3182.590087890625,3155.2900390625,3179.719970703125,4759160000,27.940000534057617,0.69,0.16,0.0158817258674588,0.2600002288818359,0.0093930717491075,0.5299999999999999,0.005181782514641378,0.01453751202064726,0.018513168967028298,0.004541250844364,0.0154098757315546,0.003086406557023116,0.05999999999999994,0.14477900622645054,0.008899611120109558,False,False,True,False,False
2020-07-07,3166.43994140625,3184.14990234375,3142.929931640625,3145.320068359375,4571330000,29.43000030517578,0.65,0.16,-0.0108185320281971,1.489999771118164,0.0533285519913258,0.49,0.00971741935431227,0.015008424756110104,0.017796052985281394,0.0158817258674588,0.0050221328208643,0.011108132739472056,0.010000000000000009,0.2859836545629312,0.009102874304508204,False,False,True,False,False
2020-07-08,3153.070068359375,3171.800048828125,3136.530029296875,3169.93994140625,4937310000,28.07999992370605,0.67,0.16,0.0078274619154155,-1.35000038146973,-0.0458715721192944,0.51,0.008666568084994462,0.015122928911155407,0.017676085860082926,-0.0108185320281971,0.004541250844364,0.006007290647208916,0.010000000000000009,0.2433572311654378,0.009239412368135512,False,False,True,False,False
2020-07-09,3176.169921875,3179.780029296875,3115.699951171875,3152.050048828125,4843650000,29.26000022888184,0.62,0.16,-0.0056436061593611,1.1800003051757884,0.0420228030050524,0.4599999999999999,0.00954169226158233,0.012471025801728083,0.01764118697659042,0.0078274619154155,0.0158817258674588,0.004490807883981096,-0.06,0.27918991775781904,0.008826321241013547,False,False,True,False,False
2020-07-10,3152.469970703125,3186.820068359375,3136.219970703125,3185.0400390625,4524190000,27.290000915527344,0.65,0.16,0.0104662012732443,-1.969999313354496,-0.0673273854389774,0.49,0.010091370770307131,0.01244182790023689,0.01776288676717601,-0.0056436061593611,-0.0108185320281971,0.0023576600879360162,-0.030000000000000027,0.2753935175606075,0.008221858968908886,False,False,True,False,False
2020-07-13,3205.080078125,3235.320068359375,3149.429931640625,3155.219970703125,4902440000,32.189998626708984,0.64,0.16,-0.0093625411277882,4.899997711181641,0.1795528599045837,0.48,0.00889961112010957,0.009633656731344637,0.012176621364048438,0.0104662012732443,0.0078274619154155,0.0035426501737120765,-0.04999999999999993,0.2864784697345711,0.005805684686950208,False,False,True,False,False
2020-07-14,3141.110107421875,3200.949951171875,3127.659912109375,3197.52001953125,4507140000,29.520000457763672,0.63,0.14,0.0134063707826679,-2.6699981689453125,-0.08294496063538,0.49,0.009102874304508218,0.009509233437955426,0.012191178078037488,-0.0093625411277882,-0.0056436061593611,-0.0015062032253373235,0.0,0.26871685363604775,0.004613569659156635,False,False,True,False,False
2020-07-15,3225.97998046875,3238.280029296875,3200.760009765625,3226.56005859375,4686830000,27.76000022888184,0.64,0.16,0.009082050740923,-1.7600002288818324,-0.0596206030348809,0.48,0.009239412368135526,0.008968894731327899,0.012209855780548238,0.0134063707826679,0.0104662012732443,0.0033387773368356763,-0.030000000000000027,0.2564860894541759,0.003989291982819842,False,False,True,False,False
2020-07-16,3208.360107421875,3220.389892578125,3198.590087890625,3215.570068359375,3972860000,28.0,0.62,0.16,-0.0034061012455366,0.2399997711181605,0.0086455248249048,0.4599999999999999,0.008826321241013561,0.00922925399061389,0.01169188784286404,0.009082050740923,-0.0093625411277882,0.0035896951019371765,0.0,0.24713699474837972,0.007187819539780753,False,False,True,False,False
2020-07-17,3224.2099609375,3233.52001953125,3205.64990234375,3224.72998046875,4012850000,25.68000030517578,0.64,0.14,0.0028486121946174,-2.3199996948242188,-0.0828571319580078,0.5,0.008221858968908901,0.00921857148691719,0.011640201694053392,-0.0034061012455366,0.0134063707826679,0.004037196084702077,0.010000000000000009,0.21113734083069283,0.00768363527130682,False,False,True,False,False
2020-07-20,3224.2900390625,3258.610107421875,3215.159912109375,3251.840087890625,3979340000,24.459999084472656,0.62,0.16,0.0084069387471426,-1.220001220703125,-0.0475078351325889,0.4599999999999999,0.005805684686950231,0.00841397959798771,0.011722160745796233,0.0028486121946174,0.009082050740923,0.002513678268976696,-0.020000000000000073,0.1420070421275396,0.007455393333073188,False,False,True,False,False
2020-07-21,3268.52001953125,3277.2900390625,3247.77001953125,3257.300048828125,4556610000,24.84000015258789,0.61,0.14,0.0016790373419135,0.3800010681152344,0.0155356125240602,0.47,0.004613569659156661,0.007218753930975833,0.011594253836144458,0.0084069387471426,-0.0034061012455366,0.006067574243962856,-0.020000000000000018,0.11460107103742632,0.007637773714460984,False,False,True,False,False
2020-07-22,3254.860107421875,3279.320068359375,3253.10009765625,3276.02001953125,4267160000,24.31999969482422,0.6,0.14,0.0057470820687397,-0.5200004577636719,-0.0209339957556118,0.4599999999999999,0.003989291982819872,0.007121238656491271,0.011582952870479247,0.0016790373419135,0.0028486121946174,0.0037221075558119764,-0.020000000000000073,0.09701957980474399,0.009336296506418413,False,False,True,False,False
2020-07-23,3271.639892578125,3279.989990234375,3222.659912109375,3235.659912109375,4296760000,26.07999992370605,0.59,0.16,-0.012319859824193,1.7600002288818324,0.0723684313719952,0.4299999999999999,0.007187819539780769,0.008166726695925957,0.011988518391235332,0.0057470820687397,0.0084069387471426,0.0030551138213753166,-0.030000000000000027,0.18745833304909532,0.007760387768104554,False,False,True,False,False
2020-07-24,3218.580078125,3227.260009765625,3200.050048828125,3215.6298828125,3689410000,25.84000015258789,0.59,0.14,-0.0061904000546884,-0.2399997711181605,-0.0092024452385065,0.4499999999999999,0.007683635271306834,0.008102029932238023,0.010477498729373987,-0.012319859824193,0.0016790373419135,0.0012723621056440367,-0.0500000000000001,0.1985451365829983,0.007270562244181107,False,False,True,False,False
2020-07-27,3219.840087890625,3241.429931640625,3214.25,3239.409912109375,3970310000,24.739999771118164,0.62,0.15,0.0073951387950395,-1.1000003814697266,-0.0425696739541063,0.47,0.007455393333073203,0.0074981806464186175,0.01036854341505757,-0.0061904000546884,0.0057470820687397,-0.0005354403442171232,0.010000000000000064,0.18444642935382694,0.007247818555043313,False,False,True,False,False
2020-07-28,3234.27001953125,3243.719970703125,3216.169921875,3218.43994140625,4053180000,25.440000534057617,0.59,0.14,-0.0064733921522979,0.7000007629394531,0.0282942914072554,0.4499999999999999,0.007637773714460999,0.007005963908254404,0.008762265401524204,0.0073951387950395,-0.012319859824193,-0.0007378003346377431,-0.020000000000000073,0.19430496737489902,0.0053785812335303915,False,False,True,False,False
2020-07-29,3227.219970703125,3264.739990234375,3227.219970703125,3258.43994140625,4478200000,24.100000381469727,0.58,0.12,0.01242838167815,-1.3400001525878906,-0.0526729608670398,0.4599999999999999,0.009336296506418425,0.007464356643851943,0.00863419160711195,-0.0064733921522979,-0.0061904000546884,-0.0023682862334800233,0.0,0.22500474936619852,0.004229678581712004,False,False,True,False,False
2020-07-30,3231.760009765625,3250.919921875,3204.1298828125,3246.219970703125,4264920000,24.76000022888184,0.55,0.11,-0.0037502519373892,0.6599998474121129,0.0273858853512543,0.44,0.00776038776810457,0.007485408926448239,0.008295026098260312,0.01242838167815,0.0073951387950395,-0.0010320263115979633,0.01000000000000012,0.19214720291448098,0.001407617019597025,False,False,True,False,False
2020-07-31,3270.449951171875,3272.169921875,3220.260009765625,3271.1201171875,5007530000,24.459999084472656,0.55,0.11,0.0076705049901413,-0.3000011444091832,-0.0121163627478178,0.44,0.007270562244181125,0.007741364471312733,0.008356467201057639,-0.0037502519373892,-0.0064733921522979,0.0006818952657627966,-0.009999999999999898,0.1778379458362718,0.0024385985495241924,False,False,True,False,False
2020-08-03,3288.260009765625,3302.72998046875,3284.530029296875,3294.610107421875,4438940000,24.280000686645508,0.56,0.11,0.0071810234393261,-0.1799983978271484,-0.0073588881669832,0.45,0.007247818555043332,0.007639407247594133,0.008408131532603993,0.0076705049901413,0.01242838167815,0.0034540762747287367,-0.019999999999999962,0.17597703949313415,0.002229871346829868,False,False,True,False,False
2020-08-04,3289.919921875,3306.840087890625,3286.3701171875,3306.510009765625,4414380000,23.76000022888184,0.52,0.11,0.0036119303819721,-0.5200004577636683,-0.0214168222017258,0.41,0.0053785812335304176,0.007670014339236044,0.007865258239583423,0.0071810234393261,-0.0037502519373892,0.0034112532035860564,-0.039999999999999925,0.1277950913397423,0.005299568942357506,False,False,True,False,False
2020-08-05,3317.3701171875,3330.77001953125,3317.3701171875,3327.77001953125,4535060000,22.989999771118164,0.55,0.11,0.0064297430531994,-0.7700004577636754,-0.0324074263613721,0.44,0.004229678581712036,0.007710176887488978,0.007380430758501349,0.0036119303819721,0.0076705049901413,0.005428317710440056,-0.019999999999999907,0.09724030962546311,0.007190634999665512,False,False,True,False,False
2020-08-06,3323.169921875,3351.030029296875,3318.139892578125,3349.159912109375,4278930000,22.64999961853028,0.55,0.11,0.0064276955596642,-0.3400001525878871,-0.0147890454968608,0.44,0.001407617019597126,0.006236423355441875,0.007340176581903393,0.0064297430531994,0.0071810234393261,0.0042285899854499365,0.0,0.03188252495691163,0.007220820261766778,False,False,True,False,False
2020-08-07,3340.050048828125,3352.5400390625,3328.719970703125,3351.280029296875,4110030000,22.209999084472656,0.57,0.13,0.0006330295486443,-0.4400005340576207,-0.0194260724709969,0.4399999999999999,0.0024385985495242487,0.0054677002937235895,0.007120926662184115,0.0064276955596642,0.0036119303819721,0.006264179484860616,-1.1102230246251565e-16,0.054161271552329915,0.007246636135578937,False,False,False,False,False
2020-08-10,3356.0400390625,3363.2900390625,3335.43994140625,3360.469970703125,4327920000,22.1299991607666,0.59,0.14,0.002742218294476,-0.0799999237060546,-0.003601977802961,0.4499999999999999,0.0022298713468299276,0.0053692968830264575,0.006919743748095252,0.0006330295486443,0.0064297430531994,0.004856684396561216,-1.1102230246251565e-16,0.04934705103396379,0.00724536795581433,False,False,False,False,False
2020-08-11,3370.340087890625,3381.010009765625,3326.43994140625,3333.68994140625,4880540000,24.030000686645508,0.64,0.16,-0.0079691321542361,1.9000015258789065,0.0858563758668071,0.48,0.00529956894235753,0.00566313387638471,0.006810728271557627,0.002742218294476,0.0064276955596642,0.003968923367591196,0.07,0.12734864532377665,0.005592620645244182,False,False,True,False,False
2020-08-12,3355.4599609375,3387.889892578125,3355.4599609375,3380.35009765625,3772250000,22.280000686645508,0.69,0.16,0.0139965494902376,-1.75,-0.0728256325424305,0.5299999999999999,0.0071906349996655305,0.005922832290412968,0.006856135235502631,-0.0079691321542361,0.0006330295486443,0.0016527108603495565,0.08999999999999991,0.16020735272996525,0.0026739278732078008,False,False,False,False,False
2020-08-13,3372.949951171875,3387.239990234375,3363.35009765625,3373.429931640625,3438730000,22.1299991607666,0.71,0.16,-0.0020471743504979,-0.1500015258789062,-0.0067325637906652,0.5499999999999999,0.007220820261766796,0.005727497062091209,0.006769977483591274,0.0139965494902376,0.002742218294476,0.0031660721477571965,0.10999999999999993,0.15979674633294566,0.002809569481840003,False,False,False,False,False
2020-08-14,3368.659912109375,3378.510009765625,3361.639892578125,3372.85009765625,3200060000,22.049999237060547,0.71,0.14,-0.0001718826227681,-0.0799999237060546,-0.0036149989489328,0.57,0.007246636135578954,0.005689884568926822,0.006678111615488893,-0.0020471743504979,-0.0079691321542361,0.0014710981657247765,0.13000000000000006,0.15978832126077133,0.0029486611187069115,False,False,False,False,False
2020-08-17,3380.860107421875,3387.590087890625,3379.219970703125,3381.989990234375,3460330000,21.350000381469727,0.69,0.14,0.0027098425110787,-0.6999988555908203,-0.0317459809438132,0.5499999999999999,0.007245367955814347,0.005523565389376185,0.006677632986462455,-0.0001718826227681,0.0139965494902376,0.0013101157314422966,0.10000000000000003,0.15468860862052483,0.004584804804515969,False,False,False,False,False
2020-08-18,3387.0400390625,3395.06005859375,3370.14990234375,3389.780029296875,3669550000,21.51000022888184,0.67,0.14,0.0023033891540169,0.1599998474121129,0.0074941379181885,0.53,0.0055926206452442066,0.005514394308524273,0.006536502029345935,0.0027098425110787,-0.0020471743504979,0.0013036405747628367,0.050000000000000044,0.12029727135925218,0.004579843453814894,False,False,False,False,False
2020-08-19,3392.510009765625,3399.5400390625,3369.659912109375,3374.85009765625,3679480000,22.540000915527344,0.68,0.14,-0.0044043954214108,1.0300006866455045,0.0478847362010952,0.54,0.002673927873207845,0.005698183904044728,0.006677657839065156,0.0023033891540169,-0.0001718826227681,0.0033581448364134367,0.01000000000000012,0.06027033671015891,0.003295932168416296,False,False,True,False,False
2020-08-20,3360.47998046875,3390.800048828125,3354.68994140625,3385.510009765625,3431040000,22.71999931335449,0.65,0.13,0.0031586327691348,0.1799983978271448,0.0079857316111795,0.52,0.0028095694818400466,0.005491660202241842,0.006625724483609546,-0.0044043954214108,0.0027098425110787,-0.0003220441459162431,-0.029999999999999916,0.06383341669822759,0.0035995105520857675,False,False,True,False,False
2020-08-21,3386.010009765625,3399.9599609375,3379.31005859375,3397.159912109375,3505010000,22.540000915527344,0.64,0.16,0.0034411070444764,-0.1799983978271448,-0.0079224649325294,0.48,0.002948661118706954,0.005532494775687738,0.0058556476908583005,0.0031586327691348,0.0023033891540169,0.0007191172780102969,-0.08999999999999997,0.06646282431523462,0.0034054948168958515,False,False,True,False,False
2020-08-24,3418.090087890625,3432.090087890625,3413.1298828125,3431.280029296875,3743410000,22.3700008392334,0.65,0.14,0.0100437183030086,-0.1700000762939453,-0.0075421503721783,0.51,0.004584804804515997,0.006115699606056664,0.005749192436837829,0.0034411070444764,-0.0044043954214108,0.0014417152114591968,-0.039999999999999925,0.10256208732474417,0.004238110779557168,False,False,False,False,False
2020-08-25,3435.949951171875,3444.2099609375,3425.840087890625,3443.6201171875,3627650000,22.030000686645508,0.69,0.15,0.0035963511532906,-0.3400001525878906,-0.0151989333854465,0.5399999999999999,0.004579843453814922,0.005112270733232569,0.005670816338296307,0.0100437183030086,0.0031586327691348,0.0029084903698451767,0.009999999999999898,0.10089395443227167,0.00444926160740353,False,False,False,False,False
2020-08-26,3449.969970703125,3481.070068359375,3444.14990234375,3478.72998046875,3780530000,23.270000457763672,0.69,0.16,0.0101956261394839,1.239999771118164,0.0562868693812546,0.5299999999999999,0.0032959321684163396,0.004390418014122894,0.0054616033565994294,0.0035963511532906,0.0034411070444764,0.0031670827696999165,-0.01000000000000012,0.07669634306780623,0.005938031362230194,False,False,True,False,False
2020-08-27,3485.139892578125,3501.3798828125,3468.35009765625,3484.550048828125,3955890000,24.46999931335449,0.74,0.16,0.0016730440109038,1.1999988555908168,0.0515684929946125,0.58,0.003599510552085807,0.0041052970145672085,0.005114715081036569,0.0101956261394839,0.0100437183030086,0.006087087081878858,0.05999999999999994,0.08808002073795193,0.017690999339840467,False,False,True,False,False
2020-08-28,3494.68994140625,3509.22998046875,3484.320068359375,3508.010009765625,3868510000,22.959999084472656,0.74,0.14,0.0067325653552858,-1.5100002288818324,-0.0617082252249083,0.6,0.003405494816895894,0.004051218808530381,0.004918553684340391,0.0016730440109038,0.0035963511532906,0.005789969330232656,0.12,0.0781901578781061,0.017295714378418765,False,False,True,False,False
2020-08-31,3509.72998046875,3514.77001953125,3493.25,3500.31005859375,4348280000,26.40999984741211,0.72,0.14,-0.0021949627140287,3.450000762939453,0.1502613632625364,0.58,0.0042381107795572,0.0044484990537038555,0.004988680643448316,0.0067325653552858,0.0101956261394839,0.006448260992394536,0.06999999999999995,0.11192850504142127,0.01949324381937872,False,False,True,False,False
2020-09-01,3507.43994140625,3528.030029296875,3494.60009765625,3526.64990234375,4101490000,26.1200008392334,0.68,0.13,0.0075250030166134,-0.2899990081787109,-0.0109806516415836,0.55,0.004449261607403562,0.004587033601904232,0.005002132754423823,-0.0021949627140287,0.0016730440109038,0.004000524788987077,0.01000000000000012,0.11621471691934998,0.022182001380324362,False,False,True,False,False
2020-09-02,3543.760009765625,3588.110107421875,3535.22998046875,3580.840087890625,4295640000,26.56999969482422,0.66,0.14,0.0153659101548075,0.4499988555908203,0.017228133274594,0.52,0.005938031362230218,0.0048041112497110615,0.005628704742645729,0.0075250030166134,0.0067325653552858,0.004786255161651637,-0.009999999999999898,0.15777349148231354,0.019226091946917316,False,False,True,False,False
2020-09-03,3564.739990234375,3564.85009765625,3427.409912109375,3455.06005859375,4911830000,33.599998474121094,0.63,0.13,-0.0351258437153412,7.029998779296875,0.2645840745216983,0.5,0.017690999339840474,0.013281344847423899,0.009983161551067392,0.0153659101548075,-0.0021949627140287,0.005820311964716357,-0.07999999999999996,0.5944175508243172,0.01635098430350403,False,False,True,True,True
2020-09-04,3453.60009765625,3479.14990234375,3349.6298828125,3426.9599609375,4438720000,30.75,0.72,0.14,-0.0081330272642748,-2.8499984741210938,-0.0848213870103649,0.58,0.01729571437841877,0.013616335656596465,0.010144761997939776,-0.0351258437153412,0.0075250030166134,-0.001539465580532643,-0.020000000000000018,0.5318432171363772,0.017998195473937793,False,False,True,True,False
2020-09-08,3371.8798828125,3379.969970703125,3329.27001953125,3331.840087890625,4694330000,31.459999084472656,0.69,0.14,-0.0277563421023609,0.7099990844726562,0.023089401121062,0.5499999999999999,0.019493243819378725,0.01566482832114328,0.01186823658334932,-0.0081330272642748,0.0153659101548075,-0.004512584104444763,-0.030000000000000027,0.6132574327110569,0.012777070528736827,False,False,True,True,True
2020-09-09,3369.820068359375,3424.77001953125,3366.840087890625,3398.9599609375,3932520000,28.809999465942383,0.71,0.14,0.0201449863367746,-2.649999618530273,-0.0842339381960822,0.57,0.022182001380324366,0.01706588566355999,0.012628374752401831,-0.0277563421023609,-0.0351258437153412,-0.009624859982111203,0.019999999999999907,0.6390634479206782,0.010175340543207114,False,False,True,True,False
2020-09-10,3412.56005859375,3425.550048828125,3329.25,3339.18994140625,4208630000,29.709999084472656,0.68,0.14,-0.0175847965901794,0.8999996185302734,0.031239140410058,0.54,0.01922609194691732,0.017251790723910154,0.01309723694465131,0.0201449863367746,-0.0081330272642748,-0.007100863318078962,0.020000000000000018,0.5712071741409007,0.007429857269014202,False,False,True,True,False
2020-09-11,3352.699951171875,3368.949951171875,3310.469970703125,3340.969970703125,3710090000,26.8700008392334,0.67,0.13,0.000533072190594,-2.839998245239258,-0.0955906540812896,0.54,0.016350984303504033,0.017218088163474393,0.01272883153680567,-0.0175847965901794,-0.0277563421023609,-0.013691004667076342,0.040000000000000036,0.4393509619574455,0.008932293777341154,False,False,True,True,False
2020-09-14,3363.56005859375,3402.929931640625,3363.56005859375,3383.5400390625,3839580000,25.850000381469727,0.68,0.14,0.0127418290893575,-1.020000457763672,-0.037960566650759,0.54,0.0179981954739378,0.017682500936661235,0.013028014637730014,0.000533072190594,0.0201449863367746,-0.006559221485889302,-0.039999999999999925,0.46525335986705885,0.0061876190129842735,False,False,True,True,False
2020-09-15,3407.72998046875,3419.47998046875,3389.25,3401.199951171875,4057190000,25.59000015258789,0.68,0.14,0.005219359577689,-0.2600002288818359,-0.0100580357851063,0.54,0.012777070528736839,0.017873920615715782,0.013070649007262188,0.0127418290893575,-0.0175847965901794,-0.002384250215162843,-0.009999999999999898,0.32696523678000194,0.008172948642701386,False,False,True,True,False
2020-09-16,3411.22998046875,3428.919921875,3384.449951171875,3385.489990234375,4718900000,26.040000915527344,0.69,0.14,-0.0046189465962115,0.4500007629394531,0.0175850238474479,0.5499999999999999,0.010175340543207127,0.01754703636118442,0.013104382938018166,0.005219359577689,0.000533072190594,0.004210890120847137,-0.020000000000000018,0.26496587706091607,0.011039125446283476,False,False,True,False,False
2020-09-17,3346.860107421875,3375.169921875,3328.820068359375,3357.010009765625,4379840000,26.459999084472656,0.69,0.13,-0.0084123658764024,0.4199981689453125,0.0161289613739941,0.5599999999999999,0.007429857269014221,0.016342012138265367,0.013218189475576786,-0.0046189465962115,0.0127418290893575,-0.0007418964657500835,0.019999999999999907,0.1965940165358788,0.012031619435970779,False,False,True,False,False
2020-09-18,3357.3798828125,3362.27001953125,3292.39990234375,3319.469970703125,7076400000,25.82999992370605,0.7,0.14,-0.0111825818074104,-0.6299991607666051,-0.0238094929162829,0.5599999999999999,0.008932293777341166,0.013439337844886079,0.013394243987185602,-0.0084123658764024,0.005219359577689,0.0010925896770053168,0.019999999999999907,0.23072114758724235,0.014592143890373506,False,False,True,False,False
2020-09-21,3285.570068359375,3285.570068359375,3229.10009765625,3281.06005859375,4836070000,27.780000686645508,0.68,0.14,-0.0115710979308057,1.950000762939457,0.0754936418389147,0.54,0.006187619012984287,0.013586278530948508,0.013558635836060253,-0.0111825818074104,-0.0046189465962115,-0.001250541122595563,0.0,0.1718920604294043,0.014841805164918434,False,False,True,False,False
2020-09-22,3295.75,3320.31005859375,3270.949951171875,3315.570068359375,3974510000,26.86000061035156,0.68,0.13,0.0105179451608137,-0.9200000762939488,-0.0331173525397432,0.55,0.008172948642701398,0.011682556306545425,0.01376116516876641,-0.0115710979308057,-0.0084123658764024,-0.006113126526628203,0.010000000000000009,0.2195254055313315,0.014839439837403379,False,False,True,False,False
2020-09-23,3320.110107421875,3323.35009765625,3232.570068359375,3236.919921875,4378650000,28.57999992370605,0.68,0.14,-0.0237214550930281,1.7199993133544922,0.0640357138596499,0.54,0.011039125446283481,0.01136804021964683,0.014330493431531805,0.0105179451608137,-0.0111825818074104,-0.005053409410003264,-0.009999999999999898,0.31549820441256343,0.007979016894762573,False,False,True,True,True
2020-09-24,3226.139892578125,3278.699951171875,3209.449951171875,3246.590087890625,4601920000,28.51000022888184,0.67,0.14,0.002987459142957,-0.0699996948242116,-0.0024492545490228,0.53,0.012031619435970786,0.010712237428702302,0.014318397658945109,-0.0237214550930281,-0.0115710979308057,-0.008873911109366583,-0.029999999999999916,0.3430214728733463,0.007756700211900501,False,False,True,True,False
2020-09-25,3236.659912109375,3306.8798828125,3228.43994140625,3298.4599609375,3803330000,26.3799991607666,0.66,0.12,0.0159767237756141,-2.130001068115238,-0.0747106647146729,0.54,0.014592143890373515,0.012097942959154026,0.01461613364791982,0.002987459142957,0.0105179451608137,-0.006593946105494704,-0.019999999999999907,0.38494074358183883,0.009208337213133782,False,False,True,True,False
2020-09-28,3333.89990234375,3360.739990234375,3332.909912109375,3351.60009765625,3950910000,26.190000534057617,0.67,0.14,0.0161105901990838,-0.1899986267089843,-0.0072023742514578,0.53,0.014841805164918441,0.012521149517217275,0.015123381268822842,0.0159767237756141,-0.0237214550930281,-0.001162084988889804,-0.010000000000000009,0.3887068851955931,0.009750584643644086,False,False,True,True,False
2020-09-29,3350.919921875,3357.919921875,3327.5400390625,3335.469970703125,3661590000,26.270000457763672,0.66,0.11,-0.0048126645432444,0.0799999237060546,0.0030545980173624,0.55,0.014839439837403386,0.012394366875037487,0.01501501298668282,0.0161105901990838,0.002987459142957,0.004374252637088095,0.0,0.3898320913215434,0.011776665232726365,False,False,True,True,False
2020-09-30,3341.2099609375,3393.56005859375,3340.469970703125,3363.0,4738640000,26.3700008392334,0.69,0.13,0.0082537182282207,0.1000003814697265,0.0038066379797176,0.5599999999999999,0.007979016894762594,0.01270682362689489,0.015181954762905878,-0.0048126645432444,0.0159767237756141,0.0013081306962764755,0.019999999999999907,0.21040668221114708,0.013282410287201115,False,False,True,False,False
2020-10-01,3385.8701171875,3397.179931640625,3361.389892578125,3380.800048828125,4076340000,26.700000762939453,0.68,0.14,0.0052929077692909,0.3299999237060547,0.0125142174138681,0.54,0.007756700211900521,0.012526542133218401,0.015124086595832175,0.0082537182282207,0.0161105901990838,0.007703165360526236,0.010000000000000009,0.20710390157563652,0.013402870867380559,False,False,True,False,False
2020-10-02,3338.93994140625,3369.10009765625,3323.68994140625,3348.419921875,3975180000,27.6299991607666,0.7,0.13,-0.0095776521786163,0.9299983978271484,0.0348313996723932,0.57,0.009208337213133794,0.012381623674655538,0.014695322808108043,0.0052929077692909,-0.0048126645432444,0.008164255085793017,0.029999999999999916,0.2544263494709426,0.011580767028845553,False,False,True,False,False
2020-10-05,3367.27001953125,3409.570068359375,3367.27001953125,3408.60009765625,3692720000,27.959999084472656,0.78,0.14,0.017972708676142,0.3299999237060547,0.0119435372323368,0.64,0.009750584643644098,0.012565883559133233,0.01348229256649512,-0.0095776521786163,0.0082537182282207,0.0030533798949469366,0.10999999999999999,0.2726263377093621,0.0113166763529621,False,False,True,False,False
2020-10-06,3408.739990234375,3431.56005859375,3354.5400390625,3360.969970703125,4453390000,29.479999542236328,0.76,0.14,-0.0139735156922267,1.520000457763672,0.0543633944039645,0.62,0.011776665232726373,0.013396633431151253,0.013694353828385353,0.017972708676142,0.0052929077692909,0.003425803590358577,0.06999999999999995,0.347176085669844,0.00849386384823907,False,False,True,True,False
2020-10-07,3384.56005859375,3426.260009765625,3384.56005859375,3419.43994140625,3814750000,28.059999465942383,0.81,0.16,0.0173967548692179,-1.420000076293945,-0.0481682529967307,0.65,0.013282410287201125,0.011163563312560998,0.012814560647486468,-0.0139735156922267,-0.0095776521786163,0.0015936333605621172,0.09000000000000008,0.3727044255652912,0.009080511343630315,False,False,True,True,False
2020-10-08,3434.280029296875,3447.280029296875,3428.14990234375,3446.830078125,3867640000,26.36000061035156,0.78,0.13,0.0080101236424949,-1.699998855590824,-0.060584422236151,0.65,0.01340287086738057,0.011149379933873466,0.01221202867948307,0.0173967548692179,0.017972708676142,0.003422240688761557,0.10999999999999999,0.35329968424461494,0.009051666482602945,False,False,True,True,False
2020-10-09,3459.669921875,3482.340087890625,3458.070068359375,3477.139892578125,3944090000,25.0,0.79,0.16,0.0087935331206152,-1.360000610351559,-0.0515933451768391,0.63,0.011580767028845567,0.010710411255160316,0.011603956918624607,0.0080101236424949,-0.0139735156922267,0.003965683863402357,0.06000000000000005,0.28951917572113917,0.008421381464305891,False,False,True,True,False
2020-10-12,3500.02001953125,3549.85009765625,3499.610107421875,3534.219970703125,3435760000,25.06999969482422,0.79,0.16,0.0164158129636475,0.0699996948242187,0.0027999877929687,0.63,0.011316676352962112,0.01074143256884131,0.011994910846277513,0.0087935331206152,0.0173967548692179,0.007639920923248657,-0.010000000000000009,0.2837090727151846,0.00574006169267564,False,False,True,True,False
2020-10-13,3534.010009765625,3534.010009765625,3500.860107421875,3511.929931640625,3611100000,26.06999969482422,0.74,0.16,-0.0063069189940844,1.0,0.0398883132099301,0.58,0.00849386384823909,0.010891490588078626,0.011925310137093243,0.0164158129636475,0.0080101236424949,0.007328541780749756,-0.040000000000000036,0.22143502793147152,0.007186837553094519,False,False,True,False,False
2020-10-14,3515.469970703125,3527.93994140625,3480.550048828125,3488.669921875,3858510000,26.39999961853028,0.73,0.14,-0.0066231417535027,0.3299999237060582,0.0126582250697753,0.59,0.009080511343630328,0.01138156687604669,0.012031994939430801,-0.0063069189940844,0.0087935331206152,0.008861861120378216,-0.06000000000000005,0.23972549600790055,0.007071516521078336,False,False,True,False,False
2020-10-15,3453.719970703125,3489.080078125,3440.889892578125,3483.340087890625,3724550000,26.96999931335449,0.74,0.14,-0.0015277553060997,0.5699996948242116,0.0215908978432002,0.6,0.009051666482602957,0.01147208376848604,0.011977685067048,-0.0066231417535027,0.0164158129636475,0.004057881795834097,-0.050000000000000044,0.2441234388205156,0.007833607561330539,False,False,True,False,False
2020-10-16,3493.5,3515.760009765625,3480.449951171875,3483.81005859375,4688030000,27.40999984741211,0.76,0.14,0.0001349195574553,0.4400005340576207,0.0163144436507178,0.62,0.008421381464305903,0.010749597418631218,0.011779923976296658,-0.0015277553060997,-0.0063069189940844,0.0021503060061151763,-0.010000000000000009,0.23083006465162398,0.00809534405089588,False,False,True,False,False
2020-10-19,3493.659912109375,3502.419921875,3419.929931640625,3426.919921875,4091080000,29.18000030517578,0.78,0.16,-0.016329861778318,1.770000457763672,0.0645749896978122,0.62,0.005740061692675651,0.011215816287019056,0.0120975347962967,0.0001349195574553,-0.0066231417535027,0.00041858329348319655,-0.010000000000000009,0.1674950019440033,0.008954523858193706,False,False,True,False,False
2020-10-20,3439.3798828125,3476.929931640625,3435.64990234375,3443.1201171875,3917850000,29.350000381469727,0.81,0.14,0.0047273340731102,0.1700000762939453,0.0058259107099389,0.67,0.007186837553094529,0.01013734819822839,0.011745903002504759,-0.016329861778318,-0.0015277553060997,-0.006130551654909904,0.09000000000000008,0.21093368492488537,0.008399700893034124,False,False,True,False,False
2020-10-21,3439.909912109375,3464.860107421875,3433.06005859375,3435.56005859375,4103960000,28.64999961853028,0.83,0.14,-0.0021956999281005,-0.7000007629394496,-0.0238501108634192,0.69,0.007071516521078347,0.008878043437296663,0.011637351834455864,0.0047273340731102,0.0001349195574553,-0.003923701041470984,0.09999999999999998,0.20259894563132522,0.015321110170928508,False,False,True,False,False
2020-10-22,3438.5,3460.530029296875,3415.340087890625,3453.489990234375,4172060000,28.11000061035156,0.87,0.16,0.0052189253963921,-0.539999008178718,-0.0188481331716827,0.71,0.007833607561330549,0.008679508477806824,0.010157433456510325,-0.0021956999281005,-0.016329861778318,-0.0030382126763905436,0.10999999999999999,0.22020271333025632,0.016792594438411804,False,False,True,False,False
2020-10-23,3464.89990234375,3466.4599609375,3440.449951171875,3465.389892578125,3651600000,27.549999237060547,0.85,0.18,0.0034457613537031,-0.5600013732910121,-0.0199217844586168,0.6699999999999999,0.008095344050895893,0.008291522622128606,0.01015757417256957,0.0052189253963921,0.0047273340731102,-0.0016888765358921837,0.04999999999999993,0.22302672242592447,0.01573581141966009,False,False,True,False,False
2020-10-26,3441.419921875,3441.419921875,3364.860107421875,3400.969970703125,4002210000,32.459999084472656,0.81,0.16,-0.0185895162945356,4.909999847412109,0.1782214150048733,0.65,0.008954523858193716,0.007872482171002872,0.010732060225641223,0.0034457613537031,-0.0021956999281005,-0.0010267081766426234,0.030000000000000027,0.2906638362388566,0.01765751467984761,False,False,True,False,False
2020-10-27,3403.14990234375,3409.510009765625,3388.7099609375,3390.679931640625,3962400000,33.349998474121094,0.79,0.16,-0.0030256189119989,0.8899993896484375,0.0274183430299039,0.63,0.008399700893034134,0.007829612015228499,0.01025602382494009,-0.0185895162945356,0.0052189253963921,-0.0014786390798861432,-0.040000000000000036,0.280130011965762,0.019989606578649746,False,False,True,False,False
2020-10-28,3342.47998046875,3342.47998046875,3268.889892578125,3271.030029296875,5139970000,40.27999877929688,0.79,0.16,-0.0352878787606047,6.930000305175788,0.2077961206071217,0.63,0.01532111017092851,0.012381138794903662,0.01276829119251466,-0.0030256189119989,0.0034457613537031,-0.003029229676907963,-0.05999999999999994,0.6171342989824734,0.011866402275096825,False,False,True,True,True
2020-10-29,3277.169921875,3341.050048828125,3259.820068359375,3310.110107421875,4911860000,37.59000015258789,0.85,0.16,0.0119473308942383,-2.6899986267089915,-0.0667824902738477,0.69,0.016792594438411808,0.013513386563657586,0.012917010626748354,-0.0352878787606047,-0.0185895162945356,-0.009647665443408802,-0.020000000000000018,0.6312336275022464,0.012429922802312856,False,False,True,True,False
2020-10-30,3293.590087890625,3304.929931640625,3233.93994140625,3269.9599609375,4843930000,38.02000045776367,0.88,0.14,-0.0121295501301756,0.4300003051757812,0.0114392206286324,0.74,0.015735811419660094,0.013548614745342727,0.013065993806526557,0.0119473308942383,-0.0030256189119989,-0.008301984343839563,0.07000000000000006,0.5982755573787596,0.007944973575832733,False,False,True,True,False
2020-11-02,3296.199951171875,3330.139892578125,3279.739990234375,3310.239990234375,4314690000,37.130001068115234,0.87,0.16,0.0123182026012718,-0.8899993896484375,-0.0234087159109094,0.71,0.017657514679847615,0.014124948405792906,0.013252127506924897,-0.0121295501301756,-0.0352878787606047,-0.011417046640615302,0.05999999999999994,0.6556235389230024,0.007979089034863811,False,False,True,True,False
2020-11-03,3336.25,3389.489990234375,3336.25,3369.159912109375,4241380000,35.54999923706055,0.9,0.17,0.0177992900964345,-1.5800018310546875,-0.0425532395799332,0.73,0.01998960657864975,0.015363229087419541,0.013240689279009748,0.0123182026012718,0.0119473308942383,-0.005235502861453821,0.09999999999999998,0.710630498620139,0.009724677944847458,False,False,True,True,False
2020-11-04,3406.4599609375,3486.25,3405.169921875,3443.43994140625,4790400000,29.56999969482422,0.78,0.14,0.0220470477016834,-5.979999542236328,-0.1682137741370816,0.64,0.011866402275096844,0.01697691796322724,0.013704738298053467,0.0177992900964345,-0.0121295501301756,-0.0010705210597671412,0.010000000000000009,0.3508895116532751,0.007752870621706415,False,False,True,True,False
2020-11-05,3485.739990234375,3529.050048828125,3485.739990234375,3510.449951171875,4858150000,27.57999992370605,0.79,0.14,0.0194601941389629,-1.989999771118168,-0.0672979300526164,0.65,0.012429922802312875,0.01789601684901535,0.013827009037855437,0.0220470477016834,0.0123182026012718,0.010396464232690477,-0.039999999999999925,0.3428172699394612,0.007552980939032634,False,False,True,True,False
2020-11-06,3508.340087890625,3521.580078125,3484.340087890625,3509.43994140625,4842460000,24.86000061035156,0.83,0.16,-0.0002877151874185,-2.719999313354492,-0.0986221653690633,0.6699999999999999,0.007944973575832766,0.017896701723735416,0.013749317459094317,0.0194601941389629,0.0177992900964345,0.011899036881635398,-0.07000000000000006,0.1975120479444296,0.008820865948984864,False,False,True,False,False
2020-11-09,3583.0400390625,3645.989990234375,3547.47998046875,3550.5,8570510000,25.75,0.96,0.17,0.0116998892356872,0.889999389648441,0.0358004572726298,0.7899999999999999,0.007979089034863844,0.016781406923068648,0.013841862103358199,-0.0002877151874185,0.0220470477016834,0.014267403870186818,0.07999999999999996,0.205461542647744,0.008812208304120932,False,False,True,False,False
2020-11-10,3543.260009765625,3557.219970703125,3511.909912109375,3545.530029296875,6037470000,24.799999237060547,0.98,0.19,-0.001399794593191,-0.9500007629394532,-0.0368932335122117,0.79,0.00972467794484748,0.016715901642697293,0.013416017858722236,0.0116998892356872,0.0194601941389629,0.014143741197069898,0.06000000000000005,0.24117200561287705,0.009340155500057576,False,False,True,False,False
2020-11-11,3563.219970703125,3581.159912109375,3557.0,3572.659912109375,4635560000,23.450000762939453,0.98,0.19,0.0076518553187603,-1.3499984741210938,-0.0544354240182268,0.79,0.007752870621706438,0.010132463794013339,0.013420846499991734,-0.001399794593191,-0.0002877151874185,0.010303924259144798,0.15000000000000002,0.18180482199398684,0.010741905130532997,False,False,True,False,False
2020-11-12,3562.669921875,3569.02001953125,3518.580078125,3537.010009765625,4909660000,25.350000381469727,0.88,0.17,-0.009978532303877,1.8999996185302732,0.081023435254341,0.71,0.0075529809390326485,0.011515966097357517,0.013529085943025591,0.0076518553187603,0.0116998892356872,0.007424885782560178,0.05999999999999994,0.1914680696857112,0.009593307077446067,False,False,True,False,False
2020-11-13,3552.570068359375,3593.659912109375,3552.570068359375,3585.14990234375,4719580000,23.100000381469727,0.89,0.17,0.0136103354090635,-2.25,-0.0887573951140726,0.72,0.008820865948984881,0.009758023143294754,0.013789438442848643,-0.009978532303877,-0.001399794593191,0.0015371404939921978,0.050000000000000044,0.20376200678644407,0.008278442739986897,False,False,True,False,False
2020-11-16,3600.159912109375,3628.510009765625,3600.159912109375,3626.909912109375,5295510000,22.450000762939453,0.91,0.19,0.0116480512400123,-0.6499996185302734,-0.0281385111600123,0.72,0.008812208304120947,0.009739293738023262,0.013953418109641577,0.0136103354090635,0.0076518553187603,0.004316750613288597,-0.06999999999999995,0.19783408315069664,0.0065323007690765555,False,False,True,False,False
2020-11-17,3610.31005859375,3623.110107421875,3588.679931640625,3609.530029296875,4812180000,22.709999084472656,0.87,0.18,-0.0047919256980916,0.2599983215332031,0.0115812166012221,0.69,0.009340155500057588,0.01010178540406629,0.013437824988245228,0.0116480512400123,-0.009978532303877,0.004306383014153618,-0.10000000000000009,0.21211492285514008,0.009772238624036287,False,False,True,False,False
2020-11-18,3612.090087890625,3619.090087890625,3567.330078125,3567.7900390625,5284810000,23.84000015258789,0.88,0.16,-0.011563829610944,1.1300010681152344,0.0497578649788603,0.72,0.010741905130533004,0.010116344022520435,0.013757116873739678,-0.0047919256980916,0.0136103354090635,0.0036279567931734973,-0.07000000000000006,0.2560870199509915,0.007705374481795541,False,False,True,True,False
2020-11-19,3559.409912109375,3585.219970703125,3543.840087890625,3581.8701171875,4363370000,23.11000061035156,0.86,0.18,0.0039464424674215,-0.7299995422363317,-0.030620785971643,0.6799999999999999,0.009593307077446078,0.008649053989279613,0.013734536821553602,-0.011563829610944,0.0116480512400123,-0.00021518019276736203,-0.030000000000000027,0.22170133241506879,0.007711274370945709,False,False,True,False,False
2020-11-20,3579.31005859375,3581.22998046875,3556.85009765625,3557.5400390625,4236370000,23.700000762939453,0.83,0.16,-0.0067925629151801,0.5900001525878942,0.0255300794896395,0.6699999999999999,0.008278442739986906,0.009036599438881118,0.01384171443673628,0.0039464424674215,-0.0047919256980916,0.002569814761492337,-0.050000000000000044,0.19619909925364024,0.0071754156620593545,False,False,True,False,False
2020-11-23,3566.820068359375,3589.81005859375,3552.77001953125,3577.590087890625,5057550000,22.65999984741211,0.86,0.16,0.0056359306172162,-1.0400009155273438,-0.0438818937573044,0.7,0.006532300769076565,0.008513611582630419,0.013864133745276052,-0.0067925629151801,-0.011563829610944,-0.0015107649033563825,-0.020000000000000018,0.14802193443052497,0.00781985793486638,False,False,True,False,False
2020-11-24,3594.52001953125,3642.31005859375,3594.52001953125,3635.409912109375,6280290000,21.63999938964844,0.88,0.16,0.0161616682734162,-1.0200004577636683,-0.0450132596925042,0.72,0.009772238624036297,0.00961892199493096,0.013420605554008458,0.0056359306172162,0.0039464424674215,-0.0027131890279156025,0.030000000000000027,0.2114712378596444,0.00533669502933142,False,False,False,False,False
2020-11-25,3635.5,3635.5,3617.760009765625,3629.64990234375,4910440000,21.25,0.88,0.17,-0.0015844182375249,-0.389999389648441,-0.0180221534495512,0.71,0.007705374481795557,0.009527963530362626,0.013391890819445543,0.0161616682734162,-0.0067925629151801,0.001477529766385957,-0.010000000000000009,0.1637392077381556,0.005225554410863307,False,False,False,False,False
2020-11-27,3638.550048828125,3644.31005859375,3629.330078125,3638.35009765625,2778390000,20.84000015258789,0.84,0.16,0.0023969791981541,-0.4099998474121094,-0.0192941104664522,0.6799999999999999,0.007711274370945725,0.008708373433009335,0.010252654119066984,-0.0015844182375249,0.0056359306172162,0.0034734120410697773,0.0,0.160702959067156,0.0059025255751224215,False,False,False,False,False
2020-11-30,3634.179931640625,3634.179931640625,3594.389892578125,3621.6298828125,6308410000,20.56999969482422,0.84,0.16,-0.0045955486401709,-0.2700004577636719,-0.0129558759974454,0.6799999999999999,0.007175415662059372,0.008157637594119303,0.010334030742862597,0.0023969791981541,0.0161616682734162,0.0031635193872162973,0.010000000000000009,0.1475982979787982,0.005247206134874357,False,False,False,False,False
2020-12-01,3645.8701171875,3678.449951171875,3645.8701171875,3662.449951171875,5418480000,20.770000457763672,0.92,0.17,0.0112711871947761,0.2000007629394531,0.0097229346575915,0.75,0.007819857934866399,0.008109299171240097,0.009742165929408818,-0.0045955486401709,-0.0015844182375249,0.003602922242218137,0.050000000000000044,0.162418452886822,0.003731680079748789,False,False,False,False,False
2020-12-02,3653.780029296875,3670.9599609375,3644.840087890625,3669.010009765625,5041250000,21.170000076293945,0.95,0.16,0.0017911667548251,0.3999996185302734,0.0192585271889464,0.7899999999999999,0.00533669502933144,0.007875548662109627,0.009646728506291396,0.0112711871947761,0.0023969791981541,0.0047299735577301175,0.06999999999999995,0.1129778341781041,0.005530382169437649,False,False,False,False,False
2020-12-03,3668.280029296875,3682.72998046875,3657.169921875,3666.719970703125,5065340000,21.280000686645508,0.92,0.16,-0.0006241572130915,0.1100006103515625,0.0051960609331664,0.76,0.005225554410863328,0.006621752819441978,0.009269404474341707,0.0017911667548251,-0.0045955486401709,0.0018558732540118975,0.050000000000000044,0.11119980145127509,0.005556884496329547,False,False,False,False,False
2020-12-04,3670.93994140625,3699.199951171875,3670.93994140625,3699.1201171875,5099620000,20.790000915527344,0.97,0.16,0.0088362751296118,-0.489999771118164,-0.0230263042907544,0.8099999999999999,0.0059025255751224415,0.0068672555744100725,0.00843993826212547,-0.0006241572130915,0.0112711871947761,0.0020479254588985775,0.13,0.12271351211071913,0.00344500852929511,False,False,False,False,False
2020-12-07,3694.72998046875,3697.409912109375,3678.8798828125,3691.9599609375,4804500000,21.299999237060547,0.94,0.14,-0.0019356376714373,0.5099983215332031,0.0245309427164239,0.7999999999999999,0.0052472061348743815,0.0062870833251753916,0.0077054338049481735,0.0088362751296118,0.0017911667548251,0.003335784645190118,0.12,0.11176548666952375,0.00357963781033603,False,False,False,False,False
2020-12-08,3683.050048828125,3708.449951171875,3678.830078125,3702.25,4584390000,20.68000030517578,0.92,0.14,0.0027871480653562,-0.6199989318847656,-0.029107932117012,0.78,0.003731680079748818,0.00625898921787788,0.007681517818383897,-0.0019356376714373,-0.0006241572130915,0.0038677668389368374,0.030000000000000027,0.07717114518802394,0.0070944021072933605,False,False,False,False,False
2020-12-09,3705.97998046875,3712.389892578125,3660.5400390625,3672.820068359375,5232800000,22.270000457763672,0.95,0.16,-0.0079492016045985,1.5900001525878906,0.0768858863212853,0.7899999999999999,0.005530382169437664,0.005495396506980782,0.007710255760595162,0.0027871480653562,0.0088362751296118,0.0021709590130528575,0.0,0.12316161344498483,0.006003933604540479,False,False,False,False,False
2020-12-10,3659.1298828125,3678.489990234375,3645.179931640625,3668.10009765625,4658480000,22.520000457763672,0.92,0.14,-0.0012851080682624,0.25,0.0112258641608085,0.78,0.005556884496329561,0.005481822662585463,0.0077081382844131265,-0.0079492016045985,-0.0019356376714373,0.00022288534116813758,0.020000000000000018,0.12514104140108157,0.005998079953066362,False,False,True,False,False
2020-12-11,3656.080078125,3665.909912109375,3633.39990234375,3663.4599609375,4375470000,23.309999465942383,0.9,0.11,-0.0012649972997506,0.7899990081787109,0.0350798841971764,0.79,0.0034450085292951262,0.005503172514347332,0.007610770131763303,-0.0012851080682624,0.0027871480653562,9.069517013395767e-05,-0.019999999999999907,0.08030314697803635,0.006370639403404778,False,False,True,False,False
2020-12-14,3675.27001953125,3697.610107421875,3645.840087890625,3647.489990234375,4623850000,24.71999931335449,0.9,0.13,-0.0043592589719577,1.4099998474121058,0.0604890553289036,0.77,0.0035796378103360445,0.005480832864718982,0.007304807657472206,-0.0012649972997506,-0.0079492016045985,-0.0019295593157385223,-0.029999999999999916,0.08848864421356478,0.0062747181084973755,False,False,True,False,False
2020-12-15,3666.409912109375,3695.2900390625,3659.6201171875,3694.6201171875,4387080000,22.88999938964844,0.92,0.11,0.0129212491547088,-1.829999923706048,-0.0740291251835685,0.81,0.007094402107293371,0.005810711660022571,0.007251653387811594,-0.0043592589719577,-0.0012851080682624,-0.002414283575842602,0.030000000000000027,0.16239085990586588,0.003671776747941145,False,False,True,False,False
2020-12-16,3696.25,3711.27001953125,3688.570068359375,3701.169921875,4067040000,22.5,0.92,0.13,0.001772795166959,-0.389999389648441,-0.0170379816534556,0.79,0.006003933604540494,0.005810429899888968,0.0068867149694310376,0.0129212491547088,-0.0012649972997506,-0.0003874633579720822,1.1102230246251565e-16,0.13508850610216114,0.003572311378670489,False,False,True,False,False
2020-12-17,3713.64990234375,3725.1201171875,3710.8701171875,3722.47998046875,4192810000,21.93000030517578,0.94,0.13,0.0057576547533797,-0.5699996948242188,-0.0253333197699652,0.8099999999999999,0.005998079953066382,0.005957690280136026,0.006831229940735559,0.001772795166959,-0.0043592589719577,0.0015569359963394176,0.029999999999999916,0.13153789520121448,0.002811531212685818,False,False,False,False,False
2020-12-18,3722.389892578125,3726.699951171875,3685.840087890625,3709.409912109375,7097100000,21.56999969482422,0.95,0.13,-0.0035111185091528,-0.3600006103515625,-0.0164158962764171,0.82,0.006370639403404796,0.005582822049366521,0.0062923788186030555,0.0057576547533797,0.0129212491547088,0.0029654885606678377,0.029999999999999916,0.13741468998727657,0.004445925044732765,False,False,False,False,False
2020-12-21,3684.280029296875,3702.89990234375,3636.47998046875,3694.919921875,4748580000,25.15999984741211,0.95,0.13,-0.0039062790518439,3.59000015258789,0.1664348726648021,0.82,0.006274718108497394,0.00569174125902434,0.006390736009163495,-0.0035111185091528,0.001772795166959,0.0025162643187873973,0.04999999999999993,0.15787190665234843,0.004080481252925044,False,False,True,False,False
2020-12-22,3698.080078125,3698.260009765625,3676.159912109375,3687.260009765625,4053310000,24.229999542236328,0.93,0.13,-0.002073092860288,-0.9300003051757812,-0.0369634463758329,0.8,0.0036717767479411655,0.0056485615900878855,0.0061744508688958,-0.0039062790518439,0.0057576547533797,0.002606860302810158,-0.010000000000000009,0.08896714892180843,0.0036478126150088857,False,False,True,False,False
2020-12-23,3693.419921875,3711.239990234375,3689.280029296875,3690.010009765625,3779160000,23.309999465942383,0.96,0.13,0.0007458112508249,-0.9200000762939452,-0.0379694632139903,0.83,0.0035723113786705098,0.005056145746861115,0.0061145179015330295,-0.002073092860288,-0.0035111185091528,-0.00039200810018920253,0.039999999999999925,0.08327057632898947,0.0038302815147850857,False,False,True,False,False
2020-12-24,3694.030029296875,3703.820068359375,3689.320068359375,3703.06005859375,1883780000,21.530000686645508,0.94,0.13,0.0035365890047962,-1.779998779296875,-0.0763620257433975,0.8099999999999999,0.002811531212685843,0.005094611001358436,0.00519409167557107,0.0007458112508249,-0.0039062790518439,-0.0005974048834160226,0.0,0.060532268939651475,0.00826996020659244,False,False,False,False,False
2020-12-28,3723.030029296875,3740.510009765625,3723.030029296875,3735.360107421875,3535460000,21.700000762939453,0.94,0.13,0.0087225290211445,0.1700000762939453,0.0078959624185888,0.8099999999999999,0.004445925044732788,0.00552126010232399,0.005419014407373532,0.0035365890047962,-0.002073092860288,-0.0010416180331327225,-0.010000000000000009,0.09647657686267311,0.007939641993955549,False,False,False,False,False
2020-12-29,3750.010009765625,3756.1201171875,3723.31005859375,3727.0400390625,3393290000,23.07999992370605,0.94,0.12,-0.0022273805256001,1.379999160766598,0.0635944291358479,0.82,0.004080481252925069,0.005310243208130374,0.005467065481770496,0.0087225290211445,0.0007458112508249,0.0014051114729267376,0.0,0.09417750700619457,0.008209251391696041,False,False,True,False,False
2020-12-30,3736.18994140625,3744.6298828125,3730.2099609375,3732.0400390625,3154850000,22.770000457763672,0.93,0.12,0.0013415471654707,-0.3099994659423792,-0.0134315193659931,0.81,0.0036478126150089165,0.003921283144981926,0.005313345146804683,-0.0022273805256001,0.0035365890047962,0.0017408911781754978,0.010000000000000009,0.08306069491358913,0.009876155264269411,False,False,True,False,False
2020-12-31,3733.27001953125,3760.199951171875,3726.8798828125,3756.070068359375,3179040000,22.75,0.93,0.13,0.0064388455229198,-0.0200004577636718,-0.0008783687905835,0.8,0.0038302815147851187,0.004247620611296011,0.0049767946403410125,0.0013415471654707,0.0087225290211445,0.0024238191833272377,-0.029999999999999916,0.08713890446136145,0.009833965916217418,False,False,True,False,False
2021-01-04,3764.610107421875,3769.989990234375,3662.7099609375,3700.64990234375,5015000000,26.96999931335449,0.93,0.11,-0.014754827521051,4.219999313354489,0.1854944753122851,0.8200000000000001,0.008269960206592448,0.00619452101826721,0.006022993797803308,0.0064388455229198,-0.0022273805256001,0.0035624260377462177,0.01000000000000012,0.22304082109326726,0.006856665103174796,False,False,True,False,False
2021-01-05,3698.02001953125,3737.830078125,3695.070068359375,3726.860107421875,4591020000,25.34000015258789,0.96,0.13,0.0070825951575492,-1.629999160766598,-0.0604374935953182,0.83,0.007939641993955558,0.006499103924002099,0.006180489723773859,-0.014754827521051,0.0013415471654707,-9.585726742322304e-05,0.020000000000000018,0.20119052933832704,0.0070294112124221035,False,False,True,False,False
2021-01-06,3712.199951171875,3783.0400390625,3705.340087890625,3748.139892578125,6064110000,25.06999969482422,1.04,0.14,0.0057098427477522,-0.2700004577636719,-0.0106551087662917,0.9,0.008209251391696053,0.006488789096009205,0.00602056008560133,0.0070825951575492,0.0064388455229198,-0.0004238440401422829,0.08000000000000007,0.20580592988455534,0.006994723471867694,False,False,True,False,False
2021-01-07,3764.7099609375,3811.550048828125,3764.7099609375,3803.7900390625,5099160000,22.3700008392334,1.08,0.14,0.0148474038001011,-2.6999988555908203,-0.1076984000182593,0.94,0.009876155264269427,0.007479410140637861,0.0067004555680493785,0.0057098427477522,-0.014754827521051,0.0011636006145281771,0.1299999999999999,0.22092960155010644,0.004281637268033542,False,False,False,False,False
2021-01-08,3815.050048828125,3826.68994140625,3783.60009765625,3824.679931640625,4773040000,21.559999465942383,1.13,0.14,0.0054918626852689,-0.8100013732910156,-0.0362092687931598,0.99,0.009833965916217432,0.0074627180336692125,0.006750833238000879,0.0148474038001011,0.0070825951575492,0.003864771941454257,0.18999999999999995,0.21202029990174343,0.003748408149857486,False,False,False,False,False
2021-01-11,3803.139892578125,3817.860107421875,3789.02001953125,3799.610107421875,4465430000,24.07999992370605,1.15,0.14,-0.0065547508985924,2.5200004577636683,0.1168831410104824,1.0099999999999998,0.006856665103174818,0.008063711937737408,0.006663130829549434,0.0054918626852689,0.0057098427477522,0.0036753753739240773,0.18999999999999972,0.16510849516132756,0.005240883880452654,False,False,True,False,False
2021-01-12,3801.6201171875,3810.780029296875,3776.510009765625,3801.18994140625,4994950000,23.32999992370605,1.15,0.14,0.0004157884466327,-0.75,-0.0311461795006754,1.0099999999999998,0.007029411212422124,0.007815254224206375,0.006637374495941726,-0.0065547508985924,0.0148474038001011,0.005315390698415798,0.17999999999999983,0.16399616304950662,0.007686760431958493,False,False,True,False,False
2021-01-13,3802.22998046875,3820.9599609375,3791.5,3809.840087890625,4602510000,22.209999084472656,1.1,0.14,0.0022756417379066,-1.1200008392333949,-0.0480068942518658,0.96,0.006994723471867712,0.007700318165872339,0.0066042799821632425,0.0004157884466327,0.0054918626852689,0.003982029356232498,0.05999999999999994,0.15535280190632128,0.007747112933869843,False,False,False,False,False
2021-01-14,3814.97998046875,3823.60009765625,3792.860107421875,3795.5400390625,5198480000,23.25,1.15,0.16,-0.0037534511943366,1.0400009155273438,0.0468257973164178,0.99,0.004281637268033564,0.007907966055553061,0.0065781947810000995,0.0022756417379066,-0.0065547508985924,0.0032951891542633777,0.050000000000000044,0.09954806648178036,0.0076361380970447435,False,False,True,False,False
2021-01-15,3788.72998046875,3788.72998046875,3749.6201171875,3768.25,5369820000,24.34000015258789,1.11,0.13,-0.0071900279753709,1.0900001525878906,0.0468817269930275,0.98,0.003748408149857502,0.008148023605657483,0.006367149689353509,-0.0037534511943366,0.0004157884466327,-0.00042498184462416244,-0.010000000000000009,0.09123625493949329,0.0059480470200974425,False,False,True,False,False
2021-01-19,3781.8798828125,3804.530029296875,3780.3701171875,3798.909912109375,5014440000,23.239999771118164,1.1,0.14,0.0081363795155244,-1.1000003814697266,-0.0451931131706575,0.96,0.005240883880452673,0.006660729787231237,0.006547479003290109,-0.0071900279753709,0.0022756417379066,-0.0029613599767521225,-0.04999999999999982,0.12179814018217698,0.006048338867862648,False,False,True,False,False
2021-01-20,3816.219970703125,3859.75,3816.219970703125,3851.85009765625,4566190000,21.57999992370605,1.1,0.13,0.0139356254219462,-1.659999847412113,-0.0714285655663,0.97,0.00768676043195851,0.007394101137336193,0.007028720767665704,0.0081363795155244,-0.0037534511943366,-2.3133893928762445e-05,-0.039999999999999813,0.16588028953521133,0.010450370014992067,False,False,False,False,False
2021-01-21,3857.4599609375,3861.449951171875,3845.050048828125,3853.070068359375,4501760000,21.31999969482422,1.12,0.13,0.0003167233075522,-0.2600002288818324,-0.0120482034198812,0.99,0.007747112933869858,0.007397637239111386,0.0069415322706025805,0.0139356254219462,-0.0071900279753709,0.002680833501133938,0.030000000000000027,0.16516844538587414,0.012021018450927907,False,False,False,False,False
2021-01-22,3844.239990234375,3852.31005859375,3830.409912109375,3841.469970703125,5110890000,21.90999984741211,1.1,0.13,-0.0030106116552376,0.5900001525878906,0.0276735535193803,0.97,0.00763613809704476,0.00635374932123149,0.00690879887284919,0.0003167233075522,0.0081363795155244,0.0022890498150630574,-0.020000000000000018,0.16730778454106848,0.013591928824963974,False,False,False,False,False
2021-01-25,3851.679931640625,3859.22998046875,3797.159912109375,3855.360107421875,7000840000,23.190000534057617,1.05,0.13,0.0036158389430824,1.2800006866455078,0.058420844160649,0.92,0.005948047020097467,0.006245309008070164,0.00685993209223286,-0.0030106116552376,0.0139356254219462,0.0024376177228828577,-0.05999999999999994,0.1379352135726601,0.016137022176662352,False,False,True,False,False
2021-01-26,3862.9599609375,3870.89990234375,3847.780029296875,3849.6201171875,6137500000,23.020000457763672,1.05,0.11,-0.0014888337468982,-0.1700000762939453,-0.0073307491323373,0.94,0.006048338867862668,0.005817467408950954,0.006898093741549327,0.0036158389430824,0.0003167233075522,0.004598791106573517,-0.020000000000000018,0.13923276350690844,0.01773585882137087,False,False,True,False,False
2021-01-27,3836.830078125,3836.830078125,3732.47998046875,3750.77001953125,9976520000,37.209999084472656,1.04,0.12,-0.025677883699462,14.189998626708984,0.6164204319953999,0.92,0.010450370014992069,0.00999342982416201,0.009062713939472555,-0.0014888337468982,-0.0030106116552376,0.002673748454088998,-0.04999999999999993,0.38885825869025537,0.012871523895036258,False,False,True,True,True
2021-01-28,3755.75,3830.5,3755.75,3787.3798828125,6992770000,30.209999084472656,1.07,0.12,0.0097606259756297,-7.0,-0.1881214773509905,0.95,0.012021018450927911,0.010499511933694505,0.009109316705429181,-0.025677883699462,0.0036158389430824,-0.005248953370192643,-0.040000000000000036,0.3631549563969611,0.012971581909862013,False,False,True,True,False
2021-01-29,3778.050048828125,3778.050048828125,3694.1201171875,3714.239990234375,6643370000,33.09000015258789,1.11,0.11,-0.0193114751731245,2.8800010681152344,0.0953327095463401,1.0,0.013591928824963972,0.011917937813592034,0.010048884506287619,0.0097606259756297,-0.0014888337468982,-0.0033601728365771424,0.030000000000000027,0.44975692689202157,0.005778398570723967,False,False,True,True,False
2021-02-01,3731.169921875,3784.320068359375,3725.6201171875,3773.860107421875,5436230000,30.239999771118164,1.09,0.11,0.0160517676144393,-2.8500003814697266,-0.0861287509316265,0.98,0.016137022176662356,0.012921033848964267,0.010622217429146815,-0.0193114751731245,-0.025677883699462,-0.006620345540154522,0.05999999999999994,0.48798354692879836,0.004631782867813542,False,False,True,True,False
2021-02-02,3791.840087890625,3843.090087890625,3791.840087890625,3826.31005859375,5514090000,25.559999465942383,1.12,0.11,0.0138982234844169,-4.680000305175781,-0.1547619160250652,1.01,0.01773585882137087,0.013380912981441733,0.010932148626468158,0.0160517676144393,0.0097606259756297,-0.004133159805883142,0.07000000000000006,0.45332854200226896,0.004307968479008306,False,False,True,True,False
2021-02-03,3840.27001953125,3847.510009765625,3816.679931640625,3830.169921875,4864870000,22.90999984741211,1.15,0.11,0.0010087690809532,-2.649999618530273,-0.1036776085250426,1.0399999999999998,0.012871523895036267,0.012655076351495863,0.010354453381475568,0.0138982234844169,-0.0193114751731245,-0.001055748359620122,0.11999999999999977,0.2948866104712422,0.004549005381815589,False,False,True,True,False
2021-02-04,3836.659912109375,3872.419921875,3836.659912109375,3871.739990234375,4879240000,21.770000457763672,1.15,0.11,0.0108533222304207,-1.1399993896484375,-0.0497599038516454,1.0399999999999998,0.012971581909862022,0.01310837394487467,0.010478306319694106,0.0010087690809532,0.0160517676144393,0.004281582196462918,0.08999999999999986,0.2823913441156152,0.00308580505051815,False,False,False,True,False
2021-02-05,3878.300048828125,3894.56005859375,3874.929931640625,3886.830078125,4879470000,20.8700008392334,1.19,0.09,0.0038974951646253,-0.8999996185302734,-0.0413412769685686,1.1,0.005778398570723999,0.013083479201076402,0.010453783538221299,0.0108533222304207,0.0138982234844169,0.0045001214474211185,0.10000000000000009,0.12059518302043493,0.003185576667740377,False,False,False,False,False
2021-02-08,3892.590087890625,3915.77001953125,3892.590087890625,3915.590087890625,4648360000,21.239999771118164,1.19,0.11,0.0073993483603735,0.3699989318847656,0.0177287454243513,1.0799999999999998,0.004631782867813577,0.013200297219565506,0.010125851001800693,0.0038974951646253,0.0010087690809532,0.009141915514971077,0.09999999999999987,0.09837906705222942,0.002138413778177807,False,False,False,False,False
2021-02-09,3910.489990234375,3918.35009765625,3902.639892578125,3911.22998046875,4568320000,21.6299991607666,1.18,0.11,-0.0011135249921484,0.3899993896484375,0.0183615533828185,1.0699999999999998,0.004307968479008336,0.013191881325405885,0.010097403124281546,0.0073993483603735,0.0108533222304207,0.0074114316641579175,0.05999999999999983,0.09318135458555929,0.002011087760799255,False,False,False,False,False
2021-02-10,3920.780029296875,3931.5,3884.93994140625,3909.8798828125,4837070000,21.989999771118164,1.15,0.11,-0.0003451849323593,0.3600006103515625,0.0166435794877213,1.0399999999999998,0.0045490053818156165,0.009653492722946386,0.009958365508668228,-0.0011135249921484,0.0038974951646253,0.004409081968844858,0.0,0.10003262730494071,0.002988504893461875,False,False,False,False,False
2021-02-11,3916.39990234375,3925.989990234375,3890.389892578125,3916.3798828125,4590960000,21.25,1.16,0.11,0.0016624551635393,-0.7399997711181641,-0.0336516497871949,1.0499999999999998,0.0030858050505181834,0.009492210969585125,0.009955959018358173,-0.0003451849323593,0.0073993483603735,0.004138291166182358,0.010000000000000009,0.0655733573235114,0.0029786211973377138,False,False,False,False,False
2021-02-12,3911.64990234375,3937.22998046875,3905.780029296875,3934.830078125,4135060000,19.96999931335449,1.2,0.11,0.0047110331133788,-1.2800006866455114,-0.0602353264303769,1.09,0.0031855766677404097,0.005737722174949695,0.00997879762060723,0.0016624551635393,-0.0011135249921484,0.002300117752806078,-0.010000000000000009,0.06361596386741405,0.002785750320711602,False,False,False,False,False
2021-02-16,3939.610107421875,3950.429931640625,3923.85009765625,3932.590087890625,5058990000,21.459999084472656,1.3,0.13,-0.0005692724183511,1.4899997711181676,0.0746119089809764,1.17,0.0021384137781778464,0.004869664775869019,0.009920497642415767,0.0047110331133788,-0.0003451849323593,0.0024628253425567777,0.09000000000000008,0.0458903577219203,0.003170656711638314,False,False,False,False,False
2021-02-17,3918.5,3933.610107421875,3900.429931640625,3931.330078125,4730650000,21.5,1.29,0.11,-0.0003204020092266,0.0400009155273437,0.0018639756399749,1.18,0.002011087760799298,0.003762967660251897,0.009732111439155337,-0.0005692724183511,0.0016624551635393,0.0008691011868118579,0.1100000000000001,0.04323838685718491,0.006523572029608566,False,False,False,False,False
2021-02-18,3915.860107421875,3921.97998046875,3885.030029296875,3913.969970703125,4793650000,22.489999771118164,1.29,0.11,-0.0044158356273545,0.989999771118164,0.0460465009822401,1.18,0.0029885048934619003,0.004320082691997618,0.009726461120377868,-0.0003204020092266,0.0047110331133788,0.001027725783396218,0.14000000000000012,0.06721147436994365,0.011838855791159066,False,False,True,False,False
2021-02-19,3921.159912109375,3930.409912109375,3903.070068359375,3906.7099609375,4845320000,22.049999237060547,1.34,0.11,-0.0018548966445751,-0.4400005340576172,-0.0195642747236782,1.23,0.0029786211973377367,0.0033381436486804783,0.009336199348005253,-0.0044158356273545,-0.0005692724183511,0.00021359564439717808,0.18000000000000016,0.06567859512878947,0.011776145844401871,False,False,False,False,False
2021-02-22,3885.550048828125,3902.919921875,3874.7099609375,3876.5,5917100000,23.450000762939453,1.37,0.11,-0.0077328394581538,1.4000015258789062,0.0634921348897759,1.26,0.002785750320711615,0.00404432480926217,0.00950844046003782,-0.0018548966445751,-0.0003204020092266,-0.000489874717225702,0.16999999999999993,0.0653258471460462,0.016173642798536187,False,False,True,False,False
2021-02-23,3857.070068359375,3895.97998046875,3805.590087890625,3881.3701171875,6296610000,23.11000061035156,1.37,0.11,0.0012563181187927,-0.3400001525878942,-0.0144989399371463,1.26,0.003170656711638327,0.0032163831687374595,0.009480342630497735,-0.0077328394581538,-0.0044158356273545,-0.0029786492315322217,0.09000000000000008,0.073273878541177,0.016619245903532136,False,False,True,False,False
2021-02-24,3873.7099609375,3928.64990234375,3859.60009765625,3925.429931640625,6012790000,21.34000015258789,1.38,0.12,0.011351613765979,-1.7700004577636683,-0.0765902384689181,1.2599999999999998,0.006523572029608576,0.004871108671149056,0.009739550901583065,0.0012563181187927,-0.0018548966445751,-0.002613531124103462,0.07999999999999985,0.1392130281072651,0.0160152884828439,False,False,False,False,False
2021-02-25,3915.800048828125,3925.02001953125,3814.0400390625,3829.340087890625,6547470000,28.88999938964844,1.54,0.17,-0.0244788075251262,7.54999923706055,0.3537956505658677,1.37,0.01183885579115907,0.008922965119599963,0.011138755291560129,0.011351613765979,-0.0077328394581538,-0.00027912796906234166,0.19000000000000017,0.3420245365807214,0.013830514244473993,False,False,True,True,True
2021-02-26,3839.659912109375,3861.080078125,3789.5400390625,3811.14990234375,6526070000,27.950000762939453,1.44,0.14,-0.0047502141699028,-0.939998626708988,-0.0325371632595394,1.2999999999999998,0.011776145844401875,0.008864140860191112,0.00965050073312379,-0.0244788075251262,0.0012563181187927,-0.004291722348616682,0.06999999999999984,0.3291432853355187,0.016412951869208,False,False,True,True,False
2021-03-01,3842.510009765625,3914.5,3842.510009765625,3901.820068359375,5114820000,23.350000381469727,1.45,0.13,0.0237907635068002,-4.600000381469727,-0.1645796155959014,1.3199999999999998,0.016173642798536194,0.011812759518288871,0.010678131786337058,-0.0047502141699028,0.011351613765979,-0.004870785853682222,0.05999999999999983,0.37765456551557525,0.012177069585486124,False,False,True,True,True
2021-03-02,3903.639892578125,3906.409912109375,3868.570068359375,3870.2900390625,5536010000,24.100000381469727,1.42,0.13,-0.0080808516908706,0.75,0.032119913822151,1.29,0.016619245903532143,0.012013090108936636,0.009874663511624613,0.0237907635068002,-0.0244788075251262,0.0014339347393085775,0.030000000000000027,0.40052383261486385,0.013851079983487061,False,False,True,True,False
2021-03-03,3863.989990234375,3874.469970703125,3818.860107421875,3819.719970703125,6173660000,26.670000076293945,1.47,0.14,-0.0130662218719981,2.5699996948242188,0.106638989798534,1.33,0.0160152884828439,0.012484728046304686,0.00984997310716871,-0.0080808516908706,-0.0047502141699028,-0.0004334992226240822,0.07000000000000028,0.42712774505931633,0.012150348909617978,False,False,True,True,False
2021-03-04,3818.530029296875,3843.669921875,3723.340087890625,3768.469970703125,7195400000,28.56999969482422,1.54,0.14,-0.0134172139301002,1.8999996185302732,0.0712410803560184,1.4,0.013830514244473995,0.012886933017602303,0.009814650994561636,-0.0130662218719981,0.0237907635068002,-0.005317066350219503,0.029999999999999805,0.39513778774388403,0.008410393888966621,False,False,True,True,False
2021-03-05,3793.580078125,3851.68994140625,3730.18994140625,3841.93994140625,6851070000,24.65999984741211,1.56,0.14,0.0194959681977822,-3.909999847412109,-0.1368568389631607,1.42,0.016412951869208006,0.014661915455720053,0.010714257499322515,-0.0134172139301002,-0.0080808516908706,-0.003104747631214302,0.1200000000000001,0.4047433905902517,0.0068828072336348115,False,False,True,True,False
2021-03-08,3844.389892578125,3881.06005859375,3819.25,3821.35009765625,5871710000,25.46999931335449,1.59,0.17,-0.0053592310301612,0.8099994659423793,0.0328466938748737,1.4200000000000002,0.012177069585486127,0.014579092573591525,0.01050104222158601,0.0194959681977822,-0.0130662218719981,0.001744488842322698,0.10000000000000031,0.3101499539810015,0.004423240315556175,False,False,True,True,False
2021-03-09,3851.929931640625,3903.760009765625,3851.929931640625,3875.43994140625,5513560000,24.030000686645508,1.55,0.17,0.0141546423038221,-1.4399986267089808,-0.0565370500796973,1.38,0.013851079983487067,0.015303068867719108,0.010927306275445822,-0.0053592310301612,-0.0134172139301002,-0.004085510065069581,0.08999999999999986,0.33284146151397603,0.004243728426107474,False,False,True,True,False
2021-03-10,3891.989990234375,3917.35009765625,3885.72998046875,3898.81005859375,5847380000,22.559999465942383,1.53,0.16,0.0060303133427013,-1.470001220703125,-0.0611735821347715,1.37,0.01215034890961799,0.014987095884416723,0.010886497077995543,0.0141546423038221,0.0194959681977822,0.00036158873386895815,0.040000000000000036,0.27411186491199546,0.004199354798844446,False,False,True,True,False
2021-03-11,3915.5400390625,3960.27001953125,3915.5400390625,3939.340087890625,5312880000,21.90999984741211,1.54,0.14,0.0103954870044358,-0.6499996185302734,-0.0288120405105303,1.4,0.008410393888966647,0.0129343962673706,0.011111331681309348,0.0060303133427013,-0.0053592310301612,0.004180895776808838,0.0,0.18427172882393497,0.007276527428606014,False,False,False,False,False
2021-03-12,3924.52001953125,3944.989990234375,3915.2099609375,3943.340087890625,4476280000,20.690000534057617,1.64,0.14,0.0010153984958789,-1.2199993133544922,-0.0556823058809191,1.5,0.006882807233634836,0.01270615883387496,0.011110748383659557,0.0103954870044358,0.0141546423038221,0.008943435963716039,0.08000000000000007,0.14240528533972038,0.007206954050967392,False,False,False,False,False
2021-03-15,3942.9599609375,3970.080078125,3923.5400390625,3968.93994140625,4900100000,20.030000686645508,1.62,0.14,0.0064919213014971,-0.6599998474121094,-0.0318994601438356,1.48,0.00442324031555622,0.01087030163240592,0.01118284842593392,0.0010153984958789,0.0060303133427013,0.005247322023335378,0.05999999999999983,0.08859750655778918,0.00732753776991156,False,False,False,False,False
2021-03-16,3973.590087890625,3981.0400390625,3953.43994140625,3962.7099609375,4613080000,19.790000915527344,1.62,0.15,-0.0015696837343783,-0.239999771118164,-0.0119820151218555,1.4700000000000002,0.004243728426107511,0.010447779986672854,0.01115546290864969,0.0064919213014971,0.0103954870044358,0.007617552489667038,0.0900000000000003,0.08398338943791706,0.007743930820626606,False,False,False,False,False
2021-03-17,3949.570068359375,3983.8701171875,3935.739990234375,3974.1201171875,4561660000,19.229999542236328,1.63,0.13,0.0028793821305308,-0.5600013732910156,-0.0282971878415445,1.5,0.004199354798844482,0.009091831907022974,0.011165388191788366,-0.0015696837343783,0.0010153984958789,0.004472687282026959,0.1299999999999999,0.0807535908594673,0.007263712990569435,False,False,False,False,False
2021-03-18,3953.5,3969.6201171875,3910.860107421875,3915.4599609375,5118590000,21.57999992370605,1.71,0.16,-0.0147605393194591,2.350000381469723,0.1222049109417937,1.55,0.007276527428606026,0.009354483128174627,0.011633438362408599,0.0028793821305308,0.0064919213014971,0.0038425010395928584,0.15000000000000013,0.15702746135416304,0.005742568815516571,False,False,False,False,False
2021-03-19,3913.139892578125,3930.1201171875,3886.75,3913.10009765625,7757420000,20.950000762939453,1.74,0.16,-0.0006027039747036,-0.629999160766598,-0.0291936590822009,1.58,0.007206954050967404,0.007815357770145939,0.011594742301861506,-0.0147605393194591,-0.0015696837343783,-0.0011887042251861215,0.08000000000000007,0.1509856928662367,0.008850010210561693,False,False,False,False,False
2021-03-22,3916.47998046875,3955.31005859375,3914.159912109375,3940.590087890625,4316260000,18.8799991607666,1.69,0.15,0.0070251180773117,-2.070001602172852,-0.0988067554553355,1.54,0.0073275377699115705,0.007548750735778373,0.011678940075022482,-0.0006027039747036,0.0028793821305308,-0.0015123247193026216,0.06000000000000005,0.13834390694641602,0.008722772337134579,False,False,False,False,False
2021-03-23,3937.60009765625,3949.1298828125,3901.570068359375,3910.52001953125,4669010000,20.299999237060547,1.63,0.15,-0.0076308541839406,1.420000076293945,0.0752118717910095,1.48,0.007743930820626614,0.007180391613695952,0.011675544864770347,0.0070251180773117,-0.0147605393194591,-0.001405685364139702,0.009999999999999787,0.15720178975056992,0.00792502375170109,False,False,False,False,False
2021-03-24,3919.929931640625,3942.080078125,3889.070068359375,3889.139892578125,4783020000,21.200000762939453,1.62,0.14,-0.0054673360183149,0.9000015258789062,0.0443350522021608,1.48,0.007263712990569441,0.007191753593078771,0.011741985556311825,-0.0076308541839406,-0.0006027039747036,-0.0026179194540521616,-0.020000000000000018,0.15399072094184538,0.00686628122097779,False,False,False,False,False
2021-03-25,3879.340087890625,3919.5400390625,3853.5,3909.52001953125,4948340000,19.809999465942383,1.63,0.14,0.0052402658469594,-1.3900012969970703,-0.0655660965553824,1.4899999999999998,0.005742568815516588,0.006570060549982258,0.011535014413612554,-0.0054673360183149,0.0070251180773117,-0.004287263083821302,-0.060000000000000275,0.11376028516852099,0.007521772940674396,False,False,False,False,False
2021-03-26,3917.1201171875,3978.18994140625,3917.1201171875,3974.5400390625,5483160000,18.86000061035156,1.67,0.14,0.0166312026045196,-0.949998855590824,-0.0479555215144793,1.5299999999999998,0.00885001021056171,0.008401686676968726,0.010693849107982356,0.0052402658469594,-0.0076308541839406,-0.00028710205053760174,-0.050000000000000266,0.1669111979728114,0.0069050252577423634,False,False,False,False,False
2021-03-29,3969.31005859375,3981.830078125,3943.25,3971.090087890625,4628180000,20.739999771118164,1.73,0.14,-0.0008680126852336,1.879999160766605,0.0996818186598966,1.59,0.008722772337134593,0.008192675703937405,0.010611725713586697,0.0166312026045196,-0.0054673360183149,0.003159679265307038,0.050000000000000044,0.1809102962756873,0.0069235892522286815,False,False,False,False,False
2021-03-30,3963.340087890625,3968.010009765625,3944.35009765625,3958.550048828125,4121510000,19.61000061035156,1.73,0.16,-0.0031578329337678,-1.1299991607666051,-0.0544840488542437,1.57,0.007925023751701107,0.008238529250249451,0.009468766090574534,-0.0008680126852336,0.0052402658469594,0.0015810531127979782,0.09000000000000008,0.1554097206079093,0.0059977120608069815,False,False,False,False,False
2021-03-31,3967.25,3994.409912109375,3966.97998046875,3972.889892578125,4578050000,19.39999961853028,1.74,0.16,0.0036224990395776,-0.2100009918212819,-0.0107088722735902,1.58,0.006866281220977813,0.008268106161641423,0.009276099436401274,-0.0031578329337678,0.0166312026045196,0.0024756573628325384,0.10000000000000009,0.1332058530676912,0.005953353543424835,False,False,False,False,False
2021-04-01,3992.780029296875,4020.6298828125,3992.780029296875,4019.8701171875,4162130000,17.329999923706055,1.69,0.17,0.0118252017749447,-2.0699996948242223,-0.1067010172952283,1.52,0.00752177294067442,0.0073125124850496725,0.008950577187139479,0.0036224990395776,-0.0008680126852336,0.004293624374411038,0.03000000000000025,0.13035232448802195,0.005375599962141429,False,False,False,False,False
2021-04-05,4034.43994140625,4083.419921875,4034.43994140625,4077.909912109375,4005030000,17.90999984741211,1.73,0.17,0.0144382264177436,0.5799999237060547,0.0334679703554217,1.56,0.006905025257742389,0.008000837604691512,0.008552303036018559,0.0118252017749447,-0.0031578329337678,0.005610611560008099,0.03000000000000025,0.12366900131254294,0.0031805601065888565,False,False,False,False,False
2021-04-06,4075.570068359375,4086.22998046875,4068.139892578125,4073.93994140625,4081270000,18.1200008392334,1.67,0.16,-0.0009735307519511,0.210000991821289,0.0117253486102979,1.51,0.006923589252228707,0.008074490514839336,0.00784525270059883,0.0144382264177436,0.0036224990395776,0.005172016322652899,-0.08000000000000007,0.1254554430608915,0.0026808848233516617,False,False,False,False,False
2021-04-07,4074.2900390625,4083.1298828125,4068.31005859375,4079.949951171875,4120810000,17.15999984741211,1.68,0.16,0.0014752327849856,-0.9600009918212892,-0.0529801847328117,1.52,0.005997712060807013,0.007254835619771983,0.007637941019921208,-0.0009735307519511,0.0118252017749447,0.005150912709309398,-0.050000000000000044,0.10292073804827011,0.00402558715040626,False,False,False,False,False
2021-04-08,4089.949951171875,4098.18994140625,4082.5400390625,4097.169921875,3907100000,16.950000762939453,1.64,0.14,0.0042206328286402,-0.2099990844726562,-0.0122377089941714,1.5,0.005953353543424867,0.006496150632954342,0.007239073362930367,0.0014752327849856,0.0144382264177436,0.006077525853060079,-0.08000000000000007,0.1009093471030998,0.005417292815844821,False,False,False,False,False
2021-04-09,4096.10986328125,4129.47998046875,4095.510009765625,4128.7998046875,3640390000,16.690000534057617,1.67,0.16,0.0077199343487381,-0.2600002288818359,-0.0153392458512636,1.51,0.005375599962141462,0.006538411166521146,0.007285116585956922,0.0042206328286402,-0.0009735307519511,0.006197152610872598,-0.010000000000000009,0.08971876623902111,0.005021815929679168,False,False,False,False,False
2021-04-12,4124.7099609375,4131.759765625,4114.81982421875,4127.990234375,3588900000,16.90999984741211,1.69,0.18,-0.0001960788487688,0.2199993133544922,0.0131815042729064,1.51,0.003180560106588898,0.005545362797054184,0.007103376441549125,0.0077199343487381,0.0014752327849856,0.0053760991256312785,-0.050000000000000044,0.05378327091710331,0.0059501988281550865,False,False,False,False,False
2021-04-13,4130.10009765625,4148.0,4124.43017578125,4141.58984375,3734720000,16.649999618530273,1.64,0.16,0.0032944868090414,-0.2600002288818359,-0.015375531119335,1.48,0.0026808848233517155,0.005330615115105487,0.007101015765423563,-0.0001960788487688,0.0042206328286402,0.0024492380723287986,-0.030000000000000027,0.04463673128612966,0.0067349702300638645,False,False,False,False,False
2021-04-14,4141.580078125,4151.68994140625,4120.8701171875,4124.66015625,3985350000,16.989999771118164,1.64,0.16,-0.0040877267278285,0.3400001525878906,0.0204204300527126,1.48,0.004025587150406292,0.005465041623128367,0.007165265085806891,0.0032944868090414,0.0077199343487381,0.003302841584527299,-0.040000000000000036,0.06839472476401913,0.007332333337794261,False,False,False,False,False
2021-04-15,4139.759765625,4173.490234375,4139.759765625,4170.419921875,4033420000,16.56999969482422,1.56,0.16,0.0110941905251664,-0.4200000762939453,-0.0247204286022367,1.4,0.005417292815844849,0.005841818878626948,0.007380910874827544,-0.0040877267278285,-0.0001960788487688,0.002190249681964479,-0.10000000000000009,0.08976454030532258,0.006996655240514283,False,False,False,False,False
2021-04-16,4174.14013671875,4191.31005859375,4170.75,4185.47021484375,4163820000,16.25,1.59,0.16,0.0036088195555097,-0.3199996948242187,-0.0193119915943132,1.4300000000000002,0.005021815929679195,0.005365771375206235,0.007384504464036484,0.0110941905251664,0.0032944868090414,0.003564961221269719,-0.07999999999999985,0.08160450885728693,0.008544835517900275,False,False,False,False,False
2021-04-19,4179.7998046875,4180.81005859375,4150.47021484375,4163.259765625,3810290000,17.290000915527344,1.61,0.16,-0.005306560094486,1.0400009155273438,0.0640000563401441,1.4500000000000002,0.005950198828155107,0.004784676310613343,0.006560898071018247,0.0036088195555097,-0.0040877267278285,0.0027427382626240386,-0.05999999999999983,0.10287894318637153,0.008162274421616567,False,False,False,False,False
2021-04-20,4159.18017578125,4159.18017578125,4118.3798828125,4134.93994140625,4342650000,18.68000030517578,1.58,0.15,-0.0068023197717759,1.3899993896484375,0.0803932513618401,1.4300000000000002,0.00673497023006388,0.005432890015823373,0.006847253090927718,-0.005306560094486,0.0110941905251664,0.0017206420134805987,-0.04999999999999982,0.12580924595294307,0.007244155387087862,False,False,False,False,False
2021-04-21,4128.419921875,4175.02001953125,4126.35009765625,4173.419921875,3887250000,17.5,1.57,0.15,0.0093060554721535,-1.1800003051757812,-0.0631691801872632,1.4200000000000002,0.007332333337794279,0.005915508165878517,0.0069333011906768036,-0.0068023197717759,0.0036088195555097,-0.0002987193026828615,-0.05999999999999983,0.12831583341139988,0.006434588248748853,False,False,False,False,False
2021-04-22,4170.4599609375,4179.56982421875,4123.68994140625,4134.97998046875,4245140000,18.709999084472656,1.57,0.16,-0.0092106574765618,1.2099990844726562,0.0691428048270088,1.41,0.006996655240514294,0.0067845392725195625,0.007053185376597768,0.0093060554721535,-0.005306560094486,0.0023800371373135384,0.010000000000000009,0.13090741314439325,0.004501096854527228,False,False,False,False,False
2021-04-23,4138.77978515625,4194.169921875,4138.77978515625,4180.169921875,3569880000,17.329999923706055,1.58,0.16,0.0109286965401769,-1.3799991607666016,-0.0737573077655496,1.4200000000000002,0.008544835517900288,0.007162846762251123,0.007014809356319387,-0.0092106574765618,-0.0068023197717759,-0.0016809324630321014,-0.010000000000000009,0.14808199887329276,0.0045037796255090485,False,False,False,False,False
2021-04-26,4185.02978515625,4194.18994140625,4182.35986328125,4187.6201171875,3748320000,17.639999389648438,1.58,0.18,0.0017822709248045,0.3099994659423828,0.0178880246570762,1.4,0.008162274421616583,0.007147121901076555,0.007011832085955633,0.0109286965401769,0.0093060554721535,-0.00021695706609866153,-0.050000000000000266,0.14398251581545957,0.004593410411617489,False,False,False,False,False
2021-04-27,4188.25,4193.35009765625,4176.22021484375,4186.72021484375,3710700000,17.559999465942383,1.63,0.17,-0.0002148958880143,-0.0799999237060546,-0.0045351432241546,1.46,0.007244155387087881,0.007134612568494767,0.006375821178077865,0.0017822709248045,-0.0092106574765618,0.0012008091377594386,0.029999999999999805,0.12720736472846683,0.0053840968208994705,False,False,False,False,False
2021-04-28,4185.14013671875,4201.52978515625,4181.77978515625,4183.18017578125,3787360000,17.280000686645508,1.63,0.17,-0.0008455399168898,-0.279998779296875,-0.0159452612649523,1.46,0.00643458824874887,0.006962649925932058,0.006375257665598984,-0.0002148958880143,0.0109286965401769,0.0025182939145117584,0.039999999999999813,0.1111896893566616,0.005430823589232794,False,False,False,False,False
2021-04-29,4206.14013671875,4218.77978515625,4176.81005859375,4211.47021484375,4298680000,17.610000610351562,1.65,0.16,0.0067628067340457,0.3299999237060547,0.0190972170482082,1.49,0.004501096854527261,0.0064651821586601595,0.006305613525469466,-0.0008455399168898,0.0017822709248045,0.00048797483670309853,0.08000000000000007,0.07926431835547657,0.0058321111741390826,False,False,False,False,False
2021-04-30,4198.10009765625,4198.10009765625,4174.85009765625,4181.169921875,4300880000,18.61000061035156,1.65,0.16,-0.0071947066993264,0.9999999999999964,0.0567859151243965,1.49,0.004503779625509071,0.006831399639582144,0.0066632375314362715,0.0067628067340457,-0.0002148958880143,0.0036826676788245987,0.06999999999999984,0.08381534157961273,0.005354825123865275,False,False,False,False,False
2021-05-03,4191.97998046875,4209.39013671875,4188.02978515625,4192.66015625,4070220000,18.309999465942383,1.63,0.16,0.0027480907472536,-0.3000011444091761,-0.0161204263605614,1.47,0.004593410411617512,0.0066397691314154725,0.006327548375258651,-0.0071947066993264,-0.0008455399168898,5.7987030923938376e-05,0.07000000000000006,0.08410534218357082,0.0074146699883214555,False,False,False,False,False
2021-05-04,4179.0400390625,4179.0400390625,4128.58984375,4164.66015625,4452460000,19.479999542236328,1.61,0.16,-0.0066783376082272,1.170000076293945,0.063899514495902,1.4500000000000002,0.005384096820899488,0.006625801278340312,0.005941245907620421,0.0027480907472536,0.0067628067340457,0.00025115099541375837,-0.009999999999999787,0.1048822036064781,0.007797832078474618,False,False,False,False,False
2021-05-05,4177.06005859375,4187.72021484375,4160.93994140625,4167.58984375,4230920000,19.14999961853028,1.59,0.16,0.0007034637617677,-0.3299999237060511,-0.016940448226939,1.4300000000000002,0.0054308235892328105,0.005985048821791232,0.005925155563003461,-0.0066783376082272,-0.0071947066993264,-0.0010415373486288217,-0.029999999999999805,0.10400026966211356,0.011314198378473726,False,False,False,False,False
2021-05-06,4169.14013671875,4202.7001953125,4147.330078125,4201.6201171875,4511000000,18.38999938964844,1.58,0.16,0.0081654564660518,-0.7600002288818359,-0.0396866968157236,1.4200000000000002,0.005832111174139098,0.005604366698959168,0.006113608242428979,0.0007034637617677,0.0027480907472536,-0.0007317366128973216,-0.06999999999999984,0.10725252093277987,0.01231635482724346,False,False,False,False,False
2021-05-07,4210.33984375,4238.0400390625,4201.64013671875,4232.60009765625,4016080000,16.690000534057617,1.6,0.14,0.0073733416169683,-1.699998855590824,-0.0924414851556622,1.46,0.0053548251238653,0.005091600489567179,0.006218376456735825,0.0081654564660518,-0.0066783376082272,-0.00045120666649610153,-0.030000000000000027,0.08937203417709699,0.013990499863898621,False,False,False,False,False
2021-05-10,4228.2900390625,4236.39013671875,4188.1298828125,4188.43017578125,4560700000,19.65999984741211,1.63,0.16,-0.0104356473221881,2.969999313354492,0.1779508219483823,1.47,0.007414669988321469,0.006171194110681406,0.006556046083654493,0.0073733416169683,0.0007034637617677,0.0024624029967628388,0.0,0.14577241083901124,0.0134629696701444,False,False,False,False,False
2021-05-11,4150.33984375,4162.0400390625,4111.52978515625,4152.10009765625,4870710000,21.84000015258789,1.64,0.16,-0.0086739128027181,2.180000305175781,0.1108850621615207,1.48,0.007797832078474629,0.006704633922298319,0.006853355613108864,-0.0104356473221881,0.0081654564660518,-0.00017434461712550198,0.029999999999999805,0.17030465378374066,0.013445511045442973,False,False,False,False,False
2021-05-12,4130.5498046875,4134.72998046875,4056.8798828125,4063.0400390625,4733070000,27.59000015258789,1.69,0.16,-0.0214494006645027,5.75,0.2632783864389609,1.53,0.011314198378473729,0.009127737563456095,0.008226824107204652,-0.0086739128027181,0.0073733416169683,-0.0005734596560236817,0.09999999999999987,0.31215873498849983,0.009208866739798885,False,False,True,True,False
2021-05-13,4074.989990234375,4131.580078125,4074.989990234375,4112.5,4779540000,23.1299991607666,1.66,0.16,0.0121731414069234,-4.460000991821289,-0.1616528077982975,1.5,0.012316354827243463,0.009816878351428089,0.008642955455114613,-0.0214494006645027,-0.0104356473221881,-0.005004032541277762,0.07999999999999985,0.28487727681784497,0.008890333254195327,False,False,True,True,False
2021-05-14,4129.580078125,4183.1298828125,4129.580078125,4173.85009765625,4008880000,18.809999465942383,1.63,0.16,0.0149179568768997,-4.319999694824219,-0.186770421598279,1.47,0.013990499863898625,0.010901841133870402,0.008912994913158678,0.0121731414069234,-0.0086739128027181,-0.00420249555310344,0.010000000000000009,0.2631612949682001,0.0062620228881280614,False,False,False,True,False
2021-05-17,4169.919921875,4171.919921875,4142.68994140625,4163.2900390625,4125050000,19.71999931335449,1.64,0.16,-0.0025300521932207,0.9099998474121058,0.0483785153242435,1.48,0.013462969670144403,0.010878164079702504,0.008893077830416487,0.0149179568768997,-0.0214494006645027,-0.0026935725011171616,0.010000000000000009,0.2654897526509599,0.007455739553647852,False,False,False,True,False
2021-05-18,4165.93994140625,4169.14990234375,4125.990234375,4127.830078125,4398150000,21.34000015258789,1.64,0.16,-0.0085172929593646,1.620000839233402,0.0821501468378007,1.48,0.013445511045442978,0.010993562132808402,0.009006207280269813,-0.0025300521932207,0.0121731414069234,-0.0011124534753236812,0.0,0.2869272077613753,0.006011998442707214,False,False,False,True,False
2021-05-19,4098.4501953125,4116.93017578125,4061.409912109375,4115.68017578125,4247450000,22.18000030517578,1.68,0.16,-0.0029434114568177,0.8400001525878906,0.0393627060253805,1.52,0.009208866739798897,0.010997221664215443,0.008911888555645175,-0.0085172929593646,0.0149179568768997,-0.0010811295066529812,-0.010000000000000009,0.20425266709906265,0.005343339708040139,False,False,False,False,False
2021-05-20,4121.97021484375,4172.7998046875,4121.97021484375,4159.1201171875,3978880000,20.670000076293945,1.63,0.15,0.0105547417561433,-1.510000228881836,-0.068079360149038,1.48,0.008890333254195337,0.011221594537985585,0.008978912719674336,-0.0029434114568177,-0.0025300521932207,0.0026200683348840187,-0.020000000000000018,0.18376318904249622,0.004196855590305955,False,False,False,False,False
2021-05-21,4168.60986328125,4188.72021484375,4151.72021484375,4155.85986328125,3995250000,20.14999961853028,1.63,0.17,-0.0007838806801412,-0.5200004577636683,-0.0251572547578288,1.46,0.006262022888128071,0.010877902255388247,0.008749173697720972,0.0105547417561433,-0.0085172929593646,0.0022963884047279993,-0.010000000000000009,0.12617975880700852,0.004032962699464444,False,False,False,False,False
2021-05-24,4170.16015625,4209.52001953125,4170.16015625,4197.0498046875,3684800000,18.39999961853028,1.61,0.15,0.0099112921901385,-1.75,-0.0868486368799069,1.4600000000000002,0.007455739553647865,0.010969034171050676,0.00869269811951989,-0.0007838806801412,-0.0029434114568177,-0.0008439791066801808,-0.019999999999999796,0.13718560494298185,0.0014103873629068694,False,False,False,False,False
2021-05-25,4205.93994140625,4213.419921875,4182.52001953125,4188.1298828125,4182250000,18.84000015258789,1.56,0.15,-0.0021252837802967,0.4400005340576136,0.0239130729988981,1.41,0.006011998442707232,0.010605215327812252,0.008699294044216713,0.0099112921901385,0.0105547417561433,0.0016442897699916596,-0.07000000000000006,0.11326605157796242,0.0008081305017291861,False,False,False,False,False
2021-05-26,4191.58984375,4202.60986328125,4184.10986328125,4195.990234375,4420890000,17.360000610351562,1.58,0.14,0.0018768165702687,-1.479999542236328,-0.0785562383359659,1.44,0.00534333970804016,0.007555022531006665,0.008707733583133764,-0.0021252837802967,-0.0007838806801412,0.0029226916058052387,-0.08000000000000007,0.09276038059289292,0.0018624256201242358,False,False,False,False,False
2021-05-27,4201.93994140625,4213.3798828125,4197.77978515625,4200.8798828125,6406310000,16.739999771118164,1.61,0.14,0.0011653145418315,-0.6200008392333984,-0.035714332801561,1.4700000000000002,0.004196855590305977,0.006953163340349565,0.008707389313441583,0.0018768165702687,0.0099112921901385,0.003886737211222519,-0.009999999999999787,0.07025536162113805,0.0041117894815246685,False,False,False,False,False
2021-05-28,4210.77001953125,4218.35986328125,4203.56982421875,4204.10986328125,4649250000,16.760000228881836,1.58,0.14,0.0007688818911402,0.0200004577636718,0.0011947704920629,1.44,0.004032962699464469,0.005499146116468991,0.008586262451515359,0.0011653145418315,-0.0021252837802967,0.0020088517683601592,-0.020000000000000018,0.0675924557660964,0.0042053927154295356,False,False,False,False,False
2021-06-01,4216.52001953125,4234.1201171875,4197.58984375,4202.0400390625,5074670000,17.899999618530273,1.62,0.16,-0.0004923335226864,1.1399993896484375,0.0680190557327036,1.4600000000000002,0.0014103873629069204,0.0054113360377442245,0.008437904204900213,0.0007688818911402,0.0018768165702687,0.002319404282616439,0.0,0.025245933258013793,0.004163991405844105,False,False,False,False,False
2021-06-02,4206.81982421875,4217.3701171875,4198.27001953125,4208.1201171875,5833670000,17.479999542236328,1.59,0.13,0.0014469348384307,-0.4200000762939453,-0.023463691913108,1.46,0.0008081305017292867,0.004400954481569249,0.008424266823288671,-0.0004923335226864,0.0011653145418315,0.00023867914005145895,0.050000000000000044,0.014126120800295145,0.004328448720895166,False,False,False,False,False
2021-06-03,4191.43017578125,4204.39013671875,4167.93017578125,4192.85009765625,5587970000,18.040000915527344,1.63,0.16,-0.0036287033416374,0.5600013732910156,0.0320366926748427,1.47,0.0018624256201242718,0.004481036957360143,0.008330014901517099,0.0014469348384307,0.0007688818911402,0.000953122863796939,0.030000000000000027,0.033598159892143445,0.003982382824854901,False,False,False,False,False
2021-06-04,4206.0498046875,4233.4501953125,4206.0498046875,4229.89013671875,4139790000,16.420000076293945,1.56,0.14,0.0088340957105059,-1.6200008392333984,-0.089800485422317,1.42,0.004111789481524689,0.004166204618363604,0.008523861260239556,-0.0036287033416374,-0.0004923335226864,-0.00014798111858428109,-0.050000000000000266,0.06751558360034005,0.002279417274219816,False,False,False,False,False
2021-06-07,4229.33984375,4232.33984375,4215.66015625,4226.52001953125,4476920000,16.420000076293945,1.57,0.16,-0.0007967387044511,0.0,0.0,1.41,0.0042053927154295555,0.0041669720964427675,0.008364431127300561,0.0088340957105059,0.0014469348384307,0.0013857751151505992,-0.030000000000000027,0.06905254870819931,0.002141648338391194,False,False,False,False,False
2021-06-08,4233.81005859375,4236.740234375,4208.41015625,4227.259765625,4659620000,17.06999969482422,1.53,0.14,0.0001750248645058,0.6499996185302734,0.0395858474732102,1.39,0.004163991405844125,0.003146107947652958,0.008214363190825458,-0.0007967387044511,-0.0036287033416374,0.0010726509960323392,-0.07000000000000028,0.07107933202700989,0.002526351558385889,False,False,False,False,False
2021-06-09,4232.990234375,4237.08984375,4218.740234375,4219.5498046875,4713260000,17.889999389648438,1.5,0.16,-0.0018238673194856,0.8199996948242188,0.048037475658119,1.34,0.004328448720895183,0.0031200166794050363,0.007893144465670344,0.0001750248645058,0.0088340957105059,0.0012061226734707792,-0.11999999999999988,0.07743594497493939,0.0035108235998871046,False,False,False,False,False
2021-06-10,4228.56005859375,4249.740234375,4220.33984375,4239.18017578125,4408210000,16.100000381469727,1.45,0.14,0.0046522430122621,-1.789999008178711,-0.1000558451228592,1.31,0.003982382824854924,0.0033244309770410923,0.007672020512735668,-0.0018238673194856,-0.0007967387044511,0.0005519622418875193,-0.15999999999999992,0.06411636499932277,0.0027225807871447,False,False,False,False,False
2021-06-11,4242.89990234375,4248.3798828125,4232.25,4247.43994140625,3815010000,15.649999618530272,1.47,0.16,0.001948434669559,-0.4500007629394549,-0.0279503572843006,1.31,0.00227941727421985,0.0033358981440631463,0.005798412598493665,0.0046522430122621,0.0001750248645058,0.002208151512667419,-0.10999999999999988,0.03567287947201197,0.005206089607356803,False,False,False,False,False
2021-06-14,4248.31005859375,4255.58984375,4234.06982421875,4255.14990234375,4151200000,16.389999389648438,1.51,0.16,0.0018152018730952,0.7399997711181658,0.0472843315754445,1.35,0.0021416483383912333,0.003340014788973199,0.0053462557567975,0.001948434669559,-0.0018238673194856,0.000831019304478039,-0.05999999999999983,0.03510161495907391,0.008853456813941056,False,False,False,False,False
2021-06-15,4255.27978515625,4257.16015625,4238.35009765625,4246.58984375,4048940000,17.020000457763672,1.51,0.16,-0.0020116937805257,0.6300010681152344,0.0384381385952417,1.35,0.0025263515583859204,0.003446980108092132,0.004491210300651516,0.0018152018730952,0.0046522430122621,0.001353407419987299,-0.039999999999999813,0.04299850468020033,0.009206663728999568,False,False,False,False,False
2021-06-16,4248.8701171875,4251.89013671875,4202.4501953125,4223.7001953125,4538350000,18.14999961853028,1.57,0.21,-0.0053901246128557,1.1299991607666051,0.0663924283416312,1.36,0.003510823599887124,0.003944762574828815,0.004632281895240815,-0.0020116937805257,0.001948434669559,0.0009160636909809991,0.020000000000000018,0.0637214469986784,0.008853468833582777,False,False,False,False,False
2021-06-17,4220.3701171875,4232.2900390625,4196.0498046875,4221.85986328125,5312680000,17.75,1.52,0.23,-0.0004357155920517,-0.399999618530277,-0.0220385469386951,1.29,0.00272258078714472,0.00373101025362493,0.004162700269130075,-0.0053901246128557,0.0018152018730952,0.000202812232306979,-0.020000000000000018,0.04832580897181878,0.00901656884729623,False,False,False,False,False
2021-06-18,4204.77978515625,4204.77978515625,4164.39990234375,4166.4501953125,6817010000,20.700000762939453,1.45,0.26,-0.0131244687799005,2.950000762939453,0.166197226081096,1.19,0.005206089607356806,0.0046453568524000175,0.005092332399661444,-0.0004357155920517,-0.0020116937805257,-0.000814779488555781,-0.1200000000000001,0.10776605884421704,0.004910253423554032,False,False,False,False,False
2021-06-21,4173.39990234375,4226.240234375,4173.39990234375,4224.7900390625,4128950000,17.889999389648438,1.5,0.27,0.0140022899627207,-2.810001373291016,-0.1357488536097999,1.23,0.008853456813941061,0.006585545855105623,0.005453475537764845,-0.0131244687799005,-0.0053901246128557,-0.0038293601784476815,-0.1200000000000001,0.1583883369976844,0.0024338758189899135,False,False,False,False,False
2021-06-22,4224.60986328125,4255.83984375,4217.27001953125,4246.43994140625,3828390000,16.65999984741211,1.48,0.25,0.0051244919022186,-1.229999542236328,-0.0687534703297997,1.23,0.009206663728999576,0.006765093729297692,0.005518530912128653,0.0140022899627207,-0.0004357155920517,-0.001391942560522581,-0.1200000000000001,0.15338301632030754,0.0023993665044435924,False,False,False,False,False
2021-06-23,4249.27001953125,4256.60009765625,4241.43017578125,4241.83984375,3730350000,16.31999969482422,1.5,0.26,-0.0010832833431588,-0.3400001525878906,-0.0204081726111603,1.24,0.008853468833582786,0.006743534201836723,0.00516233927186747,0.0051244919022186,-0.0131244687799005,3.5294576026278886e-05,-0.1200000000000001,0.1444886086622068,0.0018941336393019583,False,False,False,False,False
2021-06-24,4256.97021484375,4271.27978515625,4256.97021484375,4266.490234375,3816660000,15.970000267028809,1.49,0.26,0.0058112497248854,-0.3499994277954101,-0.021446043770847,1.23,0.009016568847296241,0.006822544723193312,0.0052447797984488485,-0.0010832833431588,0.0140022899627207,0.0008966628299656588,-0.06000000000000005,0.14399460689900462,0.0016996869033223565,False,False,False,False,False
2021-06-25,4274.4501953125,4286.1201171875,4271.16015625,4280.7001953125,7341450000,15.619999885559082,1.54,0.28,0.0033305973193167,-0.3500003814697265,-0.0219161161939569,1.26,0.004910253423554059,0.006861024471311672,0.005266805934353765,0.0058112497248854,0.0051244919022186,0.002146055893353079,0.07000000000000006,0.07669815791398049,0.0026579781654335567,False,False,False,False,False
2021-06-28,4284.89990234375,4292.14013671875,4274.669921875,4290.60986328125,4147890000,15.760000228881836,1.49,0.25,0.0023149642620619,0.1400003433227539,0.0089628901631546,1.24,0.0024338758189899577,0.006870023442109756,0.005274561501535338,0.0033305973193167,-0.0010832833431588,0.005437069113196519,0.010000000000000009,0.0383578834643517,0.003439799934874213,False,False,False,False,False
2021-06-29,4293.2099609375,4300.52001953125,4287.0400390625,4291.7998046875,3707150000,16.020000457763672,1.49,0.27,0.0002773361932608,0.2600002288818359,0.0164974762123009,1.22,0.002399366504443632,0.006808592883029397,0.005276717872853757,0.0023149642620619,0.0058112497248854,0.0030996039730647592,-0.010000000000000009,0.0384378524995298,0.003264945963880369,False,False,False,False,False
2021-06-30,4290.64990234375,4302.43017578125,4287.9599609375,4297.5,4266040000,15.829999923706056,1.45,0.25,0.0013281596467464,-0.1900005340576154,-0.0118602077795532,1.2,0.0018941336393020118,0.006459242798015065,0.005266475129283224,0.0002773361932608,0.0033305973193167,0.0021301728312731988,-0.040000000000000036,0.029984135365639923,0.005764255541818275,False,False,False,False,False
2021-07-01,4300.72998046875,4320.66015625,4300.72998046875,4319.93994140625,3788230000,15.479999542236328,1.48,0.25,0.0052216268542757,-0.3500003814697283,-0.0221099420819066,1.23,0.0016996869033224155,0.00649030695875478,0.005339697854931391,0.0013281596467464,0.0023149642620619,0.002612461429254239,0.0,0.026311152485376074,0.007005791053481412,False,False,False,False,False
2021-07-02,4326.60009765625,4355.43017578125,4326.60009765625,4352.33984375,3225840000,15.06999969482422,1.44,0.24,0.0075000816639139,-0.4099998474121076,-0.0264857790398149,1.2,0.0026579781654335983,0.004086478203393737,0.005379924964465521,0.0052216268542757,0.0002773361932608,0.002494536855132299,-0.06000000000000005,0.04005573014193377,0.006580255636661302,False,False,False,False,False
2021-07-06,4356.4599609375,4356.4599609375,4314.3701171875,4343.5400390625,4309570000,16.440000534057617,1.37,0.22,-0.0020218560598241,1.3700008392333969,0.090909148439062,1.15,0.0034397999348742417,0.0029966513084537026,0.0051970551940305814,0.0075000816639139,0.0013281596467464,0.0033284337240517396,-0.09000000000000008,0.05655031276638389,0.006764907991507889,False,False,False,False,False
2021-07-07,4351.009765625,4361.8798828125,4329.7900390625,4358.1298828125,4037380000,16.200000762939453,1.33,0.22,0.0033589753101825,-0.239999771118164,-0.0145985257494957,1.11,0.003264945963880402,0.002903915377570564,0.005193448675812309,-0.0020218560598241,0.0052216268542757,0.002461069659674539,-0.10999999999999988,0.0528921271058186,0.006681409987877228,False,False,False,False,False
2021-07-08,4321.06982421875,4330.8798828125,4289.3701171875,4320.81982421875,4347500000,19.0,1.3,0.19,-0.0085610249343169,2.799999237060547,0.1728394509379327,1.11,0.005764255541818289,0.004356536394009421,0.0056137726020207245,0.0033589753101825,0.0075000816639139,0.0030773974830588793,-0.08999999999999986,0.1095208552945475,0.005419470704722528,False,False,False,False,False
2021-07-09,4329.3798828125,4371.60009765625,4329.3798828125,4369.5498046875,3531120000,16.18000030517578,1.37,0.23,0.0112779478087958,-2.8199996948242188,-0.1484210365696957,1.14,0.007005791053481425,0.005098378120624723,0.005975154175542061,-0.0085610249343169,-0.0020218560598241,0.0010995605668462191,-0.09000000000000008,0.11335370138332722,0.003854535153627424,False,False,False,False,False
2021-07-12,4372.41015625,4386.68017578125,4364.02978515625,4384.6298828125,3384460000,16.170000076293945,1.38,0.23,0.003451174331237,-0.0100002288818359,-0.0006180611058849,1.15,0.006580255636661315,0.005100700445465701,0.005952159644374995,0.0112779478087958,0.0033589753101825,0.002310824757750239,-0.050000000000000044,0.10640273414684713,0.005737282857392757,False,False,False,False,False
2021-07-13,4381.06982421875,4392.3701171875,4366.919921875,4369.2099609375,3695430000,17.1200008392334,1.42,0.26,-0.0035168126585656,0.9500007629394532,0.0587508199416897,1.16,0.006764907991507901,0.005403182696112541,0.006051007254842204,0.003451174331237,-0.0085610249343169,0.0015010432912148587,0.010000000000000009,0.11581523049195198,0.01028770108422017,False,False,False,False,False
2021-07-14,4380.10986328125,4393.68017578125,4362.35986328125,4374.2998046875,4006370000,16.329999923706055,1.37,0.23,0.0011649345752446,-0.7900009155273438,-0.0461449110280953,1.14,0.006681409987877239,0.005384178913767884,0.006050288968239467,-0.0035168126585656,0.0112779478087958,0.0012020519714665589,0.029999999999999805,0.10910742459228419,0.011090687091315712,False,False,False,False,False
2021-07-15,4369.02001953125,4369.02001953125,4340.7001953125,4360.02978515625,3905230000,17.010000228881836,1.31,0.23,-0.0032622408541723,0.6800003051757812,0.0416411701379515,1.08,0.005419470704722543,0.005606201362813325,0.0060889587795679104,0.0011649345752446,0.003451174331237,0.0007632438244789788,-0.030000000000000027,0.09218519792774886,0.011043231486510492,False,False,False,False,False
2021-07-16,4367.43017578125,4375.08984375,4322.52978515625,4327.16015625,3985700000,18.450000762939453,1.31,0.25,-0.0075388542110778,1.4400005340576172,0.0846561149136608,1.06,0.0038545351536274333,0.006040481539261145,0.006216807900177804,-0.0032622408541723,-0.0035168126585656,0.0018230006405078989,-0.07999999999999985,0.07111617652520309,0.010761749225086822,False,False,False,False,False
2021-07-19,4296.39990234375,4296.39990234375,4233.1298828125,4258.490234375,5157660000,22.5,1.19,0.21,-0.0158695124274093,4.049999237060547,0.2195121446930119,0.98,0.005737282857392755,0.0071729226659848705,0.0071982778410465565,-0.0075388542110778,0.0011649345752446,-0.0019403597634668212,-0.16999999999999993,0.12908886429133698,0.004949400120051477,False,False,True,False,False
2021-07-20,4265.10986328125,4336.83984375,4262.0498046875,4323.06005859375,4438270000,19.729999542236328,1.23,0.2,0.0151626094378556,-2.770000457763672,-0.1231111314561631,1.03,0.010287701084220172,0.008858594623727083,0.007181069611810479,-0.0158695124274093,-0.0032622408541723,-0.0058044971151960814,-0.1299999999999999,0.20297633768232817,0.005243568605449511,False,False,False,False,False
2021-07-21,4331.1298828125,4359.7001953125,4331.1298828125,4358.68994140625,3810280000,17.90999984741211,1.3,0.22,0.0082418199908353,-1.8199996948242188,-0.0922452983806774,1.08,0.011090687091315716,0.009182804217168428,0.006809532952903734,0.0151626094378556,-0.0075388542110778,-0.0020686126959118417,-0.05999999999999983,0.1986342041131599,0.004822992470027864,False,False,False,True,False
2021-07-22,4361.27001953125,4369.8701171875,4350.06005859375,4367.47998046875,3358300000,17.690000534057617,1.27,0.2,0.0020166699583279,-0.2199993133544922,-0.0122836021903306,1.07,0.011043231486510499,0.00872732689017782,0.0067629855938321735,0.0082418199908353,-0.0158695124274093,-0.0006532356127937015,-0.010000000000000009,0.19535477089409262,0.004909678514446188,False,False,False,True,False
2021-07-23,4381.2001953125,4415.18017578125,4381.2001953125,4411.7900390625,4540070000,17.200000762939453,1.3,0.22,0.0101454520208228,-0.489999771118164,-0.0276992513468156,1.08,0.010761749225086834,0.008601119721042017,0.006988631283717302,0.0020166699583279,0.0151626094378556,0.0004025465497063385,0.020000000000000018,0.18510209488205662,0.0037966157442136813,False,False,False,True,False
2021-07-26,4409.580078125,4422.72998046875,4405.4501953125,4422.2998046875,4275630000,17.579999923706055,1.29,0.22,0.0023821998626283,0.3799991607666015,0.0220929734831976,1.07,0.004949400120051513,0.008576593363013285,0.006935118523429027,0.0101454520208228,0.0082418199908353,0.003939407796086458,0.09000000000000008,0.08701045373289633,0.003462416794279221,False,False,False,False,False
2021-07-27,4416.3798828125,4416.3798828125,4372.509765625,4401.4599609375,4241950000,19.36000061035156,1.25,0.2,-0.0047124448070912,1.7800006866455045,0.1012514615682809,1.05,0.005243568605449534,0.008645289204832493,0.007057359562875815,0.0023821998626283,0.0020166699583279,0.0075897502540939795,0.020000000000000018,0.10151549140192324,0.00474752257907933,False,False,False,False,False
2021-07-28,4402.9501953125,4415.47021484375,4387.009765625,4400.64013671875,4215290000,18.309999465942383,1.26,0.2,-0.0001862618826539,-1.050001144409176,-0.0542355945922725,1.06,0.004822992470027883,0.00864866708240294,0.007061183318058584,-0.0047124448070912,0.0101454520208228,0.0036147394051046187,-0.020000000000000018,0.08830898955045467,0.0052728058479182644,False,False,False,False,False
2021-07-29,4403.58984375,4429.97021484375,4403.58984375,4419.14990234375,4044600000,17.700000762939453,1.28,0.2,0.0042061529800074,-0.6099987030029297,-0.0333150584814359,1.08,0.004909678514446207,0.008601961463259096,0.007085431662867537,-0.0001862618826539,0.0023821998626283,0.0019291230304067787,0.010000000000000009,0.0869013134514853,0.005592107479916614,False,False,False,False,False
2021-07-30,4395.1201171875,4412.25,4389.64990234375,4395.259765625,3956740000,18.239999771118164,1.24,0.19,-0.0054060480514769,0.5399990081787109,0.0305084172261376,1.05,0.003796615744213696,0.00840218191212187,0.007233115515427312,0.0042061529800074,-0.0047124448070912,0.002367019634742679,-0.030000000000000027,0.06925027030548143,0.004760617868346798,False,False,False,False,False
2021-08-02,4406.85986328125,4422.18017578125,4384.81005859375,4387.16015625,3724090000,19.459999084472656,1.2,0.17,-0.0018428056148913,1.2199993133544922,0.0668859281065497,1.03,0.0034624167942792334,0.0062690918328667045,0.007197692816459056,-0.0054060480514769,-0.0001862618826539,-0.0007432803797172609,-0.040000000000000036,0.06737862764673663,0.004631279257184002,False,False,False,False,False
2021-08-03,4392.740234375,4423.7900390625,4373.0,4423.14990234375,3965190000,18.040000915527344,1.19,0.17,0.0082034265474622,-1.4199981689453125,-0.0729701046120986,1.02,0.004747522579079347,0.005170385889242577,0.007230532946567156,-0.0018428056148913,0.0042061529800074,-0.001588281475221181,-0.030000000000000027,0.08564531167307815,0.003472071610971592,False,False,False,False,False
2021-08-04,4415.9501953125,4416.169921875,4400.22998046875,4402.66015625,4260760000,17.969999313354492,1.19,0.17,-0.0046323879014122,-0.0700016021728515,-0.0038803546907029,1.02,0.0052728058479182775,0.0051345025437635776,0.007299999058568248,0.0082034265474622,-0.0054060480514769,0.0009948927956894991,-0.040000000000000036,0.094752317466543,0.0022862647688042864,False,False,False,False,False
2021-08-05,4408.85986328125,4429.759765625,4408.85986328125,4429.10009765625,3769410000,17.280000686645508,1.23,0.21,0.0060054468134942,-0.6899986267089844,-0.0383972539273392,1.02,0.005592107479916626,0.005347169696283101,0.007367849502486292,-0.0046323879014122,-0.0018428056148913,0.00010566759193783911,-0.06000000000000005,0.09663162109275478,0.0016291339374488467,False,False,False,False,False
2021-08-06,4429.06982421875,4440.81982421875,4429.06982421875,4436.52001953125,3451870000,16.149999618530273,1.31,0.21,0.0016752662417647,-1.1300010681152344,-0.0653935777322354,1.1,0.004760617868346817,0.0045012925250523745,0.0070650239088720515,0.0060054468134942,0.0082034265474622,0.0004655263586351991,0.050000000000000044,0.0768839767577695,0.0016273137212721419,False,False,False,False,False
2021-08-09,4437.77001953125,4439.39013671875,4424.740234375,4432.35009765625,3449280000,16.719999313354492,1.33,0.23,-0.0009399082741974,0.5699996948242188,0.0352940995843868,1.1,0.004631279257184022,0.004477761768620264,0.006712341969233864,0.0016752662417647,-0.0046323879014122,0.001881789217283519,0.07000000000000006,0.07743498600006975,0.001149188778860792,False,False,False,False,False
2021-08-10,4435.7900390625,4445.2099609375,4430.02978515625,4436.75,3886610000,16.790000915527344,1.36,0.24,0.0009926793341701,0.0700016021728515,0.0041866988664849,1.12,0.0034720716109716125,0.004163198412651965,0.00668475992668376,-0.0009399082741974,0.0060054468134942,0.0020623686854222994,0.10000000000000009,0.05829608552698987,0.003918789733458017,False,False,False,False,False
2021-08-11,4442.18017578125,4449.43994140625,4436.419921875,4442.41015625,3532560000,16.170000076293945,1.35,0.23,0.0012757437876824,-0.6200008392333984,-0.0369267900789703,1.12,0.0022862647688043254,0.00415138518975898,0.00662233895638373,0.0009926793341701,0.0016752662417647,0.0006202192427638791,0.10000000000000009,0.036968901485994105,0.0059029720947535655,False,False,False,False,False
2021-08-12,4446.080078125,4461.77001953125,4435.9599609375,4460.830078125,3375310000,15.59000015258789,1.36,0.23,0.0041463802816776,-0.5799999237060547,-0.0358688881242718,1.13,0.0016291339374488979,0.004146738434220759,0.006660203700925324,0.0012757437876824,-0.0009399082741974,0.0018018455805827991,0.10999999999999988,0.02539819833341443,0.005404385016611356,False,False,False,False,False
2021-08-13,4464.83984375,4468.3701171875,4460.81982421875,4468.0,3016470000,15.449999809265137,1.29,0.23,0.0016073066558082,-0.1400003433227539,-0.0089801373927193,1.06,0.001627313721272193,0.003565102187647337,0.006593762960095735,0.0041463802816776,0.0009926793341701,0.0014300322742194793,-0.040000000000000036,0.025141996683269923,0.006832443080102211,False,False,False,False,False
2021-08-16,4461.64990234375,4480.259765625,4437.66015625,4479.7099609375,3370640000,16.1200008392334,1.26,0.21,0.0026208507022158,0.6700010299682617,0.0433657629928558,1.05,0.0011491887788608738,0.0033742832706567106,0.006302026687649207,0.0016073066558082,0.0012757437876824,0.0014164403570281793,-0.050000000000000044,0.01852492407967489,0.007821763792762346,False,False,False,False,False
2021-08-17,4462.1201171875,4462.1201171875,4417.830078125,4448.080078125,3836960000,17.90999984741211,1.26,0.23,-0.0070606988149475,1.789999008178711,0.1110421163144204,1.03,0.003918789733458035,0.003702527999223006,0.005340335972069291,0.0026208507022158,0.0041463802816776,0.0021285921523108197,-0.09000000000000008,0.07018552352827355,0.006975024653271351,False,False,False,False,False
2021-08-18,4440.93994140625,4454.31982421875,4397.58984375,4400.27001953125,3755590000,21.56999969482422,1.27,0.23,-0.0107484707455859,3.659999847412109,0.2043551020990632,1.04,0.0059029720947535716,0.004841260447883203,0.005168096965162758,-0.0070606988149475,0.0016073066558082,0.0005179165224872991,-0.08000000000000007,0.1273271062823904,0.003287727750514283,False,False,False,False,False
2021-08-19,4382.43994140625,4418.60986328125,4367.72998046875,4405.7998046875,4398410000,21.670000076293945,1.24,0.22,0.0012566922329095,0.1000003814697265,0.0046360863646057,1.02,0.005404385016611361,0.004441090140027902,0.004899903295429616,-0.0107484707455859,0.0026208507022158,-0.0018869263841663608,-0.10999999999999988,0.11711302372229004,0.0052470719439955925,False,False,False,False,False
2021-08-20,4410.56005859375,4444.35009765625,4406.7998046875,4441.669921875,3652610000,18.559999465942383,1.26,0.23,0.0081415676557379,-3.1100006103515625,-0.1435164097555205,1.03,0.006832443080102217,0.00513051314826675,0.005155682251414568,0.0012566922329095,-0.0070606988149475,-0.002464863993919981,-0.030000000000000027,0.12681013991777887,0.005384815379992623,False,False,False,False,False
2021-08-23,4450.2900390625,4489.8798828125,4450.2900390625,4479.52978515625,3576530000,17.149999618530273,1.25,0.23,0.0085237903642483,-1.4099998474121094,-0.075969821550882,1.02,0.007821763792762355,0.005688509268890277,0.005025873405245572,0.0081415676557379,-0.0107484707455859,-0.0011580117939340405,-0.030000000000000027,0.13414324606210828,0.004753822811172288,False,False,False,False,False
2021-08-24,4484.39990234375,4492.81005859375,4482.27978515625,4486.22998046875,3979220000,17.219999313354492,1.29,0.24,0.0014957363013194,0.0699996948242187,0.004081614949343,1.05,0.006975024653271364,0.005689777895644901,0.005015602840734441,0.0085237903642483,0.0012566922329095,2.2576138472459385e-05,0.020000000000000018,0.12010991973996354,0.004969539311653247,False,False,False,False,False
2021-08-25,4490.4501953125,4501.7099609375,4485.66015625,4496.18994140625,3444700000,16.790000915527344,1.35,0.23,0.0022201182241796,-0.4299983978271484,-0.0249708719496681,1.12,0.003287727750514322,0.005699310662327434,0.0048749154210589365,0.0014957363013194,0.0081415676557379,0.0017338631617258393,0.08000000000000007,0.05520095194114012,0.004982985893508397,False,False,False,False,False
2021-08-26,4493.75,4495.89990234375,4468.990234375,4470.0,3263980000,18.84000015258789,1.34,0.25,-0.0058249188196125,2.049999237060547,0.1220964339057726,1.09,0.0052470719439956124,0.005966175041269968,0.005085071061808306,0.0022201182241796,0.0085237903642483,0.004327580955678939,0.07000000000000006,0.09885483622551698,0.0035100146617812445,False,False,False,False,False
2021-08-27,4474.10009765625,4513.330078125,4474.10009765625,4509.3701171875,3331200000,16.389999389648438,1.31,0.22,0.0088076324804251,-2.450000762939453,-0.1300425022875022,1.09,0.005384815379992643,0.006500344180131269,0.005322532382122715,-0.0058249188196125,0.0014957363013194,0.002911258745174539,0.06000000000000005,0.08825712079144893,0.0020967825614574918,False,False,False,False,False
2021-08-30,4513.759765625,4537.35986328125,4513.759765625,4528.7900390625,3168660000,16.190000534057617,1.29,0.2,0.0043065708447795,-0.1999988555908203,-0.0122024931689219,1.09,0.004753822811172309,0.006563217426847291,0.005167511140064266,0.0088076324804251,0.0022201182241796,0.0030444717101119788,0.07000000000000006,0.07696439385169496,0.0020444363330364384,False,False,False,False,False
2021-08-31,4529.75,4531.39013671875,4515.7998046875,4522.68017578125,4290710000,16.479999542236328,1.3,0.2,-0.001349116039505,0.2899990081787109,0.0179122296857658,1.1,0.004969539311653266,0.006056090822332455,0.005153629408908092,0.0043065708447795,-0.0058249188196125,0.0022010278062182193,0.050000000000000044,0.08189800558117126,0.002041589816214034,False,False,False,False,False
2021-09-01,4528.7998046875,4537.10986328125,4522.02001953125,4524.08984375,4057340000,16.110000610351562,1.31,0.2,0.0003116886257619,-0.3699989318847656,-0.0224513921214926,1.11,0.004982985893508414,0.0044929896196552865,0.004931361378058101,-0.001349116039505,0.0088076324804251,0.0016320573380533387,-0.010000000000000009,0.08027590578579377,0.0025842583752013464,False,False,False,False,False
2021-09-02,4534.47998046875,4545.85009765625,4524.66015625,4536.9501953125,3735990000,16.40999984741211,1.29,0.2,0.0028426384105229,0.2999992370605469,0.0186219258655881,1.09,0.0035100146617812757,0.004464000674436169,0.004772896660656013,0.0003116886257619,0.0043065708447795,0.001250371418369799,0.0,0.057599340064245004,0.0026013887639713493,False,False,False,False,False
2021-09-03,4532.419921875,4541.4501953125,4521.2998046875,4535.43017578125,3217530000,16.40999984741211,1.33,0.21,-0.0003350311257153,0.0,0.0,1.12,0.0020967825614575317,0.0041938719540529626,0.004674270583968647,0.0028426384105229,-0.001349116039505,0.002983882864396879,0.030000000000000027,0.03440820151357447,0.003337507504672841,False,False,False,False,False
2021-09-07,4535.3798828125,4535.3798828125,4513.0,4520.02978515625,3822960000,18.13999938964844,1.38,0.22,-0.0033955744059817,1.7299995422363317,0.1054234953274029,1.16,0.0020444363330364684,0.003880884255288776,0.004770435731617706,-0.0003350311257153,0.0003116886257619,0.001155350143168799,0.06999999999999984,0.037086073833456634,0.0035269543346186766,False,False,False,False,False
2021-09-08,4518.08984375,4521.7900390625,4493.9501953125,4514.06982421875,3750880000,17.959999084472656,1.35,0.22,-0.0013185667397751,-0.1800003051757848,-0.0099228396489639,1.13,0.0020415898162140646,0.003929791566260442,0.004778064914051243,-0.0033955744059817,0.0028426384105229,-0.000385078906983441,0.029999999999999805,0.0366669512300733,0.0060022584657567725,False,False,False,False,False
2021-09-09,4513.02001953125,4529.89990234375,4492.06982421875,4493.27978515625,3735390000,18.799999237060547,1.3,0.23,-0.0046056086573933,0.8400001525878906,0.0467706122164623,1.07,0.0025842583752013646,0.004178630246923356,0.004918548535568147,-0.0013185667397751,-0.0003350311257153,-0.00037896904703746105,-0.040000000000000036,0.048584055482152985,0.005803667304727553,False,False,False,False,False
2021-09-10,4506.919921875,4520.47021484375,4457.66015625,4458.580078125,3623180000,20.950000762939453,1.35,0.23,-0.0077225787599254,2.1500015258789062,0.1143617879324481,1.12,0.002601388763971356,0.0044692873401303715,0.005224760843344852,-0.0046056086573933,-0.0033955744059817,-0.0013624285036685012,0.030000000000000027,0.05449909658990203,0.006148592326487284,False,False,False,False,False
2021-09-13,4474.81005859375,4492.990234375,4445.7001953125,4468.72998046875,3914220000,19.3700008392334,1.33,0.21,0.0022764876184568,-1.579999923706055,-0.0754176547096396,1.12,0.003337507504672848,0.0034623268834955397,0.005172188612077504,-0.0077225787599254,-0.0013185667397751,-0.0034754719377581614,0.0,0.06464752316646083,0.008418484390278154,False,False,False,False,False
2021-09-14,4479.330078125,4485.68017578125,4435.4599609375,4443.0498046875,3670460000,19.459999084472656,1.28,0.21,-0.0057466385065755,0.0899982452392578,0.0046462695580771,1.07,0.003526954334618682,0.0032584326469957225,0.00530535903612936,0.0022764876184568,-0.0046056086573933,-0.002953168188923741,-0.08999999999999986,0.06863452812265641,0.008559089795061923,False,False,False,False,False
2021-09-15,4447.490234375,4486.8701171875,4438.3701171875,4480.7001953125,4032020000,18.18000030517578,1.31,0.21,0.0084739969795697,-1.279998779296875,-0.0657758910337359,1.1,0.006002258465756779,0.004515793630326448,0.0055948456360647575,-0.0057466385065755,-0.0077225787599254,-0.0034233810090425016,-0.029999999999999805,0.10912106073920216,0.008868386347473469,False,False,False,False,False
2021-09-16,4477.08984375,4485.8701171875,4443.7998046875,4473.75,3984560000,18.690000534057617,1.34,0.23,-0.001551140448935,0.5100002288818359,0.0280528173993837,1.11,0.005803667304727564,0.004499455978665764,0.005381480083489062,0.0084739969795697,0.0022764876184568,-0.0014648682651735416,0.040000000000000036,0.1084705450248509,0.010993332364362916,False,False,False,False,False
2021-09-17,4469.740234375,4471.52001953125,4427.759765625,4432.990234375,7289530000,20.809999465942383,1.37,0.23,-0.009110872450405,2.1199989318847656,0.1134295811293115,1.14,0.0061485923264872925,0.004864113523256432,0.0052307358246051336,-0.001551140448935,-0.0057466385065755,-0.0008539746234818811,0.019999999999999796,0.12795220303049798,0.010229617222680329,False,False,False,False,False
2021-09-20,4402.9501953125,4402.9501953125,4305.91015625,4357.72998046875,4898070000,25.709999084472656,1.31,0.23,-0.0169773110084148,4.899999618530273,0.2354637070774368,1.08,0.008418484390278154,0.0064833908032948155,0.006394775406335127,-0.009110872450405,0.0084739969795697,-0.001131633361577801,-0.040000000000000036,0.21643922596669868,0.005867188715988833,False,False,True,False,False
2021-09-21,4374.4501953125,4394.8701171875,4347.9599609375,4354.18994140625,3920920000,24.36000061035156,1.33,0.22,-0.0008123585165593,-1.3499984741210973,-0.0525086939787725,1.11,0.008559089795061925,0.006552141111434776,0.00609577396283287,-0.0169773110084148,-0.001551140448935,-0.004982393086952121,0.040000000000000036,0.2084994326317623,0.011510117675667028,False,False,True,False,False
2021-09-22,4367.43017578125,4416.75,4367.43017578125,4395.64013671875,3939170000,20.8700008392334,1.32,0.25,0.0095196111952602,-3.4899997711181605,-0.1432676389028955,1.07,0.00886838634747347,0.007660619131894988,0.006172508060345129,-0.0008123585165593,-0.009110872450405,-0.003995537088948881,-0.030000000000000027,0.18508323051441736,0.01059746690947933,False,False,False,False,False
2021-09-23,4406.75,4465.39990234375,4406.75,4448.97998046875,3916350000,18.6299991607666,1.41,0.27,0.0121347157844948,-2.240001678466797,-0.1073311733776182,1.14,0.010993332364362922,0.00879076150076254,0.006755813059603756,0.0095196111952602,-0.0169773110084148,-0.0037864142458107807,0.029999999999999805,0.20480577272210954,0.008529797377590607,False,False,False,True,False
2021-09-24,4438.0400390625,4463.1201171875,4430.27001953125,4455.47998046875,3384290000,17.75,1.47,0.29,0.0014610090466882,-0.8799991607666016,-0.0472355985189636,1.18,0.010229617222680336,0.008510674121456344,0.00674385581912239,0.0121347157844948,-0.0008123585165593,-0.0010492429991248206,0.040000000000000036,0.18157570570257597,0.010973194294625132,False,False,False,False,False
2021-09-27,4442.1201171875,4457.2998046875,4436.18994140625,4443.10986328125,4058650000,18.76000022888184,1.48,0.31,-0.0027763826213396,1.0100002288818395,0.0569014213454557,1.17,0.005867188715988852,0.008508539702279869,0.006658002148491028,0.0014610090466882,0.0095196111952602,0.0010651333002938191,0.08999999999999986,0.11006846165484381,0.011422191834250892,False,False,False,False,False
2021-09-28,4419.5400390625,4419.5400390625,4346.330078125,4352.6298828125,4416550000,23.25,1.54,0.31,-0.0203641105560982,4.4899997711181605,0.2393390040691796,1.23,0.011510117675667033,0.010336897376241463,0.007597123480769479,-0.0027763826213396,0.0121347157844948,0.003905318977708859,0.11999999999999988,0.26761023595925854,0.010539574931378847,False,False,True,True,False
2021-09-29,4362.41015625,4385.56982421875,4355.080078125,4359.4599609375,3712660000,22.559999465942383,1.55,0.3,0.0015691842194003,-0.6900005340576172,-0.0296774423250587,1.25,0.010597466909479334,0.009832483752795586,0.007516789099384167,-0.0203641105560982,0.0014610090466882,-5.031430198920717e-06,0.17999999999999994,0.23907884781819586,0.010675467078795414,False,False,True,True,False
2021-09-30,4370.669921875,4382.5498046875,4306.240234375,4307.5400390625,4448140000,23.13999938964844,1.52,0.28,-0.0119097141251951,0.5799999237060582,0.0257092170849406,1.24,0.008529797377590605,0.010196752573191485,0.007818057998497866,0.0015691842194003,-0.0027763826213396,-0.0015951168253709011,0.10000000000000009,0.19737950611127147,0.009003203862484222,False,False,True,False,False
2021-10-01,4317.16015625,4375.18994140625,4288.52001953125,4357.0400390625,4010370000,21.100000381469727,1.48,0.27,0.0114914776301819,-2.0399990081787145,-0.088158991442813,1.21,0.010973194294625134,0.01095395996050196,0.00834013329739629,-0.0119097141251951,-0.0203641105560982,-0.006404002807308881,0.030000000000000027,0.23153440380253174,0.00843649734589451,False,False,False,True,False
2021-10-04,4348.83984375,4355.509765625,4278.93994140625,4300.4599609375,4307870000,22.959999084472656,1.49,0.27,-0.0129858981367484,1.8599987030029297,0.0881515957050125,1.22,0.011422191834250892,0.0104499100284213,0.008601704768687974,0.0114914776301819,0.0015691842194003,-0.004397909090610141,0.050000000000000044,0.26225351405707154,0.0064379871575896514,False,False,True,True,False
2021-10-05,4309.8701171875,4369.22998046875,4309.8701171875,4345.72021484375,3902890000,21.299999237060547,1.54,0.28,0.0105245146606092,-1.6599998474121094,-0.0722996478050702,1.26,0.010539574931378855,0.01103626946625274,0.009032488088856478,-0.0129858981367484,-0.0119097141251951,-0.0064398121936919015,0.030000000000000027,0.2244929379973121,0.005330026962817769,False,False,False,True,False
2021-10-06,4319.56982421875,4365.56982421875,4290.490234375,4363.5498046875,4009630000,21.0,1.53,0.3,0.0041027928541854,-0.2999992370605469,-0.0140844717279881,1.23,0.010675467078795424,0.010676241025250765,0.009117741152873787,0.0105245146606092,0.0114914776301819,-0.00026208715035042106,-0.020000000000000018,0.22418480865470392,0.005189139269659416,False,False,False,True,False
2021-10-07,4383.72998046875,4429.97021484375,4383.72998046875,4399.759765625,3843740000,19.540000915527344,1.58,0.32,0.0082982806564053,-1.4599990844726562,-0.0695237659272693,1.26,0.00900320386248424,0.010270240980552762,0.009360393396362843,0.0041027928541854,-0.0129858981367484,0.0002446345766065988,0.020000000000000018,0.17592261171562137,0.008259816154205396,False,False,False,False,False
2021-10-08,4406.509765625,4412.02001953125,4386.22021484375,4391.33984375,3280160000,18.770000457763672,1.61,0.32,-0.0019137230947889,-0.7700004577636719,-0.0394063675376696,1.29,0.008436497345894526,0.010237287242693327,0.009330944279406263,0.0082982806564053,0.0105245146606092,0.004286233532926678,0.08000000000000007,0.15835305904436225,0.008272965917580683,False,False,False,False,False
2021-10-11,4385.43994140625,4415.8798828125,4360.58984375,4361.18994140625,3281970000,20.0,1.61,0.32,-0.0068657638480568,1.229999542236328,0.0655300752391603,1.29,0.006437987157589672,0.010365124845381709,0.009303504791818552,-0.0019137230947889,0.0041027928541854,0.0016051933879325186,0.07000000000000006,0.12875974315179345,0.006491165926473812,False,False,False,False,False
2021-10-12,4368.31005859375,4374.89013671875,4342.08984375,4350.64990234375,3558450000,19.850000381469727,1.59,0.35,-0.0024167805585421,-0.1499996185302734,-0.0074999809265137,1.2400000000000002,0.005330026962817787,0.008355188686703513,0.009278264133496245,-0.0068657638480568,0.0082982806564053,0.002829220245670839,-0.019999999999999796,0.105801037245177,0.005067519766254539,False,False,False,False,False
2021-10-13,4358.009765625,4372.8701171875,4329.919921875,4363.7998046875,3620070000,18.63999938964844,1.56,0.37,0.0030225144837938,-1.2100009918212855,-0.0609572276356649,1.19,0.005189139269659434,0.008393953303951035,0.009262964936899204,-0.0024167805585421,-0.0019137230947889,0.00024096120184057874,-0.040000000000000036,0.09672555281925262,0.004955288172821228,False,False,False,False,False
2021-10-14,4386.75,4439.72998046875,4386.75,4438.259765625,3598280000,16.860000610351562,1.52,0.36,0.0170631019455833,-1.7799987792968786,-0.0954934998702513,1.16,0.008259816154205412,0.008730068356982715,0.009835933220132055,0.0030225144837938,-0.0068657638480568,2.4905527762258876e-05,-0.10000000000000009,0.13926050540129495,0.002011016181359263,False,False,False,False,False
2021-10-15,4447.68994140625,4475.81982421875,4447.68994140625,4471.3701171875,3819380000,16.299999237060547,1.59,0.41,0.0074602103777126,-0.5600013732910156,-0.0332147896214897,1.1800000000000002,0.008272965917580703,0.00841761560947127,0.00997217857118514,0.0170631019455833,-0.0024167805585421,0.001777869785597859,-0.10999999999999988,0.13484933814479336,0.002687045868475734,False,False,False,False,False
2021-10-18,4463.72021484375,4488.75,4447.47021484375,4486.4599609375,3662010000,16.309999465942383,1.59,0.44,0.0033747695570975,0.0100002288818359,0.0006135110030618,1.15,0.006491165926473839,0.006622151957028948,0.009780147871503593,0.0074602103777126,0.0030225144837938,0.003652656480098159,-0.14000000000000012,0.1058709127941317,0.002752995008795163,False,False,False,False,False
2021-10-19,4497.33984375,4520.39990234375,4496.41015625,4519.6298828125,3459130000,15.699999809265137,1.65,0.41,0.0073933395514063,-0.6099996566772461,-0.037400348047283,1.24,0.005067519766254581,0.006388689006906427,0.009041317052394263,0.0033747695570975,0.0170631019455833,0.005700763161129019,-2.220446049250313e-16,0.07956005936364423,0.0019928523219215686,False,False,False,False,False
2021-10-20,4524.419921875,4540.8701171875,4524.39990234375,4536.18994140625,3670760000,15.489999771118164,1.65,0.4,0.0036640298040166,-0.2100000381469726,-0.0133757987705862,1.25,0.004955288172821271,0.006389008521811265,0.00903045817998479,0.0073933395514063,0.0074602103777126,0.0076627871831187,0.06000000000000005,0.07675741266282603,0.003439029509245193,False,False,False,False,False
2021-10-21,4532.240234375,4551.43994140625,4526.89013671875,4549.77978515625,3822330000,15.010000228881836,1.68,0.45,0.0029958718496225,-0.4799995422363281,-0.0309877049276211,1.23,0.002011016181359347,0.006220451238615872,0.00887709279277814,0.0036640298040166,0.0033747695570975,0.007791090247163258,0.07000000000000006,0.030185353342488872,0.005060296113580712,False,False,False,False,False
2021-10-22,4546.1201171875,4559.669921875,4524.0,4544.89990234375,3758220000,15.43000030517578,1.66,0.48,-0.001072553627413,0.4200000762939435,0.0279813504256842,1.18,0.002687045868475788,0.006153656495029577,0.008577051692534712,0.0029958718496225,0.0073933395514063,0.004977644227971098,-2.220446049250313e-16,0.04146111857060273,0.004825731644987283,False,False,False,False,False
2021-10-25,4553.68994140625,4572.6201171875,4537.35986328125,4566.47998046875,3899400000,15.239999771118164,1.64,0.47,0.0047481965694935,-0.1900005340576154,-0.0123137090278528,1.17,0.0027529950087952166,0.005100794038597451,0.00861298740237676,-0.001072553627413,0.0036640298040166,0.0032710914269459797,0.020000000000000018,0.04195564330392855,0.004713240951062629,False,False,False,False,False
2021-10-26,4578.68994140625,4598.52978515625,4569.169921875,4574.7900390625,3879740000,15.979999542236328,1.63,0.47,0.0018197952535197,0.7399997711181641,0.0485564161569451,1.16,0.0019928523219216354,0.00465492534427911,0.008567191455147673,0.0047481965694935,0.0029958718496225,0.003545776829425179,-0.08000000000000007,0.03184577919205234,0.004752132518974454,False,False,False,False,False
2021-10-27,4580.22021484375,4584.56982421875,4551.66015625,4551.68017578125,4226050000,16.979999542236328,1.54,0.5,-0.0050515680684628,1.0,0.0625782245710913,1.04,0.0034390295092452242,0.005550185443957679,0.007228378691725484,0.0018197952535197,-0.001072553627413,0.002431067969847859,-0.20999999999999996,0.05839471949272113,0.0030468769528618827,False,False,False,False,False
2021-10-28,4562.83984375,4597.5498046875,4562.83984375,4596.419921875,4132950000,16.530000686645508,1.57,0.5,0.0098292815764611,-0.4499988555908203,-0.0265017001014331,1.07,0.005060296113580737,0.0041184212953110375,0.007408155526954827,-0.0050515680684628,0.0047481965694935,0.0006879483953519791,-0.15999999999999992,0.08364669823211919,0.001702667685318289,False,False,False,False,False
2021-10-29,4572.8701171875,4608.080078125,4567.58984375,4605.3798828125,4510200000,16.260000228881836,1.55,0.48,0.0019493347191492,-0.2700004577636719,-0.0163339653084106,1.07,0.004825731644987312,0.00391760286804038,0.00667118175731089,0.0098292815764611,0.0018197952535197,0.002054630340719699,-0.10999999999999988,0.078466397652016,0.0014899732880369638,False,False,False,False,False
2021-11-01,4610.6201171875,4620.33984375,4595.06005859375,4613.669921875,3971540000,16.40999984741211,1.58,0.5,0.0018000771431341,0.1499996185302734,0.0092250686604442,1.08,0.004713240951062657,0.003929598547588578,0.006412599398052045,0.0019493347191492,-0.0050515680684628,0.002659008010032139,-0.08999999999999986,0.07734428328775471,0.0017735541549046827,False,False,False,False,False
2021-11-02,4613.33984375,4635.14990234375,4613.33984375,4630.64990234375,3975250000,16.030000686645508,1.56,0.46,0.0036803630854131,-0.3799991607666015,-0.0231565608957959,1.1,0.004752132518974482,0.0036437808828487196,0.005361176221246765,0.0018000771431341,0.0098292815764611,0.002069384124760259,-0.05999999999999983,0.0761766875421914,0.0034210221510146336,False,False,False,False,False
2021-11-03,4630.64990234375,4663.4599609375,4621.18994140625,4660.56982421875,4319660000,15.100000381469728,1.6,0.47,0.0064612791953579,-0.9300003051757796,-0.0580162361409352,1.13,0.003046876952861937,0.0038299107549991168,0.005175842399265443,0.0036803630854131,0.0019493347191492,0.002441497691138939,0.08999999999999986,0.04600784315050657,0.004699117107699289,False,False,False,False,False
2021-11-04,4662.93017578125,4683.0,4662.58984375,4680.06005859375,4462300000,15.4399995803833,1.53,0.41,0.0041819423611504,0.3399991989135724,0.0225165026704774,1.12,0.0017026676853183769,0.003855024356733681,0.005176418241265596,0.0064612791953579,0.0018000771431341,0.00474406714390308,0.050000000000000044,0.026289188346847944,0.00415553965597305,False,False,False,False,False
2021-11-05,4699.259765625,4718.5,4681.31982421875,4697.52978515625,4467180000,16.479999542236328,1.45,0.39,0.0037327996529492,1.0399999618530271,0.0673575123133007,1.06,0.0014899732880370672,0.0036310295593036876,0.00505870879727831,0.0041819423611504,0.0036803630854131,0.0036145993008409394,-0.010000000000000009,0.024554759104795224,0.00512420546187009,False,False,False,False,False
2021-11-08,4701.47998046875,4714.919921875,4694.39013671875,4701.7001953125,4269710000,17.219999313354492,1.51,0.45,0.0008877879113036,0.7399997711181641,0.0449028999801626,1.06,0.0017735541549047682,0.003663221894628244,0.004959752817884408,0.0037327996529492,0.0064612791953579,0.003971292287600939,-0.020000000000000018,0.030540601329657115,0.005084032495324494,False,False,False,False,False
2021-11-09,4707.25,4708.52978515625,4670.8701171875,4685.25,4117080000,17.780000686645508,1.46,0.41,-0.0034987758957707,0.5600013732910156,0.0325204062497681,1.05,0.0034210221510146727,0.004140656431548785,0.004675817865236616,0.0008877879113036,0.0041819423611504,0.003788834441234839,-0.050000000000000044,0.06082577619407037,0.005152853665038506,False,False,False,False,False
2021-11-10,4670.259765625,4684.85009765625,4630.85986328125,4646.7099609375,4503720000,18.729999542236328,1.56,0.51,-0.0082258233952297,0.9499988555908204,0.0534307547189445,1.05,0.004699117107699309,0.004772919218473089,0.005160253050238179,-0.0034987758957707,0.0037327996529492,0.002353006644998079,-0.07999999999999985,0.08801446127612295,0.00340245405986097,False,False,False,False,False
2021-11-11,4659.39013671875,4664.5498046875,4648.31005859375,4649.27001953125,3926870000,17.65999984741211,1.56,0.51,0.0005509400447352,-1.0699996948242188,-0.0571275878790792,1.05,0.00415553965597307,0.0040184855210164605,0.005189990102088747,-0.0082258233952297,0.0008877879113036,-0.0005844138731194409,-0.07000000000000006,0.07338682969039938,0.00338226910458689,False,False,False,False,False
2021-11-12,4655.240234375,4688.47021484375,4650.77001953125,4682.85009765625,3728600000,16.290000915527344,1.58,0.53,0.0072226560264154,-1.3699989318847656,-0.0775763841292175,1.05,0.005124205461870109,0.004414959436838151,0.004263926257271266,0.0005509400447352,-0.0034987758957707,-0.0013106143364024808,-0.010000000000000009,0.08347331166521428,0.002569956298407035,False,False,False,False,False
2021-11-15,4689.2998046875,4697.419921875,4672.85986328125,4682.7998046875,3488410000,16.489999771118164,1.63,0.53,-1.0739820344718431e-05,0.1999988555908203,0.0122773998987431,1.1,0.005084032495324511,0.004443337699262426,0.004150981611938739,0.0072226560264154,-0.0082258233952297,-0.0006126430617092411,0.040000000000000036,0.0838356946842585,0.0030113979519075084,False,False,False,False,False
2021-11-16,4679.419921875,4714.9501953125,4679.419921875,4700.89990234375,3972640000,16.3700008392334,1.63,0.54,0.0038652298648624,-0.1199989318847656,-0.0072770729866801,1.09,0.0051528536650385275,0.0044527526352398815,0.00415883559511342,-1.0739820344718431e-05,0.0005509400447352,-0.0007923486080389046,0.040000000000000036,0.08435221882112759,0.0025385027185178743,False,False,False,False,False
2021-11-17,4701.5,4701.5,4684.41015625,4688.669921875,3969070000,17.110000610351562,1.6,0.52,-0.0026016253744634,0.7399997711181641,0.0452046263397025,1.08,0.0034024540598610073,0.004272806025061371,0.004112875079159465,0.0038652298648624,0.0072226560264154,0.0006804525440877154,0.030000000000000027,0.05821599104091499,0.0024552412050780578,False,False,False,False,False
2021-11-18,4700.72021484375,4708.7998046875,4672.77978515625,4704.5400390625,4226410000,17.59000015258789,1.59,0.52,0.0033847802152713,0.4799995422363281,0.0280537419704081,1.07,0.003382269104586929,0.00421243990661809,0.00410714012351371,-0.0026016253744634,-1.0739820344718431e-05,0.001805292148240975,0.020000000000000018,0.05949411406577739,0.009245272582682538,False,False,False,False,False
2021-11-19,4708.43994140625,4717.75,4694.22021484375,4697.9599609375,4253180000,17.90999984741211,1.54,0.52,-0.0013986655593032,0.3199996948242187,0.0181921371261124,1.02,0.0025699562984070785,0.0041022256236964115,0.004149817632184572,0.0033847802152713,0.0038652298648624,0.002372060182348195,-0.030000000000000027,0.046027916912326564,0.011777156290115286,False,False,False,False,False
2021-11-22,4712.0,4743.830078125,4682.169921875,4682.93994140625,4441100000,19.170000076293945,1.63,0.63,-0.0031971365563219,1.260000228881836,0.0703517721729014,1.0,0.0030113979519075422,0.004197511181854195,0.004237157277157826,-0.0013986655593032,-0.0026016253744634,0.0006477958652044752,-0.10000000000000009,0.057728498967819016,0.01369532189014341,False,False,False,False,False
2021-11-23,4678.47998046875,4699.39013671875,4652.66015625,4690.7001953125,4277590000,19.3799991607666,1.67,0.6,0.0016571329129451,0.2099990844726562,0.0109545687864835,1.0699999999999998,0.002538502718517912,0.004099614290830201,0.004172695775122736,-0.0031971365563219,0.0033847802152713,1.0516518009038872e-05,-0.02000000000000024,0.04919618055448087,0.013462124705368204,False,False,False,False,False
2021-11-24,4675.77978515625,4702.8701171875,4659.89013671875,4701.4599609375,3418430000,18.57999992370605,1.64,0.64,0.0022938506357221,-0.7999992370605504,-0.0412796321828584,1.0,0.002455241205078102,0.003032763131327428,0.0041767942936677465,0.0016571329129451,-0.0013986655593032,-0.0004311028723744212,-0.08000000000000007,0.04561838140303109,0.01584274594073818,False,False,False,False,False
2021-11-26,4664.6298828125,4664.6298828125,4585.43017578125,4594.6201171875,3517700000,28.6200008392334,1.48,0.5,-0.0227248226375824,10.040000915527347,0.5403660364237894,0.98,0.009245272582682543,0.007801851890874275,0.006505282487974529,0.0022938506357221,-0.0031971365563219,0.0005479923296626788,-0.09000000000000008,0.26459970907531594,0.013551705887812251,False,False,True,False,False
2021-11-29,4628.75,4672.9501953125,4625.259765625,4655.27001953125,4336410000,22.959999084472656,1.52,0.51,0.0132001995370349,-5.660001754760742,-0.1977638570506886,1.01,0.011777156290115293,0.00860786762704108,0.00677046495061071,-0.0227248226375824,0.0016571329129451,-0.004673928240908061,-0.010000000000000009,0.2704034976387385,0.013222910997054098,False,False,True,True,False
2021-11-30,4640.25,4646.02001953125,4560.0,4567.0,6625990000,27.190000534057617,1.43,0.52,-0.0189613103345052,4.230001449584961,0.1842335199588756,0.91,0.013695321890143415,0.010215705907204522,0.00793977919348164,0.0132001995370349,0.0022938506357221,-0.0017541552216404407,-0.08999999999999997,0.3723758095070904,0.012959895336511729,False,False,True,True,False
2021-12-01,4602.81982421875,4652.93994140625,4510.27001953125,4513.0400390625,5366730000,31.1200008392334,1.43,0.56,-0.0118151874178892,3.930000305175781,0.144538441632362,0.8699999999999999,0.013462124705368205,0.01032907947478958,0.008284778337100234,-0.0189613103345052,-0.0227248226375824,-0.004906989977277101,-0.19999999999999996,0.4189413321289232,0.010081149554428435,False,False,True,True,False
2021-12-02,4504.72998046875,4595.4599609375,4504.72998046875,4577.10009765625,5077180000,27.950000762939453,1.44,0.63,0.0141944361315831,-3.1700000762939453,-0.101863752917946,0.8099999999999999,0.015842745940738184,0.011697508034907043,0.008851701881475368,-0.0118151874178892,0.0132001995370349,-0.007601454043443962,-0.19000000000000006,0.4428047611306882,0.011132930042773747,False,False,True,True,False
2021-12-03,4589.490234375,4608.02978515625,4495.1201171875,4538.43017578125,5240070000,30.670000076293945,1.35,0.6,-0.0084485637302975,2.719999313354492,0.0973166096281865,0.7500000000000001,0.013551705887812258,0.011657333902621565,0.008861667156119286,0.0141944361315831,-0.0189613103345052,-0.005221336944271761,-0.22999999999999987,0.41563082061311507,0.009289985625939435,False,False,True,True,False
2021-12-06,4548.3701171875,4612.60009765625,4540.509765625,4591.669921875,4770800000,27.18000030517578,1.43,0.65,0.0117308725774514,-3.489999771118164,-0.1137919713869098,0.7799999999999999,0.013222910997054102,0.012529106474735997,0.009219564789428876,-0.0084485637302975,-0.0118151874178892,-0.002366085162814781,-0.2300000000000001,0.35939872493524266,0.011014171037772727,False,False,True,True,False
2021-12-07,4631.97021484375,4694.0400390625,4631.97021484375,4686.75,4492400000,21.88999938964844,1.48,0.7,0.0207070803744042,-5.29000091552734,-0.1946284347362566,0.78,0.012959895336511741,0.014271374038092564,0.010271313639519952,0.0117308725774514,0.0141944361315831,-0.002659950554731481,-0.13,0.28369210100614967,0.007303038703427608,False,False,False,True,False
2021-12-08,4690.85986328125,4705.06005859375,4674.52001953125,4701.2099609375,4234600000,19.89999961853028,1.52,0.68,0.0030852853123166,-1.989999771118164,-0.0909090829878787,0.84,0.010081149554428454,0.014292537724958905,0.010291575363143048,0.0207070803744042,-0.0084485637302975,0.0052737275870503985,-0.029999999999999916,0.20061487228747293,0.010472969959208914,False,False,False,False,False
2021-12-09,4691.0,4695.259765625,4665.97998046875,4667.4501953125,3903840000,21.57999992370605,1.49,0.7,-0.0071810801698947,1.680000305175774,0.0844221275065457,0.79,0.01113293004277376,0.014443947587115053,0.010381489766364452,0.0030852853123166,0.0117308725774514,0.00825382213309156,-0.019999999999999907,0.24024862947368253,0.01071564360638645,False,False,False,True,False
2021-12-10,4687.64013671875,4713.56982421875,4670.240234375,4712.02001953125,3870110000,18.690000534057617,1.48,0.67,0.0095490733384817,-2.889999389648434,-0.1339202687611557,0.8099999999999999,0.009289985625939455,0.012637195681545796,0.01041126126345189,-0.0071810801698947,0.0207070803744042,0.0039787188727959995,0.05999999999999983,0.17362983631019602,0.010143172895727307,False,False,False,False,False
2021-12-13,4710.2998046875,4710.2998046875,4667.60009765625,4668.97021484375,4397230000,20.309999465942383,1.42,0.66,-0.0091361676115676,1.6199989318847656,0.0866773079504594,0.7599999999999999,0.01101417103777274,0.012540896509036604,0.010620986043394388,0.0095490733384817,0.0030852853123166,0.00757824628655184,-0.020000000000000018,0.2236978078949624,0.010413921157953589,False,False,False,True,False
2021-12-14,4642.990234375,4660.47021484375,4606.52001953125,4634.08984375,4485430000,21.88999938964844,1.44,0.67,-0.007470677577436,1.5799999237060582,0.0777941883433106,0.7699999999999999,0.0073030387034276134,0.011168070071929473,0.01062309659835433,-0.0091361676115676,-0.0071810801698947,0.003404838248748039,-0.01000000000000012,0.1598635127606094,0.013360763946452503,False,False,False,False,False
2021-12-15,4636.4599609375,4712.60009765625,4611.22021484375,4709.85009765625,4910130000,19.290000915527344,1.47,0.69,0.0163484646307467,-2.5999984741210973,-0.1187756302702598,0.78,0.010472969959208921,0.010999590943845087,0.011209769059201014,-0.007470677577436,0.0095490733384817,-0.002230713341620001,-0.05999999999999994,0.20202360010143044,0.012086782809688406,False,False,False,True,False
2021-12-16,4719.1298828125,4731.990234375,4651.89013671875,4668.669921875,4829500000,20.56999969482422,1.44,0.64,-0.0087434153799804,1.279998779296875,0.0663555582450257,0.7999999999999999,0.010715643606386455,0.011096232442536822,0.011341616444211782,0.0163484646307467,-0.0091361676115676,0.0004219225220660195,0.009999999999999898,0.22042078571321447,0.01151233750504783,False,False,False,True,False
2021-12-17,4652.5,4666.7001953125,4600.22021484375,4620.64013671875,7987090000,21.56999969482422,1.41,0.66,-0.0102876806370926,1.0,0.0486144878384036,0.7499999999999999,0.010143172895727307,0.011282297121794549,0.011533566323160159,-0.0087434153799804,-0.007470677577436,0.00010945548004887943,-0.06000000000000005,0.2187882362653873,0.01011176273893832,False,False,False,False,False
2021-12-20,4587.89990234375,4587.89990234375,4531.10009765625,4568.02001953125,4635700000,22.8700008392334,1.43,0.65,-0.0113880578514099,1.3000011444091797,0.0602689458878906,0.7799999999999999,0.010413921157953589,0.011390956125393812,0.01171635911041036,-0.0102876806370926,0.0163484646307467,-0.0038578953150659803,0.020000000000000018,0.23816638562210904,0.006464716928395697,False,False,True,True,False
2021-12-21,4594.9599609375,4651.14013671875,4583.16015625,4649.22998046875,4072430000,21.01000022888184,1.48,0.7,0.0177779345515725,-1.860000610351559,-0.081329275999008,0.78,0.01336076394645251,0.010868791612125403,0.012402830633722618,-0.0113880578514099,-0.0087434153799804,-0.00430827336303444,0.01000000000000012,0.2807096535730035,0.005462184527918538,False,False,False,True,False
2021-12-22,4650.35986328125,4697.669921875,4645.52978515625,4696.56005859375,3319610000,18.6299991607666,1.46,0.68,0.0101801972205788,-2.380001068115238,-0.113279440370663,0.7799999999999999,0.012086782809688409,0.011317933391028332,0.012585992683213908,0.0177779345515725,-0.0102876806370926,0.0007414490627672597,-1.1102230246251565e-16,0.22517675360086326,0.0060195073121472415,False,False,False,True,False
2021-12-23,4703.9599609375,4740.740234375,4703.9599609375,4725.7900390625,2913040000,17.959999084472656,1.5,0.71,0.0062236999216618,-0.6700000762939453,-0.0359635054468985,0.79,0.011512337505047836,0.01118524023520312,0.012648282943159967,0.0101801972205788,-0.0113880578514099,-0.0004922044192663205,-0.009999999999999898,0.20676157105079937,0.006252912311563102,False,False,False,True,False
2021-12-27,4733.990234375,4791.490234375,4733.990234375,4791.18994140625,2770290000,17.68000030517578,1.48,0.76,0.0138389352474752,-0.279998779296875,-0.0155901332722755,0.72,0.010111762738938337,0.011568870279173348,0.012964097503058276,0.0062236999216618,0.0177779345515725,0.0025012186410621196,-0.029999999999999916,0.1787759683102949,0.003440502682841297,False,False,False,False,False
2021-12-28,4795.490234375,4807.02001953125,4780.0400390625,4786.35009765625,2707920000,17.540000915527344,1.49,0.74,-0.001010154848626,-0.1399993896484375,-0.0079185173773698,0.75,0.006464716928395727,0.011050560960692556,0.011849869528161187,0.0138389352474752,0.0101801972205788,0.007326541817975679,-0.029999999999999916,0.11339114084268617,0.003416352443063062,False,False,False,False,False
2021-12-29,4788.64013671875,4804.06005859375,4778.080078125,4793.06005859375,2963310000,16.950000762939453,1.55,0.75,0.001401895139427,-0.5900001525878906,-0.0336374071717174,0.8,0.005462184527918565,0.010555735223851228,0.011583105183771873,-0.001010154848626,0.0062236999216618,0.00940212241853246,0.020000000000000018,0.09258403191553576,0.008470148995044944,False,False,False,False,False
2021-12-30,4794.22998046875,4808.93017578125,4775.330078125,4778.72998046875,3124950000,17.329999923706055,1.52,0.73,-0.0029897555945093,0.3799991607666015,0.0224188285346544,0.79,0.00601950731214726,0.009753599620687234,0.010708821619756467,0.001401895139427,0.0138389352474752,0.0061269145361033586,0.01000000000000012,0.10431806126026005,0.00854983114404677,False,False,False,False,False
2021-12-31,4775.2099609375,4786.830078125,4765.75,4766.18017578125,2677820000,17.219999313354492,1.52,0.73,-0.0026261799136575,-0.1100006103515625,-0.0063474097424022,0.79,0.006252912311563116,0.009271884376892138,0.010306679432247475,-0.0029897555945093,-0.001010154848626,0.003492923973085739,0.0,0.10767514571158271,0.008541437179561165,False,False,False,False,False
2022-01-03,4778.14013671875,4796.64013671875,4758.169921875,4796.56005859375,3831020000,16.600000381469727,1.63,0.78,0.0063740525309705,-0.6199989318847656,-0.0360045851688242,0.8499999999999999,0.0034405026828413167,0.008344622813607618,0.010020316908688723,-0.0026261799136575,0.001401895139427,0.001722948006021879,0.1299999999999999,0.057112345847613474,0.007150869152179882,False,False,False,False,False
2022-01-04,4804.509765625,4818.6201171875,4774.27001953125,4793.5400390625,4683170000,16.90999984741211,1.66,0.77,-0.0006296219570605,0.3099994659423828,0.0186746661938892,0.8899999999999999,0.003416352443063082,0.006885965460203124,0.00975644558311102,0.0063740525309705,-0.0029897555945093,0.000229971462720939,0.1399999999999999,0.057770519290902704,0.009205406926311464,False,False,False,False,False
2022-01-05,4787.990234375,4797.7001953125,4699.43994140625,4700.580078125,4887960000,19.729999542236328,1.71,0.83,-0.0193927577906871,2.8199996948242188,0.1667652111336823,0.88,0.008470148995044946,0.008699906876275185,0.010593251381460691,-0.0006296219570605,-0.0026261799136575,0.00030607804103403906,0.07999999999999996,0.16711603579491027,0.004585949079107761,False,False,False,False,False
2022-01-06,4693.39013671875,4725.009765625,4671.259765625,4696.0498046875,4295280000,19.61000061035156,1.73,0.88,-0.0009637690162076,-0.1199989318847691,-0.006082054468774,0.85,0.00854983114404677,0.008167615952810224,0.009653952663205819,-0.0193927577906871,0.0063740525309705,-0.003852852544988781,0.05999999999999994,0.16766219395315993,0.007761080688962791,False,False,False,False,False
2022-01-07,4697.66015625,4707.9501953125,4662.740234375,4677.02978515625,4181510000,18.76000022888184,1.76,0.87,-0.0040502167400917,-0.8500003814697195,-0.0433452501281936,0.89,0.008541437179561167,0.00796667477305498,0.009669902376815167,-0.0009637690162076,-0.0006296219570605,-0.003447655229328441,0.09999999999999998,0.16023736344354736,0.007691653979382121,False,False,False,False,False
2022-01-10,4655.33984375,4673.02001953125,4582.240234375,4670.2900390625,4511810000,19.39999961853028,1.78,0.92,-0.0014410312534549,0.6399993896484375,0.0341151056417969,0.86,0.0071508691521798805,0.006254490054849689,0.009549044971779658,-0.0040502167400917,-0.0193927577906871,-0.003732462594615281,0.01000000000000012,0.13872685882444963,0.010534118811122232,False,False,False,False,False
2022-01-11,4669.14013671875,4714.1298828125,4638.27001953125,4713.06982421875,4101590000,18.40999984741211,1.75,0.9,0.0091599846687118,-0.9899997711181676,-0.0510309170404597,0.85,0.009205406926311466,0.007178057626891966,0.009531003919236164,-0.0014410312534549,-0.0009637690162076,-0.005295479351500361,-0.039999999999999925,0.16947154010876048,0.008297178539321007,False,False,False,False,False
2022-01-12,4728.58984375,4748.830078125,4706.7099609375,4726.35009765625,4048220000,17.6200008392334,1.74,0.92,0.0028177544430294,-0.7899990081787109,-0.0429114076440234,0.82,0.004585949079107778,0.007247835721463413,0.009319635889869783,0.0091599846687118,-0.0040502167400917,-0.0033375580263459007,-0.06000000000000005,0.08080442662256068,0.006408145091280779,False,False,False,False,False
2022-01-13,4733.56005859375,4744.1298828125,4650.2900390625,4659.02978515625,4251730000,20.309999465942383,1.7,0.91,-0.0142436152864307,2.6899986267089844,0.1526673381717058,0.7899999999999999,0.007761080688962797,0.008219848870540681,0.009703514714464076,0.0028177544430294,-0.0014410312534549,0.0011045444203973992,-0.06000000000000005,0.15762754464797013,0.00717886086281703,False,False,False,False,False
2022-01-14,4637.990234375,4665.1298828125,4614.75,4662.85009765625,4338490000,19.190000534057617,1.78,0.99,0.0008199802697488,-1.1199989318847656,-0.0551451975054395,0.79,0.007691653979382128,0.008279340130196886,0.00902019045079448,-0.0142436152864307,0.0091599846687118,-0.0015514248336472207,-0.09999999999999998,0.14760284397212944,0.00785611011168102,False,False,False,False,False
2022-01-18,4632.240234375,4632.240234375,4568.7001953125,4577.10986328125,4748700000,22.790000915527344,1.87,1.06,-0.0183879456940073,3.6000003814697266,0.1875977217968596,0.81,0.010534118811122232,0.009027328654184858,0.009654645668273416,0.0008199802697488,0.0028177544430294,-0.0005773854316791206,-0.04999999999999993,0.2400725773497495,0.007046949585104846,False,False,True,True,False
2022-01-19,4588.02978515625,4611.5498046875,4530.2001953125,4532.759765625,4465740000,23.850000381469727,1.83,1.04,-0.0096895418683388,1.0599994659423828,0.0465116026046397,0.79,0.008297178539321,0.009034898932118495,0.009627741512838432,-0.0183879456940073,-0.0142436152864307,-0.0039667683197896,-0.05999999999999994,0.19788771132792826,0.007796714052468545,False,False,True,False,False
2022-01-20,4547.35009765625,4602.10986328125,4477.9501953125,4482.72998046875,4640870000,25.59000015258789,1.83,1.08,-0.0110373784941483,1.739999771118164,0.0729559640791477,0.75,0.006408145091280766,0.008047277962112395,0.00960976685292534,-0.0096895418683388,0.0008199802697488,-0.00773667362719972,-0.06999999999999995,0.16398443386368014,0.00770829425717901,False,False,True,False,False
2022-01-21,4471.3798828125,4494.52001953125,4395.33984375,4397.93994140625,5589100000,28.850000381469727,1.75,1.01,-0.0189148218679086,3.260000228881836,0.1273935212756205,0.74,0.007178860862817016,0.008963302321630747,0.00939722416776295,-0.0110373784941483,-0.0183879456940073,-0.01050770021463526,-0.04999999999999993,0.207110138630789,0.012384341492862364,False,False,True,False,False
2022-01-24,4356.31982421875,4417.35009765625,4222.6201171875,4410.1298828125,6928110000,29.89999961853028,1.75,0.99,0.0027717389433818,1.0499992370605504,0.0363951203874146,0.76,0.007856110111681008,0.009373752865323529,0.009043284368224918,-0.0189148218679086,-0.0096895418683388,-0.01144194153093084,-0.030000000000000027,0.23489768934239402,0.0142262213810951,False,False,True,False,False
2022-01-25,4366.64013671875,4411.009765625,4287.10986328125,4356.4501953125,5145050000,31.15999984741211,1.78,1.02,-0.0121719062536467,1.2600002288818324,0.0421404764199715,0.76,0.007046949585104835,0.009425746183714176,0.009003016865530794,0.0027717389433818,-0.0110373784941483,-0.01105158979620424,-0.050000000000000044,0.21958294799658748,0.011439351514846662,False,False,True,False,False
2022-01-26,4408.43017578125,4453.22998046875,4304.7998046875,4349.93017578125,5570640000,31.959999084472656,1.85,1.13,-0.0014966358477518,0.7999992370605469,0.0256739165910806,0.7200000000000002,0.007796714052468536,0.008053748234880042,0.008119027394693288,-0.0121719062536467,-0.0189148218679086,-0.009808381908132121,-0.06999999999999984,0.24918297397878952,0.010278519724804215,False,False,True,False,False
2022-01-27,4380.580078125,4428.740234375,4309.5,4326.509765625,5214200000,30.489999771118164,1.81,1.18,-0.0053840887577105,-1.4699993133544922,-0.0459949735752236,0.6300000000000001,0.007708294257179002,0.007297176484283901,0.00808137910968805,-0.0014966358477518,0.0027717389433818,-0.008169800704014721,-0.11999999999999988,0.23502589013709924,0.016932222569040287,False,False,True,False,False
2022-01-28,4336.18994140625,4432.72021484375,4292.4599609375,4431.85009765625,5031090000,27.65999984741211,1.78,1.15,0.0243476468880761,-2.8299999237060547,-0.0928173153476632,0.6300000000000001,0.012384341492862367,0.012044257738885594,0.0101323283732647,-0.0053840887577105,-0.0121719062536467,-0.007039142756727161,-0.10999999999999988,0.3425508838028725,0.014582749906824522,False,False,True,True,True
2022-01-31,4431.7900390625,4516.89013671875,4414.02001953125,4515.5498046875,5098610000,24.82999992370605,1.79,1.18,0.0188859517327795,-2.8299999237060582,-0.1023138083629033,0.6100000000000001,0.014226221381095108,0.013969872417743728,0.011215607749878963,0.0243476468880761,-0.0014966358477518,0.001613350994469779,-0.1499999999999999,0.3532370758072169,0.012347150944163499,False,False,True,True,False
2022-02-01,4519.56982421875,4550.490234375,4483.52978515625,4546.5400390625,4816830000,21.959999084472656,1.81,1.18,0.0068630035578014,-2.870000839233395,-0.1155860188502581,0.6300000000000001,0.011439351514846676,0.013242889548700178,0.011396399827588726,0.0188859517327795,-0.0053840887577105,0.004836193552349319,-0.1299999999999999,0.2512081487929939,0.012564702678578808,False,False,False,True,False
2022-02-02,4566.39013671875,4595.31005859375,4544.31982421875,4589.3798828125,4481580000,22.09000015258789,1.78,1.16,0.0094225154473364,0.1300010681152343,0.005919903166442,0.6200000000000001,0.010278519724804232,0.013169587045997279,0.01152313543939405,0.0068630035578014,0.0243476468880761,0.008643175514638939,-0.10000000000000009,0.22705250228930313,0.013539209970990382,False,False,False,False,False
2022-02-03,4535.41015625,4542.8798828125,4470.39013671875,4477.43994140625,4401970000,24.350000381469727,1.82,1.19,-0.024391082077444,2.260000228881836,0.1023087466396903,0.6300000000000001,0.016932222569040294,0.014916878961188536,0.012458339611704249,0.0094225154473364,0.0188859517327795,0.010827005773656579,0.0,0.4122996260152615,0.011331138041468078,False,False,True,True,True
2022-02-04,4482.7900390625,4539.66015625,4451.5,4500.52978515625,4706290000,23.21999931335449,1.93,1.31,0.0051569298644233,-1.130001068115238,-0.0464066139799802,0.6199999999999999,0.014582749906824528,0.013551151694035429,0.012025084832656179,-0.024391082077444,0.0068630035578014,0.007025607109709879,-0.010000000000000231,0.33861144282328576,0.01355872781685651,False,False,True,True,False
2022-02-07,4505.75,4521.85986328125,4471.47021484375,4483.8701171875,4228480000,22.86000061035156,1.92,1.3,-0.0037017126347429,-0.3599987030029297,-0.0155038205705666,0.6199999999999999,0.0123471509441635,0.013672031838635213,0.012028023253761816,0.0051569298644233,0.0094225154473364,0.0031874637049793195,0.009999999999999787,0.28225587811968045,0.013559103880226108,False,False,True,True,False
2022-02-08,4480.02001953125,4531.31982421875,4465.39990234375,4521.5400390625,4459620000,21.440000534057617,1.96,1.35,0.0084012071916632,-1.4200000762939418,-0.0621172370245227,0.6099999999999999,0.01256470267857881,0.012950723269420508,0.012223900936732883,-0.0037017126347429,-0.024391082077444,-0.0013300691685251605,-0.02000000000000024,0.26938723213900484,0.01509608515311283,False,False,False,True,False
2022-02-09,4547.0,4590.02978515625,4547.0,4587.18017578125,4524350000,19.959999084472656,1.94,1.36,0.0145172078875055,-1.480001449584961,-0.0690299166380133,0.5799999999999998,0.013539209970990384,0.01318347437556023,0.01269308603661993,0.0084012071916632,0.0051569298644233,-0.0010224284417528005,-0.04000000000000026,0.2702426186254511,0.012917067333883012,False,False,False,True,False
2022-02-10,4553.240234375,4588.919921875,4484.31005859375,4504.080078125,5314860000,23.90999984741211,2.03,1.61,-0.0181157256684597,3.950000762939453,0.1978958388836926,0.4199999999999997,0.011331138041468083,0.01469293260900967,0.013001878105993372,0.0145172078875055,-0.0037017126347429,-3.4899537189804488e-06,-0.2100000000000004,0.27092750884250744,0.013585395784046432,False,False,True,True,False
2022-02-11,4506.27001953125,4526.330078125,4401.41015625,4418.64013671875,5251500000,27.36000061035156,1.92,1.5,-0.0189694543445634,3.4500007629394496,0.1442911244231086,0.4199999999999999,0.01355872781685651,0.01448019909819766,0.013432365733143593,-0.0181157256684597,0.0084012071916632,0.0012515813280778796,-0.2,0.3709668013447848,0.011962637278007268,False,False,True,True,False
2022-02-14,4412.60986328125,4426.22021484375,4364.83984375,4401.669921875,4600390000,28.32999992370605,1.98,1.58,-0.0038405967262932,0.9699993133544922,0.0354531904866806,0.3999999999999999,0.013559103880226108,0.013016932638650147,0.013202503378065892,-0.0189694543445634,0.0145172078875055,-0.00357369551371946,-0.21999999999999997,0.3841294118923281,0.01230084176428926,False,False,True,True,False
2022-02-15,4429.27978515625,4472.77001953125,4429.27978515625,4471.06982421875,4430830000,25.700000762939453,2.05,1.58,0.0157667211707204,-2.629999160766598,-0.0928344217384151,0.4699999999999997,0.015096085153112832,0.013899192300334116,0.013759633572036993,-0.0038405967262932,-0.0181157256684597,-0.00360147233202952,-0.14000000000000018,0.3879693999523987,0.007935023192666398,False,False,True,True,False
2022-02-16,4455.75,4489.5498046875,4429.68017578125,4475.009765625,4283640000,24.290000915527344,2.03,1.52,0.000881207755895,-1.4099998474121094,-0.0548638056635932,0.5099999999999998,0.012917067333883012,0.013452363610380966,0.013263276126642874,0.0157667211707204,-0.0189694543445634,-0.0021283695362180797,-0.07000000000000006,0.3137555773659467,0.012755373945239352,False,False,True,True,False
2022-02-17,4456.06005859375,4456.06005859375,4373.81005859375,4380.259765625,4539420000,28.11000061035156,1.97,1.49,-0.021173138152195,3.819999694824215,0.1572663462677057,0.48,0.01358539578404643,0.012952368224014132,0.013835257694129513,0.000881207755895,-0.0038405967262932,-0.00485556956254018,0.060000000000000275,0.3818854837814126,0.015601066603845293,False,False,True,True,False
2022-02-18,4384.56982421875,4394.60009765625,4327.22021484375,4348.8701171875,4708060000,27.75,1.92,1.47,-0.0071661613961429,-0.3600006103515589,-0.0128068517443926,0.4499999999999999,0.011962637278007266,0.012787747578385081,0.013732795683271432,-0.021173138152195,0.0157667211707204,-0.00546705205928724,0.030000000000000027,0.33196318446470163,0.015258293948396527,False,False,True,True,False
2022-02-22,4332.740234375,4362.1201171875,4267.10986328125,4304.759765625,5121900000,28.809999465942383,1.94,1.56,-0.0101429452648328,1.0599994659423828,0.0381981789528786,0.3799999999999999,0.012300841764289258,0.012950925019431389,0.013319301489658542,-0.0071661613961429,0.000881207755895,-0.00310639346960314,-0.020000000000000018,0.3543872446598153,0.0161768082293828,False,False,True,True,False
2022-02-23,4324.93017578125,4341.509765625,4221.509765625,4225.5,4797430000,31.020000457763672,1.99,1.58,-0.0184121228454876,2.210000991821289,0.0767095117246994,0.4099999999999999,0.007935023192666384,0.012884632308927555,0.013794431681529174,-0.0101429452648328,-0.021173138152195,-0.004366863177311059,-0.059999999999999776,0.24614442306887657,0.014335523734143818,False,False,True,False,False
2022-02-24,4155.77001953125,4294.72998046875,4114.64990234375,4288.7001953125,6752130000,30.31999969482422,1.96,1.54,0.0149568560673292,-0.7000007629394531,-0.0225661106579467,0.4199999999999999,0.012755373945239347,0.012957381438516895,0.014043699575568502,-0.0184121228454876,-0.0071661613961429,-0.011202631980552661,-0.08999999999999991,0.3867429341270258,0.014542406184352508,False,False,True,True,False
2022-02-25,4298.3798828125,4385.33984375,4286.830078125,4384.64990234375,5177060000,27.59000015258789,1.97,1.55,0.0223726776556034,-2.729999542236328,-0.0900395636449281,0.4199999999999999,0.015601066603845297,0.014911587043656012,0.01487056107056297,0.0149568560673292,-0.0101429452648328,-0.008387502318265818,-0.06000000000000011,0.43043342998062556,0.011423180165983662,False,False,True,True,False
2022-02-28,4354.169921875,4388.83984375,4315.1201171875,4373.93994140625,6071370000,30.14999961853028,1.83,1.44,-0.0024426034406476,2.5599994659423864,0.0927872218841674,0.3900000000000001,0.015258293948396532,0.013883097019152827,0.014828371738488758,0.0223726776556034,-0.0184121228454876,0.00032166084329386045,-0.059999999999999776,0.4600375567235783,0.01572396818384833,False,False,True,True,False
2022-03-01,4363.14013671875,4378.4501953125,4279.5400390625,4306.259765625,5846230000,33.31999969482422,1.72,1.31,-0.0154735036804118,3.1700000762939418,0.1051409657181439,0.4099999999999999,0.016176808229382802,0.014550414823809199,0.014207185508896604,-0.0024426034406476,0.0149568560673292,0.0012663724343929205,0.030000000000000027,0.5390112452662649,0.015269887321111245,False,False,True,True,False
2022-03-02,4322.56005859375,4401.47998046875,4322.56005859375,4386.5400390625,5337870000,30.739999771118164,1.86,1.5,0.018642691757321,-2.5799999237060547,-0.0774309708084066,0.3600000000000001,0.014335523734143832,0.014924014474243649,0.014190838959613762,-0.0154735036804118,0.0223726776556034,0.00020026075127712039,-0.04999999999999982,0.4406739963064404,0.01764693076082623,False,False,True,True,False
2022-03-03,4401.31005859375,4416.77978515625,4345.56005859375,4363.490234375,5039890000,30.479999542236328,1.86,1.53,-0.0052546664300883,-0.2600002288818359,-0.0084580426420861,0.33,0.014542406184352517,0.014927477173726986,0.014094092311697826,0.018642691757321,-0.0024426034406476,0.00761122367183884,-0.08999999999999986,0.44325253384207947,0.01764670104507012,False,False,True,True,False
2022-03-04,4342.1201171875,4342.1201171875,4284.97998046875,4328.8701171875,5797380000,31.979999542236328,1.74,1.5,-0.0079340425503344,1.5,0.0492125991642959,0.24,0.011423180165983666,0.013744851099225068,0.01391628316007638,-0.0052546664300883,-0.0154735036804118,0.00356891917235534,-0.17999999999999988,0.36531329647904076,0.017945543258851674,False,False,True,True,False
2022-03-07,4327.009765625,4327.009765625,4199.85009765625,4201.08984375,6940470000,36.45000076293945,1.78,1.55,-0.0295181583134491,4.470001220703125,0.1397748994586303,0.2299999999999999,0.015723968183848327,0.016157645345268604,0.014333718061188083,-0.0079340425503344,0.018642691757321,-0.0024924248688322197,-0.16000000000000023,0.5731386522977072,0.013758686269820802,False,False,True,True,True
2022-03-08,4202.66015625,4276.93994140625,4157.8701171875,4170.7001953125,7243120000,35.130001068115234,1.86,1.63,-0.0072337535181997,-1.3199996948242188,-0.0362139826390985,0.2300000000000002,0.015269887321111243,0.01605807261307256,0.014243583499890338,-0.0295181583134491,-0.0052546664300883,-0.00790753584339252,-0.17999999999999972,0.5364311579006372,0.015871840013235956,False,False,True,True,False
2022-03-09,4223.10009765625,4299.39990234375,4223.10009765625,4277.8798828125,5662670000,32.45000076293945,1.94,1.68,0.0256982478914358,-2.680000305175781,-0.0762880792397188,0.26,0.017646930760826227,0.017241569625826673,0.015542204038435953,-0.0072337535181997,-0.0079340425503344,-0.006259585810950099,-0.10000000000000009,0.5726429166523508,0.015018342294448176,False,False,True,True,True
2022-03-10,4252.5498046875,4268.27978515625,4209.7998046875,4259.52001953125,4980830000,30.229999542236328,1.98,1.72,-0.0042918136516678,-2.220001220703125,-0.0684129789987108,0.26,0.017646701045070115,0.016683996729605438,0.015367262377926592,0.0256982478914358,-0.0295181583134491,-0.004848474584127139,-0.07,0.5334597645144509,0.014691358538459499,False,False,True,True,False
2022-03-11,4279.5,4291.009765625,4200.490234375,4204.31005859375,4938640000,30.75,2.0,1.75,-0.0129615451234751,0.5200004577636719,0.0172014709109453,0.25,0.01794554325885167,0.01512535593048492,0.015009497349747117,-0.0042918136516678,-0.0072337535181997,-0.004655904028443039,0.010000000000000009,0.5518254552096888,0.01071190950627269,False,False,True,True,False
2022-03-14,4202.75,4247.56982421875,4161.72021484375,4173.10986328125,5574920000,31.770000457763672,2.14,1.87,-0.0074210024659636,1.020000457763672,0.0331707465939405,0.27,0.013758686269820805,0.01514528779583864,0.014701168430551803,-0.0129615451234751,0.0256982478914358,-0.005661404543071179,0.04000000000000012,0.43711346909043375,0.00825036616517332,False,False,True,True,False
2022-03-15,4188.81982421875,4271.0498046875,4187.89990234375,4262.4501953125,5392470000,29.82999992370605,2.15,1.85,0.0214085741708709,-1.9400005340576207,-0.0610639126882209,0.2999999999999998,0.015871840013235963,0.016474584366982174,0.0151872613726455,-0.0074210024659636,-0.0042918136516678,-0.0012419733735740796,0.06999999999999962,0.47345698638390343,0.007234150705420939,False,False,True,True,False
2022-03-16,4288.14013671875,4358.89990234375,4251.990234375,4357.85986328125,6309750000,26.670000076293945,2.19,1.95,0.0223837613571822,-3.159999847412106,-0.1059336190242775,0.24,0.015018342294448185,0.01694944194877591,0.016007455135410752,0.0214085741708709,-0.0129615451234751,0.004486492164240041,-0.020000000000000018,0.4005391901387417,0.009642143778064131,False,False,True,True,False
2022-03-17,4345.10986328125,4412.669921875,4335.64990234375,4411.669921875,4985090000,25.670000076293945,2.2,1.94,0.0123478175714519,-1.0,-0.0374953129786027,0.2600000000000002,0.014691358538459511,0.017276424942465854,0.015859429764273215,0.0223837613571822,-0.0074210024659636,0.00382359485738932,1.6653345369377348e-16,0.37712717480311736,0.00999286603773634,False,False,True,True,False
2022-03-18,4407.33984375,4465.39990234375,4390.56982421875,4463.1201171875,8278430000,23.8700008392334,2.14,1.97,0.0116622948279487,-1.7999992370605469,-0.0701207336077428,0.1700000000000001,0.010711909506272715,0.017235144558097007,0.01606930002520636,0.0123478175714519,0.0214085741708709,0.007151521102013262,-0.0799999999999999,0.2556932889045219,0.009435631712680559,False,False,True,True,False
2022-03-21,4462.39990234375,4481.75,4424.2998046875,4461.18017578125,4869820000,23.530000686645508,2.32,2.14,-0.0004346603621039,-0.3400001525878906,-0.0142438265870965,0.1799999999999997,0.008250366165173353,0.01352115776050041,0.015359166117848023,0.0116622948279487,0.0223837613571822,0.01207628909229802,-0.09000000000000033,0.19413112153160586,0.009272897136722875,False,False,True,False,False
2022-03-22,4469.10009765625,4522.0,4469.10009765625,4511.60986328125,4754840000,22.940000534057617,2.38,2.18,0.0113041136006502,-0.5900001525878906,-0.0250743788937816,0.1999999999999997,0.007234150705420973,0.012816240217064918,0.01539573762993927,-0.0004346603621039,0.0123478175714519,0.013473557513069959,-0.10000000000000012,0.16595142104581043,0.009406847394221807,False,False,True,False,False
2022-03-23,4493.10009765625,4501.06982421875,4455.81005859375,4456.240234375,4550670000,23.56999969482422,2.32,2.13,-0.012272698789159,0.6299991607666016,0.027462909594587,0.1899999999999999,0.009642143778064148,0.01262467800255188,0.015481309417991902,0.0113041136006502,0.0116622948279487,0.011452665399025818,-0.0500000000000001,0.2272653259064232,0.007222400466872776,False,False,True,False,False
2022-03-24,4469.97998046875,4520.580078125,4465.169921875,4520.16015625,4131390000,21.670000076293945,2.34,2.13,0.0143439129205664,-1.8999996185302732,-0.0806109309771224,0.2099999999999999,0.009992866037736355,0.012613126271907069,0.015012562287539126,-0.012272698789159,-0.0004346603621039,0.004521373369757579,-0.050000000000000266,0.216545407800142,0.010102282844780893,False,False,False,False,False
2022-03-25,4522.91015625,4546.02978515625,4501.06982421875,4543.06005859375,4305020000,20.809999465942383,2.48,2.3,0.005066170567449,-0.8600006103515625,-0.0396862301487652,0.1800000000000001,0.009435631712680574,0.010947335254397037,0.014793893451614682,0.0143439129205664,0.0113041136006502,0.004920592439580479,0.010000000000000009,0.19635549090171175,0.00997362360268044,False,False,False,False,False
2022-03-28,4541.08984375,4575.64990234375,4517.68994140625,4575.52001953125,4312260000,19.6299991607666,2.46,2.35,0.0071449552765867,-1.1800003051757812,-0.0567035240489538,0.1099999999999998,0.009272897136722894,0.009720307622861461,0.014179999739496438,0.005066170567449,-0.012272698789159,0.0036013675874805398,-0.06999999999999988,0.18202696301174542,0.010112094454752203,False,False,False,False,False
2022-03-29,4602.85986328125,4637.2998046875,4589.66015625,4631.60009765625,5085910000,18.89999961853028,2.41,2.35,0.0122565474275304,-0.7299995422363246,-0.0371879558556138,0.06,0.009406847394221828,0.00893592575204051,0.014299220705831936,0.0071449552765867,0.0143439129205664,0.00511729071521866,-0.1399999999999997,0.17778941216236513,0.00909374212072367,False,False,False,False,False
2022-03-30,4624.2001953125,4627.77001953125,4581.31982421875,4602.4501953125,4385570000,19.32999992370605,2.35,2.31,-0.0062937001746978,0.4300003051757741,0.0227513393573925,0.04,0.007222400466872804,0.00857608801144123,0.013866718917248829,0.0122565474275304,0.005066170567449,0.0053077774805947,-0.14999999999999988,0.13960900047362584,0.009321541107830832,False,False,False,False,False
2022-03-31,4599.02001953125,4603.06982421875,4530.41015625,4530.41015625,4823020000,20.559999465942383,2.32,2.28,-0.0156525407131773,1.2299995422363317,0.0636316372007781,0.04,0.010102282844780904,0.01028750138524458,0.01397898228684081,-0.0062937001746978,0.0071449552765867,0.006503577203486941,-0.1699999999999999,0.2077029298934943,0.00822996579264495,False,False,False,False,False
2022-04-01,4540.31982421875,4548.7001953125,4507.56982421875,4545.85986328125,4562940000,19.6299991607666,2.39,2.44,0.0034102225843584,-0.9300003051757812,-0.0452334790531646,-0.0499999999999998,0.009973623602680452,0.009858520010801869,0.01389715446459755,-0.0156525407131773,0.0122565474275304,0.0005042864767381992,-0.2299999999999999,0.19578222295041922,0.007885668646421146,False,False,False,False,False
2022-04-04,4547.97021484375,4583.5,4539.2099609375,4582.64013671875,4547350000,18.56999969482422,2.42,2.43,0.0080909386878793,-1.0599994659423828,-0.0539989562536989,-0.0100000000000002,0.010112094454752215,0.009988645416968048,0.013767437655343207,0.0034102225843584,-0.0062937001746978,0.00017309688012007952,-0.12000000000000001,0.1877815909387823,0.007483614237586158,False,False,False,False,False
2022-04-05,4572.4501953125,4593.4501953125,4514.169921875,4525.1201171875,4800620000,21.030000686645508,2.54,2.51,-0.0125517208018073,2.460000991821289,0.1324717841813931,0.0300000000000002,0.009093742120723678,0.010494298714379194,0.012262038643388838,0.0080909386878793,-0.0156525407131773,0.0003622935623785992,-0.029999999999999798,0.1912414030429961,0.00713641307061043,False,False,False,False,False
2022-04-06,4494.169921875,4503.93994140625,4450.0400390625,4481.14990234375,4986830000,22.100000381469727,2.61,2.5,-0.0097169166132718,1.0699996948242188,0.0508796795001387,0.1099999999999998,0.009321541107830835,0.010210967756076753,0.012377555389651834,-0.0125517208018073,0.0034102225843584,-0.00459936008348894,0.06999999999999981,0.2060060620389472,0.009329617556195503,False,False,False,False,False
2022-04-07,4474.64990234375,4521.16015625,4450.2998046875,4500.2099609375,4821490000,21.549999237060547,2.66,2.47,0.0042533856284925,-0.5500011444091797,-0.0248869291816999,0.1899999999999999,0.008229965792644962,0.009258003810349238,0.01134571549557352,-0.0097169166132718,0.0080909386878793,-0.005284003371203741,0.14999999999999988,0.17735575655253333,0.009607419324050561,False,False,False,False,False
2022-04-08,4494.14990234375,4520.41015625,4474.60009765625,4488.27978515625,4083200000,21.15999984741211,2.72,2.53,-0.0026510264820542,-0.3899993896484375,-0.0180974201139523,0.1900000000000004,0.007885668646421155,0.009090380980879035,0.011304387782261496,0.0042533856284925,-0.0125517208018073,-0.0013028181028697803,0.24000000000000019,0.16686074735501408,0.009764528548199664,False,False,False,False,False
2022-04-11,4462.64013671875,4464.35009765625,4408.3798828125,4412.52978515625,4266290000,24.3700008392334,2.79,2.5,-0.0168772901035542,3.210000991821289,0.1517013712178205,0.29,0.007483614237586158,0.009727160782567844,0.011587588812330248,-0.0026510264820542,-0.0097169166132718,-0.0025150679161523,0.30000000000000016,0.18237568525047368,0.010155060431267527,False,False,True,False,False
2022-04-12,4437.58984375,4471.0,4381.33984375,4397.4501953125,4152090000,24.26000022888184,2.72,2.39,-0.0034174477177417,-0.1100006103515589,-0.0045137712992798,0.33,0.0071364130706104345,0.008191777563115005,0.011457108821952458,-0.0168772901035542,0.0042533856284925,-0.007508713674439,0.2999999999999998,0.1731293827264045,0.009898748112906895,False,False,True,False,False
2022-04-13,4394.2998046875,4453.919921875,4392.7001953125,4446.58984375,3828150000,21.81999969482422,2.7,2.37,0.011174577597236,-2.4400005340576207,-0.1005771026808469,0.33,0.009329617556195512,0.009515218536547514,0.01084648415113899,-0.0034174477177417,-0.0026510264820542,-0.00568185905762588,0.2200000000000002,0.20357225222901273,0.01091967412014084,False,False,False,False,False
2022-04-14,4449.1201171875,4460.4599609375,4390.77001953125,4392.58984375,4083090000,22.700000762939453,2.83,2.47,-0.0121441378443979,0.8800010681152344,0.0403300220175517,0.3599999999999999,0.009607419324050565,0.009112927683677578,0.010243521183418177,0.011174577597236,-0.0168772901035542,-0.0015035602155243199,0.16999999999999998,0.21808842598582706,0.01481096512011915,False,False,True,False,False
2022-04-18,4385.6298828125,4410.31005859375,4370.2998046875,4391.68994140625,3910490000,22.170000076293945,2.85,2.46,-0.0002048682840329,-0.5300006866455078,-0.023348047085126,0.3900000000000001,0.00976452854819967,0.008919411159450719,0.009890844497196957,-0.0121441378443979,-0.0034174477177417,-0.0047830649101024,0.19999999999999973,0.2164795986585611,0.015405457147301647,False,False,False,False,False
2022-04-19,4390.6298828125,4471.02978515625,4390.6298828125,4462.2099609375,4108120000,21.3700008392334,2.93,2.61,0.0160576043555271,-0.7999992370605469,-0.0360847647409786,0.3200000000000003,0.01015506043126754,0.010177621461977487,0.010181195882493086,-0.0002048682840329,0.011174577597236,-0.00429383327049814,0.030000000000000304,0.21701364993865319,0.013802934526124406,False,False,False,False,False
2022-04-20,4472.259765625,4488.2900390625,4448.759765625,4459.4501953125,4290450000,20.31999969482422,2.85,2.6,-0.0006184750715809,-1.0500011444091797,-0.0491343520437056,0.25,0.009898748112906908,0.009626396118981941,0.010181681063160229,0.0160576043555271,-0.0121441378443979,0.0022931456213181197,-0.08000000000000002,0.20114255863341018,0.014327500170621897,False,False,False,False,False
2022-04-21,4489.169921875,4512.93994140625,4384.47021484375,4393.66015625,4636890000,22.68000030517578,2.9,2.68,-0.0147529484983719,2.3600006103515625,0.1161417640647251,0.2199999999999997,0.010919674120140846,0.010164267586947287,0.010319364402331546,-0.0006184750715809,-0.0002048682840329,0.0028529401505502797,-0.11000000000000032,0.24765821237721447,0.02050375105972582,False,False,True,True,False
2022-04-22,4385.830078125,4385.830078125,4267.6201171875,4271.77978515625,4651940000,28.209999084472656,2.9,2.72,-0.0277400542507536,5.529998779296875,0.2438271033900683,0.1799999999999997,0.01481096512011915,0.012487809308057585,0.011560242622646592,-0.0147529484983719,0.0160576043555271,-0.0023325650685713,-0.1800000000000002,0.4178173124787177,0.022603935264706852,False,False,True,True,True
2022-04-25,4255.33984375,4299.02001953125,4200.81982421875,4296.1201171875,5240040000,27.020000457763672,2.81,2.63,0.0056979369853822,-1.1899986267089844,-0.0421835755168097,0.1800000000000001,0.01540545714730165,0.012897177677810694,0.011118341366750594,-0.0277400542507536,-0.0006184750715809,-0.00545174834984244,-0.21000000000000002,0.4162554591721492,0.02260151221155269,False,False,True,True,False
2022-04-26,4278.14013671875,4278.14013671875,4175.0400390625,4175.2001953125,4689970000,33.52000045776367,2.77,2.54,-0.0281463084310038,6.5,0.2405625421864992,0.2299999999999999,0.013802934526124399,0.014358012489335072,0.012254279977001913,0.0056979369853822,-0.0147529484983719,-0.00427118729595942,-0.09000000000000039,0.46267437163417185,0.019943682250486,False,False,True,True,True
2022-04-27,4186.52001953125,4240.7099609375,4162.89990234375,4183.9599609375,4769680000,31.600000381469727,2.82,2.58,0.0020980468517017,-1.920000076293945,-0.0572792377706918,0.2399999999999997,0.01432750017062189,0.014528858098253866,0.012082872611741728,-0.0281463084310038,-0.0277400542507536,-0.013111969853265602,-0.010000000000000286,0.4527490108571593,0.023281014828863363,False,False,True,True,False
2022-04-28,4222.580078125,4308.4501953125,4188.6298828125,4287.5,4854180000,29.989999771118164,2.85,2.63,0.0247469000729394,-1.6100006103515625,-0.0509493857884782,0.2200000000000002,0.02050375105972582,0.01646772363898232,0.013138505447783909,0.0020980468517017,0.0056979369853822,-0.01256866546860908,4.996003610813204e-16,0.6149074895882412,0.02582881367293614,False,False,True,True,True
2022-04-29,4253.75,4269.68017578125,4124.27978515625,4131.93017578125,5084030000,33.400001525878906,2.89,2.7,-0.0362845071064139,3.410001754760742,0.1137046275687116,0.1899999999999999,0.022603935264706852,0.01911453851416522,0.014871275305045275,0.0247469000729394,-0.0281463084310038,-0.00466869575434682,0.010000000000000203,0.7549714723320768,0.021214564537628506,False,False,True,True,True
2022-05-02,4130.60986328125,4169.81005859375,4062.510009765625,4155.3798828125,5163790000,32.34000015258789,2.99,2.73,0.0056752428123536,-1.0600013732910156,-0.0317365666127202,0.2600000000000002,0.02260151221155269,0.01936987988475165,0.014838077321894023,-0.0362845071064139,0.0020980468517017,-0.00637758632547888,0.08000000000000007,0.7309329083703311,0.024272182611347812,False,False,True,True,False
2022-05-03,4159.77978515625,4200.10009765625,4147.080078125,4175.47998046875,4582050000,29.25,2.97,2.78,0.0048371263814863,-3.09000015258789,-0.0955473141004492,0.1900000000000004,0.019943682250486008,0.018399316376237144,0.014875054677989812,0.0056752428123536,0.0247469000729394,-0.006382125160084601,-0.03999999999999951,0.5833527058267157,0.02404334317341688,False,False,True,True,False
2022-05-04,4181.18017578125,4307.66015625,4148.91015625,4300.169921875,5136360000,25.420000076293945,2.93,2.66,0.0298624210844022,-3.829999923706055,-0.1309401683318309,0.27,0.023281014828863373,0.021393798552778908,0.016361030208019035,0.0048371263814863,-0.0362845071064139,0.00021456180241341967,0.030000000000000304,0.5918033987259074,0.014696783403270196,False,False,True,True,True
2022-05-05,4270.43017578125,4270.43017578125,4106.009765625,4146.8701171875,5077030000,31.200000762939453,3.05,2.71,-0.0356497086098069,5.780000686645508,0.2273800420652159,0.3399999999999998,0.025828813672936143,0.02333325372577637,0.017695528324610025,0.0298624210844022,0.0056752428123536,0.005767436648953519,0.11999999999999961,0.8058590063014287,0.012452015717891942,False,False,True,True,True
2022-05-06,4128.169921875,4157.68994140625,4067.909912109375,4123.33984375,5116940000,30.190000534057617,3.12,2.72,-0.005674224842484,-1.010000228881836,-0.0323718014161573,0.3999999999999999,0.021214564537628513,0.022137522564545046,0.017654125355132392,-0.0356497086098069,0.0048371263814863,-0.006311885087595741,0.21000000000000002,0.6404677147208045,0.018786912336453302,False,False,True,True,False
2022-05-09,4081.27001953125,4081.27001953125,3975.47998046875,3991.239990234375,5954520000,34.75,3.05,2.61,-0.0320371006323567,4.559999465942383,0.151043371489782,0.4399999999999999,0.024272182611347812,0.023461443747171157,0.01853560224909203,-0.005674224842484,0.0298624210844022,-0.00018982863480976106,0.17999999999999972,0.8434583457443365,0.013113518303079117,False,False,True,True,True
2022-05-10,4035.179931640625,4068.820068359375,3958.169921875,4001.050048828125,5885820000,32.9900016784668,2.99,2.62,0.0024578974498534,-1.7599983215332031,-0.0506474337131857,0.3700000000000001,0.02404334317341688,0.022486704868482855,0.01860513868119131,-0.0320371006323567,-0.0356497086098069,-0.007732297323751821,0.17999999999999972,0.793189931646976,0.015265044446243891,False,False,True,True,False
2022-05-11,3990.080078125,4049.090087890625,3928.820068359375,3935.179931640625,5816140000,32.560001373291016,2.91,2.66,-0.0164632075039383,-0.4300003051757812,-0.0130342613912762,0.25,0.01469678340327019,0.022672299060657177,0.018593055614696506,0.0024578974498534,-0.005674224842484,-0.008208143110078402,-0.020000000000000018,0.47852728779343795,0.022913298369300207,False,False,True,True,False
2022-05-12,3903.949951171875,3964.800048828125,3858.8701171875,3930.080078125,6286450000,31.770000457763672,2.84,2.56,-0.0012959645058717,-0.7900009155273438,-0.0242629263577176,0.2799999999999998,0.012452015717891942,0.02038853949153193,0.01860856625486284,-0.0164632075039383,-0.0320371006323567,-0.017473268827746503,-0.06,0.39560054505750747,0.023023597568559533,False,False,True,True,False
2022-05-13,3963.89990234375,4038.8798828125,3963.89990234375,4023.889892578125,5183340000,28.8700008392334,2.93,2.61,0.0238696954230714,-2.899999618530273,-0.0912810694600287,0.3200000000000003,0.018786912336453306,0.020163685355460603,0.019322004008360438,-0.0012959645058717,0.0024578974498534,-0.010602520006959461,-0.07999999999999963,0.5423781749200112,0.019544306760283625,False,False,True,True,True
2022-05-16,4013.02001953125,4046.4599609375,3983.989990234375,4008.010009765625,4415030000,27.46999931335449,2.88,2.58,-0.0039464009295556,-1.4000015258789098,-0.0484932970274234,0.2999999999999998,0.013113518303079124,0.019982147654757972,0.019247453428357604,0.0238696954230714,-0.0164632075039383,-0.0046937359538483815,-0.14000000000000007,0.36022833878124505,0.021936756037074297,False,False,True,True,False
2022-05-17,4052.0,4090.719970703125,4033.929931640625,4088.85009765625,4841410000,26.100000381469727,2.98,2.71,0.0201696322348636,-1.369998931884762,-0.0498725506417737,0.27,0.0152650444462439,0.02111196819979043,0.019924341232075947,-0.0039464009295556,-0.0012959645058717,0.0009244039867118383,-0.10000000000000009,0.3984176658701181,0.019088755599777813,False,False,True,True,False
2022-05-18,4051.97998046875,4051.97998046875,3911.909912109375,3923.679931640625,5103220000,30.959999084472656,2.89,2.68,-0.0403952607874525,4.85999870300293,0.1862068441368067,0.2099999999999999,0.02291329836930021,0.02107294281055878,0.020928202120833832,0.0201696322348636,0.0238696954230714,0.004466750943713878,-0.04000000000000009,0.7093956965357833,0.009932725067332972,True,False,True,True,True
2022-05-19,3899.0,3945.9599609375,3876.580078125,3900.7900390625,5113550000,29.350000381469727,2.84,2.63,-0.0058337818009925,-1.6099987030029297,-0.0520025436244405,0.2099999999999999,0.023023597568559533,0.019093020135762796,0.020895148144015097,-0.0403952607874525,-0.0039464009295556,-0.00031965971298896086,-0.0699999999999999,0.6757425974200277,0.010735800883103054,False,False,True,True,False
2022-05-20,3927.760009765625,3943.419921875,3810.320068359375,3901.360107421875,5130730000,29.43000030517578,2.78,2.6,0.0001461417696584,0.0799999237060546,0.0027257213855629,0.1799999999999997,0.019544306760283625,0.019180001262719848,0.020843317355431414,-0.0058337818009925,0.0201696322348636,-0.0012272231720131216,-0.1400000000000006,0.5751889539195961,0.011616846985618332,False,False,True,True,False
2022-05-23,3919.419921875,3981.8798828125,3909.0400390625,3973.75,4420030000,28.479999542236328,2.86,2.65,0.0185550399309235,-0.9500007629394532,-0.0322800119975662,0.2099999999999999,0.021936756037074297,0.018111545417760777,0.020814666529818553,0.0001461417696584,-0.0403952607874525,-0.005971933902695722,-0.08999999999999991,0.624758801894026,0.01332094022477709,False,False,True,True,False
2022-05-24,3942.93994140625,3955.679931640625,3875.1298828125,3941.47998046875,4923190000,29.450000762939453,2.76,2.5,-0.0081207976171752,0.970001220703125,0.0340590321732483,0.2599999999999998,0.019088755599777813,0.01822966507040812,0.020740648907596894,0.0185550399309235,-0.0058337818009925,-0.001471645730599902,-0.010000000000000231,0.5621638669770214,0.013168699395681471,False,False,True,True,False
2022-05-25,3929.590087890625,3999.330078125,3925.030029296875,3978.72998046875,4802560000,28.3700008392334,2.75,2.48,0.0094507647342076,-1.079999923706055,-0.0366723224355617,0.27,0.009932725067332981,0.0177294716566385,0.020183711973199892,-0.0081207976171752,0.0001461417696584,-0.007129731701007662,0.06000000000000011,0.2817914184961113,0.013831118835586607,False,False,True,False,False
2022-05-26,3984.60009765625,4075.139892578125,3984.60009765625,4057.840087890625,4709970000,27.5,2.75,2.46,0.0198832561672241,-0.8700008392333984,-0.0306662253612012,0.29,0.010735800883103067,0.018543954203491187,0.020707889385562166,0.0094507647342076,0.0185550399309235,0.0028394734033243578,0.08000000000000007,0.2952345242853343,0.01600198327438821,False,False,True,True,False
2022-05-27,4077.429931640625,4158.490234375,4077.429931640625,4158.240234375,4375620000,25.71999931335449,2.74,2.47,0.0247422629551097,-1.7800006866455114,-0.0647272976962004,0.27,0.011616846985618346,0.018641965257118066,0.020707612296795956,0.0198832561672241,-0.0081207976171752,0.007982880996967678,0.09000000000000033,0.29878529649344804,0.011811580274933276,False,False,True,True,True
2022-05-31,4151.08984375,4168.33984375,4104.8798828125,4132.14990234375,6822640000,26.190000534057617,2.85,2.53,-0.006274368617659,0.4700012207031285,0.0182737649008837,0.3200000000000003,0.013320940224777098,0.018747302684136147,0.01922211451391591,0.0247422629551097,0.0094507647342076,0.012902105234057937,0.11000000000000038,0.34887543160106177,0.012271272847439826,False,False,True,True,False
2022-06-01,4149.77978515625,4166.5400390625,4073.85009765625,4101.22998046875,4531800000,25.690000534057617,2.94,2.66,-0.0074827686811318,-0.5,-0.0190912558153558,0.2799999999999998,0.013168699395681483,0.018072318365984896,0.019247489874966852,-0.006274368617659,0.0198832561672241,0.007936223524341438,0.020000000000000018,0.33830389450790155,0.012812987902550227,False,False,True,True,False
2022-06-02,4095.409912109375,4177.509765625,4074.3701171875,4176.81982421875,4405790000,24.71999931335449,2.92,2.65,0.0184310180384861,-0.9700012207031286,-0.0377579291762638,0.27,0.013831118835586619,0.01254196814110421,0.01963863795305965,-0.0074827686811318,0.0247422629551097,0.008063829311550117,0.0,0.34190524811862555,0.012309356291196375,False,False,True,True,False
2022-06-03,4137.56982421875,4142.669921875,4098.669921875,4108.5400390625,3711110000,24.790000915527344,2.96,2.66,-0.0163473139924156,0.0700016021728551,0.0028317801018318,0.2999999999999998,0.01600198327438822,0.013887666966779387,0.018762076530060318,0.0184310180384861,-0.006274368617659,0.00985987997240582,0.009999999999999842,0.3966891800223373,0.014898154007755226,False,False,True,True,False
2022-06-06,4134.72021484375,4168.77978515625,4109.18017578125,4121.43017578125,4332700000,25.06999969482422,3.04,2.73,0.0031374007789131,0.279998779296875,0.01129482730763,0.31,0.011811580274933281,0.013805443800786955,0.017202011432128524,-0.0163473139924156,-0.0074827686811318,0.002613765940477878,0.03999999999999998,0.2961163138879691,0.016709983097109707,False,False,True,True,False
2022-06-07,4096.47021484375,4164.85986328125,4080.18994140625,4160.68017578125,4248210000,24.020000457763672,2.98,2.75,0.009523393173235,-1.0499992370605469,-0.0418826984380586,0.2299999999999999,0.012271272847439835,0.013210827387588466,0.01727367346797759,0.0031374007789131,0.0184310180384861,-0.0017072064947614423,-0.09000000000000039,0.29475597941284776,0.012569219999178175,False,False,True,True,False
2022-06-08,4147.1201171875,4160.14013671875,4107.2001953125,4115.77001953125,4159470000,23.959999084472656,3.03,2.78,-0.0107939457859356,-0.0600013732910156,-0.0024979755265417,0.25,0.012812987902550234,0.013491493539597926,0.015901481104572204,0.009523393173235,-0.0163473139924156,0.0014523458634173579,-0.029999999999999805,0.30699917841446284,0.01916422676221883,False,False,True,True,False
2022-06-09,4101.64990234375,4119.10009765625,4017.169921875,4017.820068359375,4134170000,26.09000015258789,3.04,2.83,-0.0237986939763535,2.1300010681152344,0.0888982115819689,0.2099999999999999,0.012309356291196373,0.015751510765736155,0.016791521993803734,-0.0107939457859356,0.0031374007789131,0.0007901104424565978,-0.06000000000000011,0.3211511075155721,0.020149373135379373,False,False,True,True,True
2022-06-10,3974.389892578125,3974.389892578125,3900.159912109375,3900.860107421875,4889640000,27.75,3.15,3.06,-0.0291103033355246,1.6599998474121094,0.0636259040898261,0.0899999999999998,0.014898154007755222,0.016736529116422406,0.017591170384165123,-0.0237986939763535,0.009523393173235,-0.0076558319605113225,-0.21000000000000002,0.4134237737152074,0.020558123656536764,False,False,True,True,True
2022-06-13,3838.14990234375,3838.14990234375,3734.300048828125,3749.6298828125,5636890000,34.02000045776367,3.43,3.4,-0.0387684306652372,6.270000457763672,0.2259459624419342,0.0300000000000002,0.016709983097109696,0.016751783537756235,0.019411930786217616,-0.0291103033355246,-0.0107939457859356,-0.010208429829133123,-0.2799999999999998,0.5684736326128951,0.019407308095645434,True,False,True,True,True
2022-06-14,3763.52001953125,3778.179931640625,3705.679931640625,3735.47998046875,5153890000,32.689998626708984,3.49,3.45,-0.0037736797459957,-1.3300018310546875,-0.0390947035026029,0.04,0.012569219999178162,0.0168262477046256,0.018527025429162288,-0.0387684306652372,-0.0237986939763535,-0.01858959611796318,-0.1899999999999999,0.4108877845119372,0.019310721592955094,False,False,True,True,False
2022-06-15,3764.050048828125,3837.56005859375,3722.300048828125,3789.989990234375,5530480000,29.6200008392334,3.33,3.2,0.0145925048589832,-3.069997787475586,-0.0939124477346193,0.1299999999999999,0.019164226762218822,0.01837514764675564,0.01891576454647775,-0.0037736797459957,-0.0291103033355246,-0.021249010701809325,-0.1200000000000001,0.5676444127801806,0.018721188619777514,False,False,True,True,False
2022-06-16,3728.179931640625,3728.179931640625,3639.77001953125,3666.77001953125,5644930000,32.95000076293945,3.28,3.14,-0.0325119514881634,3.3299999237060547,0.1124240320511833,0.1399999999999996,0.020149373135379366,0.017466200398120024,0.01923630304783643,0.0145925048589832,-0.0387684306652372,-0.016171720572825562,-0.07000000000000031,0.6639218601835019,0.012436507506183553,False,False,True,True,True
2022-06-17,3665.89990234375,3707.7099609375,3636.8701171875,3674.840087890625,8520740000,31.1299991607666,3.25,3.17,0.0022008656982546,-1.820001602172852,-0.0552352522012654,0.08,0.02055812365653676,0.01796710310741693,0.01756939010461121,-0.0325119514881634,-0.0037736797459957,-0.01791437207518754,-0.0099999999999998,0.6399743721749254,0.013472002953757143,False,False,True,True,False
2022-06-21,3715.31005859375,3779.64990234375,3715.31005859375,3764.7900390625,5292260000,30.190000534057617,3.31,3.21,0.0244772422800869,-0.9399986267089844,-0.0301959091567748,0.1,0.01940730809564544,0.020587428740651875,0.018494692939823754,0.0022008656982546,0.0145925048589832,-0.011652138268431703,0.06999999999999981,0.5859066417721566,0.01668588836904558,False,False,True,True,True
2022-06-22,3733.889892578125,3801.7900390625,3717.68994140625,3759.889892578125,5058990000,28.950000762939453,3.16,3.06,-0.0013015723144006,-1.239999771118164,-0.0410731947394075,0.1,0.019310721592955098,0.019867722619986043,0.018491065524253242,0.0244772422800869,-0.0325119514881634,0.000996996320633118,0.060000000000000005,0.5590454048489615,0.01665616031725727,False,False,True,True,False
2022-06-23,3774.7099609375,3802.580078125,3743.52001953125,3795.72998046875,5098640000,29.049999237060547,3.09,3.01,0.0095322174091778,0.0999984741210937,0.0034541786350867,0.08,0.018721188619777517,0.02069274919060589,0.018119181903743165,-0.0013015723144006,0.0022008656982546,0.0014914178069521378,-0.04999999999999989,0.5438505151214035,0.01688258466591728,False,False,True,True,False
2022-06-24,3821.75,3913.64990234375,3821.75,3911.739990234375,8120260000,27.229999542236328,3.13,3.04,0.0305632935858357,-1.8199996948242188,-0.0626505935498391,0.0899999999999998,0.012436507506183565,0.02281924866064826,0.019330701677149058,0.0095322174091778,0.0244772422800869,0.00047936031699105793,-0.049999999999999795,0.3386460937003971,0.010060836651955552,False,False,True,True,True
2022-06-27,3920.760009765625,3927.719970703125,3889.659912109375,3900.110107421875,4325310000,26.950000762939453,3.2,3.08,-0.0029730715337762,-0.279998779296875,-0.0102827316931302,0.1200000000000001,0.013472002953757153,0.021038715462921652,0.019216901049096145,0.0305632935858357,-0.0013015723144006,0.013094409331790879,0.040000000000000105,0.36307048988207785,0.010351646814124005,False,False,True,True,False
2022-06-28,3913.0,3945.860107421875,3820.139892578125,3821.550048828125,4270120000,28.36000061035156,3.2,3.1,-0.020143036075892,1.4099998474121058,0.0523191023189535,0.1,0.01668588836904559,0.01812938524576011,0.019058792784930036,-0.0029730715337762,0.0095322174091778,0.012059621885384718,0.0,0.4732118043303909,0.00626264746731418,False,False,True,True,False
2022-06-29,3825.090087890625,3836.5,3799.02001953125,3818.830078125,4211240000,28.15999984741211,3.1,3.06,-0.000711745409159,-0.2000007629394495,-0.0070522129278955,0.04,0.016656160317257272,0.01805386617121429,0.018060107937506186,-0.020143036075892,0.0305632935858357,0.0031355662141889376,-0.060000000000000005,0.4690374719924364,0.008139507881804033,False,False,True,True,False
2022-06-30,3785.989990234375,3818.989990234375,3738.669921875,3785.3798828125,4840070000,28.709999084472656,2.98,2.92,-0.0087592782679987,0.5499992370605469,0.0195312230128115,0.06,0.016882584665917282,0.017831088152060196,0.018083516911080625,-0.000711745409159,-0.0029730715337762,0.003253531595237258,-0.020000000000000004,0.4846989903020173,0.005884527891269428,False,False,True,True,False
2022-07-01,3781.0,3829.820068359375,3752.10009765625,3825.330078125,4046950000,26.700000762939453,2.88,2.84,0.0105538140290473,-2.009998321533203,-0.070010393090548,0.04,0.010060836651955552,0.014300890310968251,0.018324467652401845,-0.0087592782679987,-0.020143036075892,-0.00040476754019804184,-0.0499999999999998,0.26862434628302245,0.008493894025316204,False,False,True,False,False
2022-07-05,3792.610107421875,3832.18994140625,3742.06005859375,3831.389892578125,5076590000,27.540000915527344,2.82,2.82,0.0015841285142366,0.8400001525878906,0.0314606789732321,0.0,0.010351646814124009,0.014311325269329689,0.017721302263225755,0.0105538140290473,-0.000711745409159,-0.0044066634515557215,-0.1200000000000001,0.28508436273819093,0.009527328697186907,False,False,True,False,False
2022-07-06,3831.97998046875,3870.909912109375,3809.3701171875,3845.080078125,4417720000,26.729999542236328,2.93,2.97,0.0035731642904301,-0.8100013732910156,-0.029411813593453,-0.04,0.006262647467314191,0.01263766287091921,0.017564456316162547,0.0015841285142366,-0.0087592782679987,-0.0034952234419531624,-0.14,0.16740056393449584,0.009361718267487605,False,False,True,False,False
2022-07-07,3858.85009765625,3910.6298828125,3858.85009765625,3902.6201171875,4057770000,26.07999992370605,3.01,3.03,0.0149645879652418,-0.649999618530277,-0.0243172326846922,-0.02,0.008139507881804047,0.01312092669243162,0.01793773134579367,0.0035731642904301,0.0105538140290473,0.0012480166313112578,-0.06,0.21227836493645436,0.003975254098331829,False,False,True,False,False
2022-07-08,3888.260009765625,3918.5,3869.340087890625,3899.3798828125,3521620000,24.63999938964844,3.09,3.12,-0.000830271529819,-1.44000053405761,-0.0552147445655736,-0.0300000000000002,0.005884527891269448,0.013037682489626671,0.01774358015074193,0.0149645879652418,0.0015841285142366,0.004383283306191418,-0.09000000000000019,0.14499476364924843,0.010950644123403868,False,False,True,False,False
2022-07-11,3880.93994140625,3880.93994140625,3847.219970703125,3854.429931640625,3423480000,26.170000076293945,2.99,3.07,-0.0115274614227772,1.5300006866455045,0.0620941852493825,-0.0799999999999996,0.008493894025316211,0.00977559329014514,0.017759750026958496,-0.000830271529819,0.0035731642904301,0.005969084653827357,-0.11999999999999961,0.22228520729055792,0.010450553981628802,False,False,True,False,False
2022-07-12,3851.949951171875,3873.409912109375,3802.360107421875,3818.800048828125,3817210000,27.290000915527344,2.96,3.03,-0.0092438787173215,1.1200008392333984,0.0427971278551102,-0.0699999999999998,0.009527328697186914,0.010051886573273126,0.017208444775256005,-0.0115274614227772,0.0149645879652418,0.001552829563462458,-0.0699999999999998,0.2600008088687608,0.01441170496514258,False,False,True,False,False
2022-07-13,3779.669921875,3829.43994140625,3759.070068359375,3801.780029296875,4109390000,26.81999969482422,2.91,3.13,-0.00445690251221,-0.470001220703125,-0.0172224699499993,-0.2199999999999997,0.00936171826748761,0.008150824493228926,0.016145242726266024,-0.0092438787173215,-0.000830271529819,-0.000612771882849162,-0.1799999999999997,0.251081281077048,0.013442694992110697,False,False,True,False,False
2022-07-14,3763.989990234375,3796.409912109375,3721.56005859375,3790.3798828125,4199690000,26.39999961853028,2.96,3.15,-0.0029986339021522,-0.4200000762939417,-0.0156599582801261,-0.1899999999999999,0.003975254098331832,0.008185973353729246,0.013796711048371865,-0.00445690251221,-0.0115274614227772,-0.0022187852433771817,-0.1699999999999999,0.10494670667952131,0.012214229777636034,False,False,True,False,False
2022-07-15,3818.0,3863.6201171875,3817.179931640625,3863.159912109375,4143800000,24.229999542236328,2.93,3.13,0.0192012493594366,-2.170000076293949,-0.0821969737746063,-0.1999999999999997,0.010950644123403871,0.009611541148648229,0.014307200205185314,-0.0029986339021522,-0.0092438787173215,-0.005811429616855981,-0.1699999999999995,0.2653341020972687,0.013567494889611544,False,False,True,True,False
2022-07-18,3883.7900390625,3902.43994140625,3818.6298828125,3830.85009765625,4046870000,25.299999237060547,2.96,3.15,-0.0083635715808313,1.0699996948242188,0.0441601203070209,-0.1899999999999999,0.010450553981628807,0.00961960521980437,0.014156886903358298,0.0192012493594366,-0.00445690251221,-0.001805125439004862,-0.11000000000000029,0.26439900776206887,0.012115880548102111,False,False,True,True,False
2022-07-19,3860.72998046875,3939.81005859375,3860.72998046875,3936.68994140625,4041070000,24.5,3.01,3.23,0.0276282916459595,-0.7999992370605469,-0.0316205241575134,-0.2200000000000002,0.01441170496514259,0.012682436283914352,0.01321858358931565,-0.0083635715808313,-0.0029986339021522,-0.001172347470615682,-0.1500000000000004,0.35308677164599345,0.008380743166201151,False,False,True,True,True
2022-07-20,3935.320068359375,3974.1298828125,3922.030029296875,3959.89990234375,4185300000,23.8799991607666,3.04,3.25,0.0058958061932632,-0.6200008392333984,-0.0253061567034039,-0.2099999999999999,0.013442694992110708,0.01271579130633164,0.013225046070866,0.0276282916459595,0.0192012493594366,0.006202086602040518,0.009999999999999787,0.3210115451300451,0.013778969081636484,False,False,True,True,False
2022-07-21,3955.469970703125,3999.2900390625,3927.639892578125,3998.949951171875,4132790000,23.11000061035156,2.91,3.1,0.0098613727091971,-0.7699985504150426,-0.0322444965442085,-0.1899999999999999,0.012214229777636046,0.012322788028978926,0.012473960107926688,0.0058958061932632,-0.0083635715808313,0.008272628343135158,0.0,0.28227085761614323,0.014023428871874124,False,False,True,True,False
2022-07-22,3998.429931640625,4012.43994140625,3938.860107421875,3961.6298828125,3979240000,23.030000686645508,2.77,2.98,-0.0093324669763467,-0.0799999237060511,-0.0034617014968929,-0.2099999999999999,0.01356749488961155,0.01280812693142904,0.01271927775755708,0.0098613727091971,0.0276282916459595,0.010844629665405017,-0.010000000000000203,0.31245941662381344,0.012734715038500754,False,False,True,True,False
2022-07-25,3965.719970703125,3975.300048828125,3943.4599609375,3966.840087890625,3568340000,23.36000061035156,2.81,3.0,0.0013151670479691,0.3299999237060511,0.014329132169649,-0.1899999999999999,0.012115880548102123,0.012041734638503254,0.012625191591610836,-0.0093324669763467,0.0058958061932632,0.005137886398248359,0.0,0.2830269769986122,0.013293971595779394,False,False,True,True,False
2022-07-26,3953.219970703125,3953.219970703125,3910.739990234375,3921.050048828125,3778950000,24.690000534057617,2.81,3.02,-0.0115432026620586,1.3299999237060582,0.0569349267532421,-0.2099999999999999,0.008380743166201158,0.012291746196715572,0.011224283977245626,0.0013151670479691,0.0098613727091971,0.0070736341240084395,0.010000000000000286,0.20692055324930633,0.011963124552300917,False,False,True,False,False
2022-07-27,3951.429931640625,4039.56005859375,3951.429931640625,4023.610107421875,4112180000,23.239999771118164,2.78,2.96,0.0261562737829377,-1.4500007629394531,-0.0587282596830772,-0.1800000000000001,0.013778969081636488,0.013837850486000532,0.012479188894473353,-0.0115432026620586,-0.0093324669763467,-0.000760664737595182,0.029999999999999805,0.3202232383034762,0.009325496046154654,False,False,True,True,True
2022-07-28,4026.1298828125,4078.949951171875,3992.969970703125,4072.429931640625,4413000000,22.32999992370605,2.68,2.85,0.0121333386971809,-0.9099998474121128,-0.0391566203259187,-0.1699999999999999,0.014023428871874133,0.013620581883261013,0.011672728179532271,0.0261562737829377,0.0013151670479691,0.003291428780339718,0.01999999999999999,0.31314316563904665,0.009194367224536908,False,False,False,True,False
2022-07-29,4087.330078125,4140.14990234375,4079.219970703125,4130.2900390625,4616360000,21.32999992370605,2.67,2.89,0.0142077600825818,-1.0,-0.0447828035565005,-0.2200000000000002,0.012734715038500767,0.013261744788287887,0.011871450117869423,0.0121333386971809,-0.0115432026620586,0.003745821977936478,-0.010000000000000286,0.2716314707996397,0.00771173427359885,False,False,False,True,False
2022-08-01,4112.3798828125,4144.9501953125,4096.02001953125,4118.6298828125,4202810000,22.84000015258789,2.6,2.9,-0.0028230841271976,1.5100002288818395,0.0707923222823658,-0.2999999999999998,0.013293971595779403,0.012721574514347031,0.011637144277033247,0.0142077600825818,0.0261562737829377,0.008453867389722178,-0.10999999999999993,0.30363431327610063,0.007589926590915227,False,False,True,True,False
2022-08-02,4104.2099609375,4140.47021484375,4079.81005859375,4091.18994140625,4727710000,23.93000030517578,2.75,3.06,-0.0066623955507048,1.0900001525878906,0.0477232988312563,-0.31,0.011963124552300931,0.011339896276571676,0.01175891144199074,-0.0028230841271976,0.0121333386971809,0.007626217154688838,-0.10000000000000009,0.28627757418741717,0.007146780285112143,False,False,True,True,False
2022-08-03,4107.9599609375,4167.66015625,4107.9599609375,4155.169921875,4351760000,21.950000762939453,2.73,3.1,0.0156384771631401,-1.979999542236328,-0.0827413086914201,-0.3700000000000001,0.009325496046154668,0.01187367976411689,0.012040310013867957,-0.0066623955507048,0.0142077600825818,0.008602378576959599,-0.19,0.2046946453278838,0.009382989631263272,False,False,False,False,False
2022-08-04,4154.85009765625,4161.2900390625,4135.419921875,4151.93994140625,4283320000,21.440000534057617,2.68,3.03,-0.0007773401640558,-0.5100002288818359,-0.0232346337656135,-0.3499999999999996,0.00919436722453692,0.011857646115707896,0.012082238116037994,0.0156384771631401,-0.0028230841271976,0.006498819253000078,-0.1799999999999997,0.19712723820439343,0.009377735701859905,False,False,False,False,False
2022-08-05,4115.8701171875,4151.580078125,4107.31005859375,4145.18994140625,4085940000,21.14999961853028,2.83,3.24,-0.0016257460597355,-0.2900009155273402,-0.0135261617678913,-0.4100000000000001,0.007711734273598861,0.011209788930301,0.01186256653988863,-0.0007773401640558,-0.0066623955507048,0.003916683480752738,-0.1899999999999999,0.1631031769448228,0.010613277851152384,False,False,False,False,False
2022-08-08,4155.93017578125,4186.6201171875,4128.97021484375,4140.06005859375,4221090000,21.290000915527344,2.77,3.21,-0.0012375507238541,0.1400012969970667,0.0066194467859188,-0.4399999999999999,0.007589926590915239,0.011310343672042549,0.011869054685291168,-0.0016257460597355,0.0156384771631401,0.0007499822522892777,-0.14000000000000007,0.16158954406937076,0.010044730364952195,False,False,False,False,False
2022-08-09,4133.10986328125,4137.2998046875,4112.08984375,4122.47021484375,3913090000,21.770000457763672,2.8,3.28,-0.004248692893594,0.4799995422363281,0.0225457736775507,-0.48,0.007146780285112157,0.010465706903745363,0.011543736248407594,-0.0012375507238541,-0.0007773401640558,0.0010670889329579777,-0.16999999999999998,0.15558541007842805,0.008834796478965089,False,False,False,False,False
2022-08-10,4181.02001953125,4211.02978515625,4177.259765625,4210.240234375,4546010000,19.739999771118164,2.78,3.23,0.0212906376412902,-2.030000686645508,-0.0932476180045996,-0.4500000000000002,0.009382989631263284,0.009547147803260086,0.01179589363316356,-0.004248692893594,-0.0016257460597355,0.001549829464380138,-0.08000000000000007,0.18522021317354134,0.008073007787224206,False,False,False,False,False
2022-08-11,4227.39990234375,4257.91015625,4201.41015625,4207.27001953125,4630200000,20.200000762939453,2.87,3.23,-0.0007054739583503,0.460000991821289,0.0233029887109887,-0.3599999999999999,0.009377735701859917,0.009306584148903283,0.011683333118217919,0.0212906376412902,-0.0012375507238541,0.0026802615600101582,-0.010000000000000286,0.18943026833221488,0.00788204497292761,False,False,False,False,False
2022-08-12,4225.02001953125,4280.47021484375,4219.77978515625,4280.14990234375,3788010000,19.530000686645508,2.84,3.25,0.0173223687745669,-0.6700000762939453,-0.0331683193558676,-0.4100000000000001,0.010613277851152398,0.009709620746905345,0.011829252064511764,-0.0007054739583503,-0.004248692893594,0.002694634801151258,0.0,0.2072773237205659,0.006546930282309663,False,False,False,True,False
2022-08-15,4269.3701171875,4301.7900390625,4256.89990234375,4297.14013671875,3696830000,19.950000762939453,2.79,3.2,0.0039695418998517,0.4200000762939453,0.021505379494489,-0.4100000000000001,0.01004473036495221,0.009469959585503188,0.011450693006386842,0.0173223687745669,0.0212906376412902,0.0064842577680117395,0.029999999999999805,0.2003923784443177,0.009008728634911395,False,False,False,False,False
2022-08-16,4290.4599609375,4325.27978515625,4277.77001953125,4305.2001953125,4329820000,19.690000534057617,2.82,3.25,0.001875679716581,-0.2600002288818359,-0.0130325924280079,-0.4300000000000001,0.00883479647896511,0.008804978456859278,0.011076889454319231,0.0039695418998517,-0.0007054739583503,0.007525676292752898,0.04999999999999988,0.17395714738911336,0.00827484278516837,False,False,False,False,False
2022-08-17,4280.39990234375,4302.18017578125,4253.080078125,4274.0400390625,3885030000,19.89999961853028,2.89,3.28,-0.0072377949540946,0.2099990844726598,0.0106652655549412,-0.3899999999999997,0.00807300778722422,0.008754439351849391,0.010237130679866886,0.001875679716581,0.0173223687745669,0.008750550814787898,0.0600000000000005,0.16065285188615397,0.009449270434539667,False,False,False,False,False
2022-08-18,4273.1298828125,4292.52978515625,4261.97998046875,4283.740234375,3340330000,19.559999465942383,2.88,3.22,0.0022695611701915,-0.3400001525878942,-0.0170854351309281,-0.3400000000000003,0.007882044972927623,0.008675116595435963,0.010233855541606105,-0.0072377949540946,0.0039695418998517,0.0030448642957109384,0.019999999999999574,0.15417279546099816,0.012330228899565124,False,False,False,False,False
2022-08-19,4266.31005859375,4266.31005859375,4218.7001953125,4228.47998046875,3761340000,20.600000381469727,2.98,3.25,-0.0129000011398479,1.0400009155273438,0.053169782409155,-0.27,0.006546930282309671,0.009874459041753459,0.010728128914780933,0.0022695611701915,0.001875679716581,0.003639871321419298,0.14000000000000007,0.13486676631303493,0.017203613966648983,False,False,False,False,False
2022-08-22,4195.080078125,4195.080078125,4129.85986328125,4137.990234375,3907430000,23.799999237060547,3.03,3.32,-0.0214000649197158,3.1999988555908203,0.1553397473948257,-0.29,0.009008728634911395,0.012137067465317841,0.011642468537216687,-0.0129000011398479,-0.0072377949540946,-0.002404602661463662,0.1200000000000001,0.2144077346377767,0.015877641664459877,False,False,True,False,False
2022-08-23,4133.08984375,4159.77001953125,4124.02978515625,4128.72998046875,3823520000,24.11000061035156,3.05,3.29,-0.0022378626777133,0.3100013732910121,0.0130252682028781,-0.2400000000000002,0.008274842785168369,0.012081148726910441,0.011679038907084187,-0.0214000649197158,0.0022695611701915,-0.007478524025377162,0.1899999999999999,0.19950646460097257,0.01594802634388941,False,False,True,False,False
2022-08-24,4126.5498046875,4156.56005859375,4119.97021484375,4140.77001953125,3583630000,22.81999969482422,3.11,3.36,0.002916160446301,-1.2900009155273402,-0.0535048064235005,-0.25,0.009449270434539669,0.00994609538474649,0.011281256297497221,-0.0022378626777133,-0.0129000011398479,-0.008301232504236023,0.13999999999999968,0.21563234843250675,0.015189989442145498,False,False,True,False,False
2022-08-25,4153.259765625,4200.5400390625,4147.58984375,4199.1201171875,3566870000,21.780000686645508,3.03,3.35,0.0140916055180615,-1.039999008178711,-0.0455740149906571,-0.3200000000000003,0.012330228899565126,0.011014343156172734,0.010337979883173858,0.002916160446301,-0.0214000649197158,-0.006270441424156901,0.020000000000000018,0.26855239389902474,0.012159485981926295,False,False,False,True,False
2022-08-26,4198.740234375,4203.0400390625,4057.659912109375,4057.659912109375,3832750000,25.559999465942383,3.04,3.37,-0.0336880587195187,3.779998779296875,0.1735536574897629,-0.33,0.017203613966648983,0.013319891224585795,0.012580096727655006,0.0140916055180615,-0.0022378626777133,-0.003906032554582903,-0.06,0.43972436379982693,0.005104502697180802,False,False,True,True,True
2022-08-29,4034.580078125,4062.989990234375,4017.419921875,4030.610107421875,3396510000,26.209999084472656,3.12,3.42,-0.0066663557995026,0.6499996185302734,0.0254303455442701,-0.2999999999999998,0.015877641664459877,0.012962355595256598,0.012230651099362494,-0.0336880587195187,0.002916160446301,-0.008063644070517063,-0.009999999999999842,0.4161529734890783,0.005205511427271621,False,False,True,True,False
2022-08-30,4041.25,4044.97998046875,3965.2099609375,3986.159912109375,3835860000,26.209999084472656,3.11,3.46,-0.0110281555714482,0.0,0.0,-0.3500000000000001,0.01594802634388941,0.012724576473027004,0.012409605985227695,-0.0066663557995026,0.0140916055180615,-0.005116902246474422,-0.10999999999999988,0.4179977558724873,0.010374721051828602,False,False,True,True,False
2022-08-31,4000.669921875,4015.3701171875,3954.530029296875,3955.0,4542490000,25.8700008392334,3.15,3.45,-0.0078170251059712,-0.3399982452392578,-0.0129720815381745,-0.3000000000000002,0.015189989442145495,0.012724168382904149,0.012434985500067738,-0.0110281555714482,-0.0336880587195187,-0.006874960825221402,-0.05000000000000021,0.3929650396162504,0.009866162465381105,False,False,True,True,False
2022-09-01,3936.72998046875,3970.22998046875,3903.64990234375,3966.85009765625,4152250000,25.559999465942383,3.26,3.51,0.0029962320243361,-0.3100013732910156,-0.0119830445780612,-0.25,0.012159485981926291,0.012782529417347682,0.0118828527256282,-0.0078170251059712,-0.0066663557995026,-0.009021597935675842,0.07000000000000028,0.3107964552041699,0.011103212670044507,False,False,True,True,False
2022-09-02,3994.659912109375,4018.429931640625,3906.2099609375,3924.260009765625,3665850000,25.46999931335449,3.2,3.4,-0.010736500458081,-0.0900001525878941,-0.0035211328039272,-0.1999999999999997,0.005104502697180801,0.012708638122217565,0.012017174780609697,0.0029962320243361,-0.0110281555714482,-0.011240672634420922,0.1300000000000003,0.13001168019221115,0.007819185279917156,False,False,True,False,False
2022-09-06,3930.889892578125,3942.550048828125,3886.75,3908.18994140625,4127340000,26.90999984741211,3.33,3.5,-0.0040950569838349,1.4400005340576207,0.0565371249657866,-0.1699999999999999,0.005205511427271621,0.01182616246542486,0.012019055318952839,-0.010736500458081,-0.0078170251059712,-0.0066503609821333826,0.12999999999999992,0.14008031171358132,0.022730066993850356,False,False,True,False,False
2022-09-07,3909.429931640625,3987.889892578125,3906.030029296875,3979.8701171875,3890320000,24.63999938964844,3.27,3.45,0.018341016392734,-2.2700004577636683,-0.0843552757575347,-0.1800000000000001,0.010374721051828609,0.013853487685980678,0.01283039667199395,-0.0040950569838349,0.0029962320243361,-0.006136101218999842,0.16999999999999998,0.25563312038482977,0.02125521132094276,False,False,True,True,False
2022-09-08,3959.93994140625,4010.5,3944.81005859375,4006.179931640625,3966850000,23.61000061035156,3.29,3.48,0.006610721877456,-1.029998779296882,-0.0418018995458903,-0.1899999999999999,0.009866162465381113,0.014069089559164834,0.012939444397210322,0.018341016392734,-0.010736500458081,-0.00026226682616340216,0.11000000000000032,0.23294010182947572,0.021100124259017257,False,False,True,False,False
2022-09-09,4022.93994140625,4076.81005859375,4022.93994140625,4067.360107421875,3901940000,22.790000915527344,3.33,3.56,0.0152714498163328,-0.8199996948242152,-0.0347310323433323,-0.2299999999999999,0.011103212670044518,0.014217758108434047,0.012495398245760361,0.006610721877456,-0.0040950569838349,0.002623282570522038,0.0200000000000001,0.25304222691560935,0.018527141110404443,False,False,True,True,False
2022-09-12,4083.669921875,4119.27978515625,4083.669921875,4110.41015625,3814200000,23.8700008392334,3.37,3.58,0.0105842727693497,1.079999923706055,0.0473892005405855,-0.2099999999999999,0.007819185279917179,0.0103701759857796,0.012760827066370332,0.0152714498163328,0.018341016392734,0.005078326128921377,-0.010000000000000203,0.1866439591937445,0.017761068528476958,False,False,True,False,False
2022-09-13,4037.1201171875,4037.1201171875,3921.280029296875,3932.68994140625,4224550000,27.270000457763672,3.42,3.75,-0.0432366134006168,3.399999618530273,0.1424381859652865,-0.33,0.02273006699385036,0.016926556290824697,0.01494430569109964,0.0105842727693497,0.006610721877456,0.009342480774407518,-0.16000000000000011,0.6198489373272983,0.0076020887727338135,True,False,True,True,True
2022-09-14,3940.72998046875,3961.93994140625,3912.179931640625,3946.010009765625,4293240000,26.15999984741211,3.41,3.78,0.0033870120853238,-1.1100006103515625,-0.0407040921055631,-0.3699999999999996,0.02125521132094276,0.01673553384007181,0.014930187330147943,-0.0432366134006168,0.0152714498163328,0.0015141694910511387,-0.1899999999999995,0.5560363249125748,0.008077458227484494,False,False,True,True,False
2022-09-15,3932.409912109375,3959.139892578125,3888.280029296875,3901.35009765625,4441830000,26.270000457763672,3.45,3.87,-0.0113177391843534,0.1100006103515625,0.0042049163223694,-0.4199999999999999,0.021100124259017257,0.01691287492579544,0.014949901960256003,0.0033870120853238,0.0105842727693497,-0.0014766313704309014,-0.22999999999999998,0.5543002739432537,0.007921713845344772,False,False,True,True,False
2022-09-16,3880.949951171875,3880.949951171875,3837.080078125,3873.330078125,7954650000,26.299999237060547,3.45,3.85,-0.0071821340894484,0.029998779296875,0.001141940570009,-0.3999999999999999,0.01852714111040444,0.01693479748986421,0.014949433021521836,-0.0113177391843534,-0.0432366134006168,-0.0050623235827927816,-0.17,0.48726379706854983,0.008827576531760957,False,False,True,True,False
2022-09-19,3849.909912109375,3900.449951171875,3838.5,3899.889892578125,3766850000,25.76000022888184,3.49,3.95,0.0068571007162865,-0.5399990081787074,-0.0205322822754219,-0.4599999999999999,0.01776106852847695,0.016874222665847764,0.015080633263978595,-0.0071821340894484,0.0033870120853238,-0.00955304036394902,-0.25,0.4575251293587523,0.0036263326445298274,False,False,True,True,False
2022-09-20,3875.22998046875,3876.010009765625,3827.5400390625,3855.929931640625,4058050000,27.15999984741211,3.57,3.96,-0.0112721030973618,1.39999961853027,0.0543478107954598,-0.3900000000000001,0.007602088772733801,0.017162961603953652,0.015040590773274846,0.0068571007162865,-0.0113177391843534,-0.010298474774561662,-0.06000000000000011,0.20647272990746335,0.005694664172031791,False,False,True,False,False
2022-09-21,3871.39990234375,3907.070068359375,3789.489990234375,3789.929931640625,4078330000,27.989999771118164,3.51,4.02,-0.0171164936007844,0.8299999237060547,0.0305596439016599,-0.5099999999999998,0.008077458227484473,0.016406514791045382,0.014834494482620864,-0.0112721030973618,-0.0071821340894484,-0.0039055727139106614,-0.14000000000000018,0.22608805393850692,0.012635901663303263,False,False,True,False,False
2022-09-22,3782.360107421875,3790.89990234375,3749.449951171875,3757.989990234375,4284600000,27.350000381469727,3.7,4.11,-0.0084275809796894,-0.6399993896484375,-0.0228652874198601,-0.4100000000000001,0.007921713845344753,0.01598073182725454,0.014856763146900204,-0.0171164936007844,0.0068571007162865,-0.008006273851132301,0.009999999999999787,0.216658876692073,0.014475274827916253,False,False,True,False,False
2022-09-23,3727.139892578125,3727.139892578125,3647.469970703125,3693.22998046875,5144270000,29.920000076293945,3.69,4.2,-0.017232619015461,2.5699996948242188,0.0939670807670429,-0.5100000000000002,0.008827576531760938,0.014511851076412858,0.01500584380957558,-0.0084275809796894,-0.0112721030973618,-0.007428242210199503,-0.11000000000000032,0.2641210905037779,0.014168679017902731,False,False,True,False,False
2022-09-26,3682.719970703125,3715.669921875,3644.760009765625,3655.0400390625,4886140000,32.2599983215332,3.88,4.27,-0.010340526208282,2.339998245239258,0.0782084973018857,-0.3899999999999997,0.00362633264452977,0.012882788316336123,0.014390394243438936,-0.017232619015461,-0.0171164936007844,-0.009438339195402023,0.07000000000000023,0.11698548502585145,0.018570438070604,False,False,True,False,False
2022-09-27,3686.43994140625,3717.530029296875,3623.2900390625,3647.2900390625,4577740000,32.599998474121094,3.97,4.3,-0.0021203598092424,0.3400001525878906,0.0105393729162392,-0.3299999999999996,0.005694664172031759,0.007606728276318193,0.013056862311828114,-0.010340526208282,-0.0084275809796894,-0.012877864580315724,0.0600000000000005,0.18564604331886742,0.02166341317832121,False,False,True,False,False
2022-09-28,3651.93994140625,3736.739990234375,3640.610107421875,3719.0400390625,4684850000,30.18000030517578,3.72,4.07,0.0196721399262347,-2.4199981689453125,-0.074233076141595,-0.3500000000000001,0.012635901663303256,0.010821907457988533,0.014060867913438538,-0.0021203598092424,-0.017232619015461,-0.011047515922691844,0.1599999999999997,0.38135151605466344,0.02105270778945403,False,False,True,True,False
2022-09-29,3687.010009765625,3687.010009765625,3610.39990234375,3640.469970703125,4681810000,31.84000015258789,3.76,4.16,-0.0211264378802388,1.6599998474121094,0.0550033078405047,-0.4000000000000003,0.014475274827916246,0.011683440212447464,0.01446919111682642,0.0196721399262347,-0.010340526208282,-0.003689789217288022,0.009999999999999787,0.4608927527296049,0.018823255769299357,False,False,True,True,False
2022-09-30,3633.47998046875,3671.43994140625,3584.1298828125,3585.6201171875,5645360000,31.6200008392334,3.83,4.22,-0.0150666957719832,-0.2199993133544922,-0.0069095261400811,-0.3899999999999997,0.014168679017902723,0.011943816824650554,0.0146367718226062,-0.0211264378802388,-0.0021203598092424,-0.006229560597397902,0.12000000000000055,0.4480136424369127,0.022118232426099997,False,False,True,True,False
2022-10-03,3609.780029296875,3698.35009765625,3604.929931640625,3678.429931640625,4806680000,30.100000381469727,3.67,4.12,0.0258838949525761,-1.520000457763672,-0.0480708544408919,-0.4500000000000002,0.018570438070604,0.015176197453562279,0.015951220598346427,-0.0150666957719832,0.0196721399262347,-0.005796375948702341,-0.0600000000000005,0.5589701930092403,0.019108831583051118,False,False,True,True,True
2022-10-04,3726.4599609375,3791.919921875,3726.4599609375,3790.929931640625,5146580000,29.06999969482422,3.62,4.1,0.0305837006795515,-1.0300006866455078,-0.0342192914814579,-0.4799999999999995,0.021663413178321215,0.018478815421963696,0.01741374155498544,0.0258838949525761,-0.0211264378802388,0.0014485082834692783,-0.14999999999999986,0.6297554144826487,0.008973812883934229,False,False,True,True,True
2022-10-05,3753.25,3806.909912109375,3722.659912109375,3783.280029296875,4293180000,28.549999237060547,3.76,4.15,-0.0020179487570848,-0.5200004577636719,-0.0178878728318754,-0.3900000000000005,0.021052707789454034,0.01774582107109849,0.01740457486344638,0.0305837006795515,-0.0150666957719832,0.007989320381228059,-0.040000000000000424,0.6010547913269713,0.008734356894275546,False,False,True,True,False
2022-10-06,3771.969970703125,3797.929931640625,3739.219970703125,3744.52001953125,4252100000,30.520000457763672,3.83,4.23,-0.0102450808466399,1.970001220703125,0.0690017959140916,-0.4000000000000003,0.01882325576929936,0.01784006428055111,0.016918971922421224,-0.0020179487570848,0.0258838949525761,0.0036513026445641585,0.0,0.5744857746956191,0.01728046833207091,False,False,True,True,False
2022-10-07,3706.739990234375,3706.739990234375,3620.72998046875,3639.659912109375,4449660000,31.36000061035156,3.89,4.3,-0.0280036177867735,0.8400001525878871,0.0275229403666081,-0.4099999999999997,0.0221182324261,0.019115405170464436,0.017598721084623344,-0.0102450808466399,0.0305837006795515,0.0058275740512839375,-0.020000000000000018,0.6936277823823936,0.01611586477655157,False,False,True,True,True
2022-10-10,3647.510009765625,3652.169921875,3588.10009765625,3612.389892578125,3834320000,32.45000076293945,3.89,4.3,-0.0074924636339018,1.0900001525878942,0.0347576572504306,-0.4099999999999997,0.01910883158305111,0.018999122900396865,0.017045865516056618,-0.0280036177867735,-0.0020179487570848,0.0032401896483258787,0.04000000000000048,0.6200815994488901,0.01957887983851035,False,False,True,True,False
2022-10-11,3595.860107421875,3640.659912109375,3568.449951171875,3588.840087890625,4759030000,33.630001068115234,3.93,4.3,-0.0065191757777544,1.1800003051757812,0.0363636449131747,-0.3699999999999996,0.008973812883934208,0.019070912160307606,0.01666281355520695,-0.0074924636339018,-0.0102450808466399,-0.0034350820689697014,0.10999999999999988,0.3017893368717737,0.01899543739500435,False,False,True,False,False
2022-10-12,3590.830078125,3608.340087890625,3573.860107421875,3577.030029296875,4006830000,33.56999969482422,3.91,4.28,-0.0032907731480149,-0.0600013732910156,-0.0017841620988797,-0.3700000000000001,0.008734356894275524,0.017726488711291722,0.014474151962547704,-0.0065191757777544,-0.0280036177867735,-0.01085565736043088,0.020000000000000406,0.29321235827531517,0.019418905194766602,False,False,True,False,False
2022-10-13,3520.3701171875,3685.409912109375,3491.580078125,3669.909912109375,5021680000,31.940000534057617,3.97,4.47,0.0259656424608649,-1.6299991607666016,-0.0485552331124361,-0.4999999999999995,0.017280468332070906,0.018707383218689557,0.015791280464830176,-0.0032907731480149,-0.0074924636339018,-0.011110222238616902,-0.0999999999999992,0.5519381677551105,0.01731709808885476,False,False,True,True,True
2022-10-14,3690.409912109375,3712.0,3579.679931640625,3583.070068359375,4243030000,32.02000045776367,4.0,4.48,-0.0236626636156543,0.0799999237060546,0.0025046938750283,-0.4800000000000004,0.016115864776551563,0.019601104303523263,0.01629950843556424,0.0259656424608649,-0.0065191757777544,-0.0038680775771159416,-0.07000000000000073,0.5160299975224385,0.014563008271577365,False,False,True,True,True
2022-10-17,3638.64990234375,3689.72998046875,3638.64990234375,3677.949951171875,4352780000,31.3700008392334,4.02,4.45,0.026480052302171,-0.6499996185302734,-0.0202998004134217,-0.4300000000000006,0.01957887983851035,0.01968012005167638,0.01750943202083904,-0.0236626636156543,-0.0032907731480149,-0.0029998867428921014,-0.020000000000000906,0.6141894769653194,0.012101837880698739,False,False,True,True,True
2022-10-18,3746.260009765625,3762.7900390625,3686.530029296875,3719.97998046875,4483740000,30.5,4.01,4.43,0.0114275696664887,-0.8700008392333984,-0.0277335293579373,-0.4199999999999999,0.01899543739500435,0.017431263309837863,0.017649857592783938,0.026480052302171,0.0259656424608649,0.003794616444322459,-0.050000000000000266,0.5793608405476326,0.01264015211148579,False,False,True,True,False
2022-10-19,3703.110107421875,3728.580078125,3666.510009765625,3695.159912109375,4223800000,30.76000022888184,4.14,4.55,-0.0066720972934503,0.2600002288818395,0.008524597668257,-0.4100000000000001,0.019418905194766602,0.017494599999941796,0.01756289070495457,0.0114275696664887,-0.0236626636156543,0.007383965533171079,-0.03999999999999998,0.5973255282356554,0.012802258537841308,False,False,True,True,False
2022-10-20,3689.050048828125,3736.0,3656.43994140625,3665.780029296875,4496620000,29.979999542236328,4.24,4.62,-0.0079509097065648,-0.7800006866455114,-0.0253576294161771,-0.3799999999999999,0.017317098088854756,0.017402411875695512,0.017290410542392717,-0.0066720972934503,0.026480052302171,0.006707700704083998,0.11999999999999961,0.5191665927767272,0.012371491458341117,False,False,True,True,False
2022-10-21,3657.10009765625,3757.889892578125,3647.419921875,3752.75,5078020000,29.690000534057617,4.21,4.49,0.0237248198222648,-0.2899990081787109,-0.0096730824752067,-0.2800000000000002,0.014563008271577369,0.016563579064931177,0.018012008240582498,-0.0079509097065648,0.0114275696664887,-7.560972940194103e-05,0.20000000000000023,0.4323757233606176,0.012608321038668801,False,False,True,True,True
2022-10-24,3762.010009765625,3810.739990234375,3741.64990234375,3797.340087890625,4747930000,29.850000381469727,4.25,4.5,0.0118819766546198,0.1599998474121093,0.0053890146357045,-0.25,0.012101837880698742,0.01633093324880813,0.0177434077994557,0.0237248198222648,-0.0066720972934503,0.00940188695818188,0.1800000000000006,0.36123986535534225,0.013700077126867504,False,False,True,True,False
2022-10-25,3799.43994140625,3862.85009765625,3799.43994140625,3859.110107421875,4843120000,28.459999084472656,4.1,4.42,0.0162666545796699,-1.3900012969970703,-0.0465662070094965,-0.3200000000000003,0.012640152111485793,0.01613385064659062,0.01780386400290645,0.0118819766546198,-0.0079509097065648,0.006482271828671639,0.09999999999999959,0.35973871752048076,0.01241282633957235,False,False,True,True,False
2022-10-26,3825.969970703125,3886.14990234375,3824.070068359375,3830.60009765625,4817310000,27.280000686645508,4.04,4.39,-0.0073877160723645,-1.1799983978271484,-0.0414616456706401,-0.3499999999999996,0.01280225853784131,0.016449487249068268,0.017907493500817672,0.0162666545796699,0.0237248198222648,0.007450088811307878,0.0600000000000005,0.3492456217029243,0.01597525802740215,False,False,True,True,False
2022-10-27,3834.68994140625,3859.949951171875,3803.7900390625,3807.300048828125,4687320000,27.38999938964844,3.96,4.3,-0.0060826106182112,0.1099987030029332,0.0040322104191434,-0.3399999999999998,0.012371491458341119,0.01554051599413759,0.01756798636950314,-0.0073877160723645,0.0118819766546198,0.007306965055525039,0.04000000000000009,0.33885514349300416,0.016214832938684077,False,False,True,True,False
2022-10-28,3808.260009765625,3905.419921875,3808.260009765625,3901.06005859375,4459410000,25.75,4.02,4.41,0.0246263778959276,-1.639999389648441,-0.0598758461553032,-0.3900000000000005,0.012608321038668801,0.013642548030116245,0.017492095190047165,-0.0060826106182112,0.0162666545796699,0.007680624873195758,-0.11000000000000032,0.32466426674572163,0.012411581383882939,False,False,True,True,True
2022-10-31,3881.85009765625,3893.72998046875,3863.179931640625,3871.97998046875,4820620000,25.8799991607666,4.1,4.51,-0.0074544041076575,0.1299991607666015,0.005048511097732,-0.4100000000000001,0.0137000771268675,0.01298543774685464,0.017180721026366592,0.0246263778959276,-0.0073877160723645,0.007860936487928318,-0.1600000000000001,0.35455798454576865,0.013983687613317225,False,False,True,True,False
2022-11-01,3901.7900390625,3911.7900390625,3843.800048828125,3856.10009765625,4481210000,25.809999465942383,4.07,4.54,-0.0041012306087846,-0.0699996948242187,-0.0027047796404234,-0.4699999999999997,0.012412826339572343,0.013080561812375381,0.016520381413818088,-0.0074544041076575,-0.0060826106182112,0.00399366033547286,-0.1499999999999994,0.3203750411951977,0.01440322715958874,False,False,True,True,False
2022-11-02,3852.89990234375,3894.43994140625,3758.679931640625,3759.68994140625,4899000000,25.86000061035156,4.1,4.61,-0.0250019848573428,0.0500011444091761,0.0019372780102207,-0.5100000000000007,0.01597525802740214,0.015469613072287626,0.016240871909559113,-0.0041012306087846,0.0246263778959276,-7.991670221804016e-05,-0.16000000000000109,0.41312018233914294,0.013051705115095768,False,False,True,True,True
2022-11-03,3733.25,3750.590087890625,3698.14990234375,3719.889892578125,4625290000,25.299999237060547,4.14,4.71,-0.0105859923154296,-0.5600013732910121,-0.0216551183323192,-0.5700000000000003,0.01621483293868407,0.015655676436769978,0.016386817904382903,-0.0250019848573428,-0.0074544041076575,-0.0036027704592137,-0.23000000000000048,0.4102352609777712,0.02452677118973954,False,False,True,True,False
2022-11-04,3766.97998046875,3796.340087890625,3708.840087890625,3770.550048828125,5400180000,24.549999237060547,4.17,4.66,0.0136187246700705,-0.75,-0.0296442696686475,-0.4900000000000002,0.012411581383882927,0.014475842569546118,0.016510412994647474,-0.0105859923154296,-0.0041012306087846,-0.00450344679865738,-0.0999999999999997,0.30470431350504074,0.024556380612026866,False,False,True,True,False
2022-11-07,3780.7099609375,3813.949951171875,3764.699951171875,3806.800048828125,4341620000,24.350000381469727,4.22,4.72,0.0096139819205598,-0.1999988555908203,-0.0081465931489278,-0.5,0.013983687613317218,0.014313821254801913,0.015322329388778628,0.0136187246700705,-0.0250019848573428,-0.006704977443828799,-0.08999999999999991,0.34050279871862776,0.025970231423132793,False,False,True,True,False
2022-11-08,3817.02001953125,3859.39990234375,3786.280029296875,3828.110107421875,4607640000,25.540000915527344,4.14,4.67,0.0055978928024627,1.1900005340576172,0.0488706577172459,-0.5300000000000002,0.014403227159588732,0.013459933902258418,0.01517860419476321,0.0096139819205598,-0.0105859923154296,-0.003291300238185341,-0.06000000000000055,0.3678584348424445,0.025939795512362102,False,False,True,True,False
2022-11-09,3810.93994140625,3818.199951171875,3744.219970703125,3748.570068359375,4645010000,26.09000015258789,4.12,4.61,-0.0207778869547897,0.5499992370605469,0.0215348166540654,-0.4900000000000002,0.013051705115095763,0.014668824729709214,0.01588632141015271,0.0055978928024627,0.0136187246700705,-0.0013514755559358806,0.020000000000000462,0.3405189884443806,0.023454366149601776,False,False,True,True,False
2022-11-10,3859.889892578125,3958.330078125,3859.889892578125,3956.3701171875,5781260000,23.530000686645508,3.82,4.34,0.0554344843603449,-2.559999465942383,-0.0981218647363041,-0.52,0.024526771189739543,0.02249909503224705,0.019443717647227327,-0.0207778869547897,0.0096139819205598,-0.000506655975425261,0.050000000000000266,0.5771149429357687,0.007971431124393438,True,False,True,True,True
2022-11-11,3963.719970703125,4001.47998046875,3944.820068359375,3992.929931640625,5593310000,22.520000457763672,3.82,4.34,0.0092407467881479,-1.010000228881836,-0.0429239353764686,-0.52,0.02455638061202687,0.021548604753014875,0.018903595417034316,0.0554344843603449,0.0055978928024627,0.01269743935972964,-0.029999999999999805,0.5530097026238641,0.0070254960816771,False,False,True,True,False
2022-11-14,3977.969970703125,4008.969970703125,3956.39990234375,3957.25,4561930000,23.729999542236328,3.88,4.4,-0.0089357770488009,1.2099990844726562,0.0537299760158536,-0.5200000000000005,0.025970231423132793,0.02162189672448257,0.018113540136408583,0.0092407467881479,-0.0207778869547897,0.01182184378334512,-0.020000000000000462,0.6162735797827127,0.006175287406052565,False,False,True,True,False
2022-11-15,4006.409912109375,4028.840087890625,3953.169921875,3991.72998046875,5015310000,24.540000915527344,3.8,4.37,0.0087131165503191,0.8100013732910156,0.0341340661153117,-0.5700000000000003,0.0259397955123621,0.02157769450527604,0.017490164160072708,-0.0089357770488009,0.0554344843603449,0.008111891989472979,-0.040000000000000036,0.636562605621958,0.0077180905363434735,False,False,True,True,False
2022-11-16,3976.820068359375,3983.090087890625,3954.340087890625,3958.7900390625,4165320000,24.11000061035156,3.67,4.35,-0.0082520464979902,-0.4300003051757848,-0.0175224241700703,-0.6799999999999997,0.023454366149601776,0.019867655782775287,0.0175970308601075,0.0087131165503191,0.0092407467881479,0.008734936739044259,-0.1899999999999995,0.5654847821823078,0.006433494924363869,False,False,True,True,False
2022-11-17,3919.260009765625,3954.330078125,3906.5400390625,3946.56005859375,4051780000,23.93000030517578,3.77,4.43,-0.0030893228355314,-0.1800003051757777,-0.0074657943019086,-0.6599999999999997,0.007971431124393412,0.0193871942826547,0.017518460997909966,-0.0082520464979902,-0.0089357770488009,0.01124010483040416,-0.13999999999999968,0.19075634923942206,0.005941601930036599,False,False,True,False,False
2022-11-18,3966.389892578125,3979.889892578125,3935.97998046875,3965.340087890625,4037360000,23.1200008392334,3.82,4.51,0.0047585819088147,-0.8099994659423828,-0.033848702700066,-0.69,0.0070254960816770705,0.019225871762402973,0.017338262044726247,-0.0030893228355314,0.0087131165503191,-0.00046465660877110143,-0.16999999999999993,0.16242947530440482,0.009727108138957979,False,False,True,False,False
2022-11-21,3956.22998046875,3962.0,3933.340087890625,3949.93994140625,3850690000,22.36000061035156,3.83,4.48,-0.0038836886983297,-0.7600002288818395,-0.0328719810248518,-0.6500000000000004,0.0061752874060525325,0.01934417985639618,0.016823943724898333,0.0047585819088147,-0.0082520464979902,-0.0013610895846377414,-0.1299999999999999,0.1380794301684309,0.009587390039475997,False,False,False,False,False
2022-11-22,3965.510009765625,4005.8798828125,3956.8798828125,4003.580078125,3887990000,21.290000915527344,3.76,4.47,0.013579987927526,-1.0699996948242152,-0.0478532945266941,-0.71,0.007718090536343449,0.01956203064680845,0.016872461621573562,-0.0038836886983297,-0.0030893228355314,-0.00035067191454350147,-0.13999999999999968,0.16431815458487495,0.015215138770034392,False,False,False,False,False
2022-11-23,4000.300048828125,4033.780029296875,3998.659912109375,4027.260009765625,3279720000,20.350000381469727,3.71,4.46,0.0059146891478476,-0.9400005340576172,-0.0441522073102426,-0.75,0.006433494924363847,0.017632256055197953,0.016617067363242366,0.013579987927526,0.0047585819088147,0.0006227023608978786,-0.07000000000000028,0.13092162416498784,0.015278033349897207,False,False,False,False,False
2022-11-25,4023.340087890625,4034.02001953125,4020.760009765625,4026.1201171875,1706460000,20.5,3.68,4.42,-0.0002830441976333,0.1499996185302734,0.0073709884873938,-0.7399999999999998,0.005941601930036578,0.007378696991091642,0.016490900271366564,0.0059146891478476,-0.0038836886983297,0.003456049490065439,-0.08000000000000007,0.12180283956574985,0.015316172564096333,False,False,False,False,False
2022-11-28,4005.360107421875,4012.27001953125,3955.77001953125,3963.93994140625,3615430000,22.209999084472656,3.69,4.46,-0.0154441929131232,1.7099990844726562,0.083414589486471,-0.77,0.009727108138957958,0.008510850006214814,0.016839917786945106,-0.0002830441976333,0.013579987927526,0.004017305217645059,-0.08000000000000007,0.21603906286082278,0.01590608406514966,False,False,False,False,False
2022-11-29,3964.18994140625,3976.77001953125,3937.64990234375,3957.6298828125,3546040000,21.88999938964844,3.75,4.48,-0.0015918653377758,-0.3199996948242152,-0.0144079112118438,-0.7300000000000004,0.009587390039475976,0.008073442660825833,0.016075230058461055,-0.0154441929131232,0.0059146891478476,-2.324974674252113e-05,-0.08000000000000007,0.20986796211245065,0.01723466157052217,False,False,False,False,False
2022-11-30,3957.179931640625,4080.110107421875,3938.580078125,4080.110107421875,6579360000,20.57999992370605,3.68,4.38,0.030947872397389,-1.30999946594239,-0.0598446552064261,-0.6999999999999997,0.015215138770034381,0.01217514338065672,0.01717725060072131,-0.0015918653377758,-0.0002830441976333,0.0004351149253682589,0.010000000000000231,0.31312755472648457,0.007359868612526471,False,False,False,True,True
2022-12-01,4087.139892578125,4100.509765625,4050.8701171875,4076.570068359375,4527130000,19.84000015258789,3.53,4.25,-0.0008676332180498,-0.7399997711181605,-0.0359572290506063,-0.7200000000000002,0.015278033349897198,0.011730656571912192,0.017130546253628965,0.030947872397389,-0.0154441929131232,0.00390869181934086,0.029999999999999805,0.3031161839932033,0.009318000489888928,False,False,False,True,False
2022-12-02,4040.169921875,4080.47998046875,4026.6298828125,4071.699951171875,4012620000,19.059999465942383,3.51,4.28,-0.0011946604880656,-0.7800006866455078,-0.0393145504358156,-0.7700000000000005,0.015316172564096325,0.011645701798282643,0.016004161065295158,-0.0008676332180498,-0.0015918653377758,0.002552227346161379,-0.030000000000000693,0.29192624089195734,0.009062283515417335,False,False,False,True,False
2022-12-05,4052.02001953125,4052.449951171875,3984.489990234375,3998.840087890625,4280820000,20.75,3.6,4.41,-0.0178942122835648,1.6900005340576172,0.0886673967162179,-0.81,0.01590608406514965,0.0132180016061639,0.016390799266731936,-0.0011946604880656,0.030947872397389,0.002369904088074919,-0.040000000000000036,0.33005124435185523,0.010243454284632848,False,False,False,True,False
2022-12-06,3996.6298828125,4001.510009765625,3918.389892578125,3941.260009765625,4368380000,22.170000076293945,3.51,4.34,-0.014399194981406,1.420000076293945,0.0684337386165756,-0.8300000000000001,0.01723466157052216,0.013956630951728173,0.0166575984988687,-0.0178942122835648,-0.0008676332180498,0.0018799002139865983,-0.09999999999999964,0.3820924483333766,0.007642854854110581,False,False,False,True,False
2022-12-07,3933.280029296875,3957.570068359375,3922.679931640625,3933.919921875,4118050000,22.68000030517578,3.42,4.26,-0.0018623708845491,0.5100002288818359,0.0230040697846984,-0.8399999999999999,0.007359868612526434,0.013188159091928473,0.016595081038547038,-0.014399194981406,-0.0011946604880656,-0.0006815657147394415,-0.14000000000000012,0.16692182237815317,0.008426637046910513,False,False,True,False,False
2022-12-08,3947.7900390625,3974.18994140625,3935.830078125,3963.510009765625,4006900000,22.290000915527344,3.48,4.31,0.0075217819575039,-0.3899993896484375,-0.0171957400529415,-0.8299999999999996,0.009318000489888904,0.013288981577850774,0.016621632817167185,-0.0018623708845491,-0.0178942122835648,-0.007243614371127062,-0.10999999999999943,0.2076982394505079,0.013510240926193875,False,False,False,False,False
2022-12-09,3954.169921875,3977.02001953125,3933.0400390625,3934.3798828125,3888260000,22.82999992370605,3.57,4.33,-0.0073495782479044,0.5399990081787074,0.0242260648720988,-0.7600000000000002,0.009062283515417307,0.013392601992389406,0.015987241845970925,0.0075217819575039,-0.014399194981406,-0.0055657313360163215,0.010000000000000231,0.20689193196557973,0.013815989524300024,False,False,True,False,False
2022-12-12,3939.2900390625,3990.7099609375,3935.300048828125,3990.56005859375,3904130000,25.0,3.61,4.39,0.0142792962181093,2.170000076293949,0.0950503759765972,-0.7799999999999998,0.010243454284632834,0.013424696529515836,0.011165076595237314,-0.0073495782479044,-0.0018623708845491,-0.006796714887984083,0.03000000000000025,0.25608635711582084,0.010313443566216784,False,False,True,False,False
2022-12-13,4069.3798828125,4100.9599609375,3993.030029296875,4019.64990234375,5079360000,22.549999237060547,3.51,4.22,0.0072896644387934,-2.450000762939453,-0.0980000305175781,-0.71,0.00764285485411057,0.013533146808977764,0.011099646810129314,0.0142792962181093,0.0075217819575039,-0.0003620131876492627,0.1200000000000001,0.17234637112915785,0.008512794513704467,False,False,True,False,False
2022-12-14,4015.5400390625,4053.760009765625,3965.64990234375,3995.320068359375,4472340000,21.13999938964844,3.49,4.23,-0.0060527246341003,-1.4099998474121058,-0.0625277115351203,-0.7400000000000002,0.008426637046910502,0.009462071570718503,0.011000978279481703,0.0072896644387934,-0.0073495782479044,0.003975758696390617,0.09999999999999964,0.17813910202847696,0.01325389103702013,False,False,False,False,False
2022-12-15,3958.3701171875,3958.3701171875,3879.449951171875,3895.75,4493900000,22.82999992370605,3.44,4.23,-0.024921675023714,1.69000053405761,0.0799432631433825,-0.7900000000000005,0.01351024092619386,0.01165770673885839,0.012085956937951456,-0.0060527246341003,0.0142792962181093,0.0031376879464803777,0.03999999999999915,0.30843879931425616,0.010642314881446558,False,False,True,True,True
2022-12-16,3890.909912109375,3890.909912109375,3827.909912109375,3852.360107421875,7493660000,22.6200008392334,3.48,4.17,-0.0111377507740807,-0.2099990844726527,-0.0091983830562607,-0.69,0.013815989524300009,0.011760515036515158,0.01218267621782868,-0.024921675023714,0.0072896644387934,-0.0033510034497632028,0.07000000000000028,0.312517694634506,0.010449751493228604,False,False,True,True,False
2022-12-19,3853.7900390625,3854.860107421875,3800.0400390625,3817.659912109375,3969610000,22.420000076293945,3.57,4.25,-0.0090075160018523,-0.2000007629394531,-0.0088417663801568,-0.6800000000000002,0.010313443566216756,0.011104255364478479,0.012290567299260908,-0.0111377507740807,-0.0060527246341003,-0.004108637954998462,0.09999999999999964,0.23122740554143298,0.00979466847616216,False,False,True,False,False
2022-12-20,3810.469970703125,3838.239990234375,3795.6201171875,3821.6201171875,3985370000,21.479999542236328,3.69,4.25,0.0010373383615349,-0.9400005340576172,-0.0419268747037846,-0.56,0.00851279451370443,0.010695140750263498,0.012225642347994732,-0.0090075160018523,-0.024921675023714,-0.008766000398990784,0.1499999999999999,0.1828548222575231,0.011009868725279303,False,False,False,False,False
2022-12-21,3839.489990234375,3889.820068359375,3839.489990234375,3878.43994140625,3775200000,20.06999969482422,3.68,4.21,0.0148679938027347,-1.4099998474121094,-0.065642452395756,-0.5299999999999998,0.013253891037020113,0.011977152794120413,0.012707514139314471,0.0010373383615349,-0.0111377507740807,-0.010016465614442482,0.2100000000000004,0.26600558906822713,0.011821447033522576,False,False,False,True,False
2022-12-22,3853.260009765625,3853.260009765625,3764.489990234375,3822.389892578125,3956950000,21.96999931335449,3.67,4.24,-0.0144516995686163,1.8999996185302697,0.0946686421236095,-0.5700000000000003,0.010642314881446537,0.012162657719890998,0.01259986037262217,0.0148679938027347,-0.0090075160018523,-0.005832321927075484,0.2200000000000002,0.23381165063788267,0.010022280864536706,False,False,False,True,False
2022-12-23,3815.110107421875,3845.800048828125,3797.010009765625,3844.820068359375,2819280000,20.8700008392334,3.75,4.31,0.005868102525282,-1.0999984741210902,-0.0500682070323258,-0.5599999999999996,0.010449751493228587,0.012393363349183489,0.012598448895184787,-0.0144516995686163,0.0010373383615349,-0.0037383268360559425,0.13000000000000034,0.21808632243346107,0.009828001810227508,False,False,False,True,False
2022-12-27,3843.340087890625,3846.64990234375,3813.219970703125,3829.25,3030300000,21.64999961853028,3.84,4.32,-0.0040496221104097,0.7799987792968786,0.0373741613766762,-0.4800000000000004,0.009794668476162144,0.011105738010399224,0.012597746284580762,0.005868102525282,0.0148679938027347,-0.00033715617618340285,0.19999999999999973,0.21205456877254097,0.01020195237530684,False,False,False,False,False
2022-12-28,3829.56005859375,3848.320068359375,3780.780029296875,3783.219970703125,3083520000,22.13999938964844,3.88,4.31,-0.0120206383226153,0.489999771118164,0.0226327842841518,-0.4299999999999997,0.011009868725279285,0.010633931084998013,0.012447923983559607,-0.0040496221104097,-0.0144516995686163,0.0006544226021051172,0.13000000000000034,0.24375848685779283,0.010104727401171685,False,False,False,True,False
2022-12-29,3805.449951171875,3858.18994140625,3805.449951171875,3849.280029296875,3003680000,21.440000534057617,3.83,4.34,0.0174613316448191,-0.6999988555908239,-0.0316169320184402,-0.5099999999999998,0.01182144703352256,0.012748824464459135,0.013130627595665193,-0.0120206383226153,0.005868102525282,-0.0019571727347249225,0.020000000000000018,0.2534518307120575,0.011890180375102751,False,False,False,True,False
2022-12-30,3829.06005859375,3839.85009765625,3800.340087890625,3839.5,2979870000,21.670000076293945,3.88,4.41,-0.0025407424823445,0.2299995422363281,0.010727590322163,-0.5300000000000002,0.01002228086453669,0.010598716975109498,0.010983194253759657,0.0174613316448191,-0.0040496221104097,-0.0014385051663080427,0.040000000000000036,0.21718282709914943,0.011762136602225498,False,False,False,False,False
2023-01-03,3853.2900390625,3878.4599609375,3794.330078125,3824.139892578125,3959140000,22.89999961853028,3.79,4.4,-0.0040005488792486,1.2299995422363317,0.0567604770607221,-0.6100000000000003,0.009828001810227489,0.010149555966667329,0.010976805041004288,-0.0025407424823445,-0.0120206383226153,0.0009436862509463178,-0.05000000000000071,0.2250612377051244,0.011304794147204134,False,False,True,False,False
2023-01-04,3840.360107421875,3873.159912109375,3815.77001953125,3852.969970703125,4414080000,22.01000022888184,3.69,4.36,0.0075389705750443,-0.8899993896484375,-0.0388646028154632,-0.6700000000000004,0.010201952375306824,0.010005395214921893,0.011199714175455925,-0.0040005488792486,0.0174613316448191,-0.0010300440299598024,-0.18999999999999995,0.22454497411554483,0.01173572298219631,False,False,False,False,False
2023-01-05,3839.739990234375,3839.739990234375,3802.419921875,3808.10009765625,3893450000,22.459999084472656,3.71,4.45,-0.0116455288746221,0.4499988555908167,0.0204451999505352,-0.7400000000000002,0.01010472740117167,0.01069657633836328,0.010866490536108933,0.0075389705750443,-0.0025407424823445,0.0012876745071309975,-0.3100000000000005,0.22695216817916147,0.008210256050188196,False,False,True,False,False
2023-01-06,3823.3701171875,3906.18994140625,3809.56005859375,3895.080078125,3923560000,21.1299991607666,3.55,4.24,0.0228407810294386,-1.329999923706055,-0.0592163837008136,-0.6900000000000004,0.011890180375102739,0.012013303424449303,0.011744809419381181,-0.0116455288746221,-0.0040005488792486,0.0013626963967296375,-0.1800000000000006,0.2512395013472844,0.004513851659119174,False,False,False,True,False
2023-01-09,3910.820068359375,3950.570068359375,3890.419921875,3892.090087890625,4311770000,21.96999931335449,3.53,4.19,-0.0007676325452631,0.8400001525878871,0.0397539132016422,-0.6600000000000006,0.011762136602225486,0.010965954974602937,0.01174104081726726,0.0228407810294386,0.0075389705750443,0.002438586273653537,-0.13000000000000034,0.25841413307447564,0.004867473939378068,False,False,False,True,False
2023-01-10,3888.570068359375,3919.830078125,3877.2900390625,3919.25,3851030000,20.57999992370605,3.61,4.24,0.0069782331590619,-1.3899993896484375,-0.0632680670501215,-0.6300000000000003,0.011304794147204124,0.011011408246676716,0.011724047226636473,-0.0007676325452631,-0.0116455288746221,0.002793208261069817,-0.020000000000000018,0.2326526626869735,0.009355677966806392,False,False,False,True,False
2023-01-11,3932.35009765625,3970.070068359375,3928.5400390625,3969.610107421875,4303360000,21.09000015258789,3.54,4.2,0.0128494246148815,0.5100002288818395,0.0247813523213074,-0.6600000000000001,0.011735722982196304,0.011250598324389315,0.01194631508078377,0.0069782331590619,0.0228407810294386,0.004988964668731917,0.010000000000000231,0.24750639948524927,0.007332175807090242,False,False,False,True,False
2023-01-12,3977.570068359375,3997.760009765625,3937.56005859375,3983.169921875,4440260000,18.82999992370605,3.43,4.12,0.0034159058663651,-2.2600002288818395,-0.1071598014476316,-0.69,0.00821025605018819,0.009979072975161717,0.011567461066001738,0.0128494246148815,-0.0007676325452631,0.006051055476699358,0.050000000000000266,0.15459912079865076,0.01164018555028193,False,False,False,False,False
2023-01-13,3960.60009765625,4003.949951171875,3947.669921875,3999.090087890625,3939700000,18.350000381469727,3.49,4.22,0.0039968583635343,-0.4799995422363246,-0.0254912131800929,-0.7299999999999995,0.004513851659119152,0.009105754584179207,0.011489349155662028,0.0034159058663651,0.0069782331590619,0.009063342424896797,-0.03999999999999915,0.0828291796667342,0.012629590746498436,False,False,False,False,False
2023-01-17,3999.280029296875,4015.389892578125,3984.570068359375,3990.969970703125,4235560000,19.36000061035156,3.53,4.18,-0.0020304911890052,1.0100002288818324,0.0550408832635096,-0.6499999999999999,0.0048674739393780465,0.009071071078598435,0.011423155603734997,0.0039968583635343,0.0128494246148815,0.005294557891715937,0.010000000000000675,0.09423429843722929,0.012574819257275941,False,False,False,False,False
2023-01-18,4002.25,4014.159912109375,3926.590087890625,3928.860107421875,4298710000,20.34000015258789,3.37,4.06,-0.015562598500411,0.9799995422363316,0.0506198094700647,-0.6899999999999995,0.009355677966806373,0.010612521818387653,0.01059411592255914,-0.0020304911890052,0.0034159058663651,0.005041986162967517,-0.059999999999999165,0.19029449127240478,0.009578952505486753,False,False,False,False,False
2023-01-19,3911.840087890625,3922.93994140625,3885.5400390625,3898.85009765625,3991500000,20.520000457763672,3.39,4.09,-0.0076383502962943,0.1800003051757812,0.0088495724594612,-0.6999999999999997,0.007332175807090209,0.010902066212185153,0.010436748411316624,-0.015562598500411,0.0039968583635343,0.0005338198310729375,-0.03999999999999959,0.1504562509178948,0.007562898907894585,False,False,False,False,False
2023-01-20,3909.0400390625,3972.9599609375,3897.860107421875,3972.610107421875,4013360000,19.850000381469727,3.48,4.14,0.0189184010459815,-0.6700000762939453,-0.0326510751143991,-0.6599999999999997,0.011640185550281915,0.011141814784749661,0.0108937037930263,-0.0076383502962943,-0.0020304911890052,-0.0035637351511622227,0.03000000000000025,0.2310576876134744,0.005461551460186773,False,False,False,True,False
2023-01-23,3978.139892578125,4039.31005859375,3971.639892578125,4019.81005859375,3945210000,19.809999465942383,3.52,4.21,0.0118813449836652,-0.0400009155273437,-0.0020151594336836,-0.69,0.012629590746498423,0.009711368795417943,0.011093129956910279,0.0189184010459815,-0.015562598500411,-0.0004632361152389422,0.03999999999999959,0.25019218594320464,0.007695437053554278,False,False,False,True,False
2023-01-24,4001.739990234375,4023.919921875,3989.7900390625,4016.949951171875,3320430000,19.200000762939453,3.46,4.12,-0.0007115031258156,-0.6099987030029297,-0.0307924643840423,-0.6600000000000001,0.01257481925727593,0.009709087552961376,0.010755110324766594,0.0118813449836652,-0.0076383502962943,0.001113661208787238,-0.010000000000000231,0.2414365393335236,0.009644190733769637,False,False,False,True,False
2023-01-25,3982.7099609375,4019.550048828125,3949.06005859375,4016.219970703125,3724020000,19.07999992370605,3.46,4.11,-0.0001817250594663,-0.1200008392334019,-0.0062500434617186,-0.6500000000000004,0.009578952505486743,0.009668699782240565,0.010144740332162382,-0.0007115031258156,0.0189184010459815,0.0013774588214251582,0.03999999999999915,0.18276641307387093,0.009877971142428504,False,False,False,False,False
2023-01-26,4036.080078125,4061.570068359375,4013.2900390625,4060.429931640625,3809590000,18.729999542236328,3.49,4.17,0.0110078534691813,-0.350000381469723,-0.0183438355801491,-0.6799999999999997,0.007562898907894578,0.009485506267936884,0.010286242430165102,-0.0001817250594663,0.0118813449836652,0.004453633509614098,0.020000000000000018,0.14165309308284507,0.010413464933006223,False,False,False,False,False
2023-01-27,4053.719970703125,4094.2099609375,4048.699951171875,4070.56005859375,3907760000,18.51000022888184,3.52,4.19,0.002494840970949,-0.2199993133544886,-0.0117458258799413,-0.6700000000000004,0.0054615514601867535,0.009478785792503648,0.010176972468769283,0.0110078534691813,-0.0007115031258156,0.008182874262709217,-0.010000000000000675,0.10109331877810675,0.012335906533671961,False,False,False,False,False
2023-01-30,4049.27001953125,4063.85009765625,4015.550048828125,4017.77001953125,3802000000,19.940000534057617,3.55,4.25,-0.0129687409846833,1.4300003051757777,0.077255553079059,-0.7000000000000002,0.007695437053554254,0.010474469870734446,0.010245230748323677,0.002494840970949,-0.0001817250594663,0.004898162247702718,-0.010000000000000231,0.1534470189576786,0.010733853441929245,False,False,False,False,False
2023-01-31,4020.85009765625,4077.159912109375,4020.43994140625,4076.60009765625,4679320000,19.39999961853028,3.52,4.21,0.0146424702855101,-0.5400009155273402,-0.0270812889199785,-0.69,0.009644190733769625,0.011235014340025015,0.010070824755405567,-0.0129687409846833,0.0110078534691813,-7.185494596698219e-05,-0.029999999999999805,0.187097296556164,0.010423497097111158,False,False,False,False,False
2023-02-01,4070.070068359375,4148.9501953125,4037.199951171875,4119.2099609375,4856930000,17.8700008392334,3.39,4.09,0.0104523039445902,-1.5299987792968786,-0.0788659180093731,-0.6999999999999997,0.009877971142428492,0.009735412479237177,0.010123515453467125,0.0146424702855101,0.002494840970949,0.002998939736298158,-0.04999999999999938,0.17651935260512044,0.011397182137397871,False,False,False,False,False
2023-02-02,4158.68017578125,4195.43994140625,4141.8798828125,4179.759765625,5624360000,18.729999542236328,3.4,4.09,0.0146993732443099,0.8599987030029297,0.048125274908483,-0.69,0.010413464933006216,0.009174043981808077,0.010254514525067685,0.0104523039445902,-0.0129687409846833,0.005125745537109458,-0.010000000000000231,0.19504419342830048,0.008951104143029682,False,False,False,True,False
2023-02-03,4136.68994140625,4182.35986328125,4123.35986328125,4136.47998046875,4694510000,18.32999992370605,3.53,4.3,-0.0103546106913104,-0.399999618530277,-0.0213560933425691,-0.77,0.012335906533671951,0.00957312768412047,0.010684041032511134,0.0146993732443099,0.0146424702855101,0.005864049492135178,-0.09999999999999964,0.22611716582105185,0.008773226986765545,False,False,False,True,False
2023-02-06,4119.56982421875,4124.6298828125,4093.3798828125,4111.080078125,4114240000,19.43000030517578,3.63,4.44,-0.0061404630177543,1.10000038146973,0.0600109321357447,-0.8100000000000005,0.010733853441929236,0.009634046663485217,0.010373620807618984,-0.0103546106913104,0.0104523039445902,0.003294159159683298,-0.11000000000000032,0.20855877565239717,0.009935910976098587,False,False,False,True,False
2023-02-07,4105.35009765625,4176.5400390625,4088.389892578125,4164.0,4355860000,18.65999984741211,3.67,4.47,0.0128725105980265,-0.7700004577636719,-0.0396294619490334,-0.7999999999999998,0.01042349709711115,0.010062645733957355,0.009692907111852571,-0.0061404630177543,0.0146993732443099,0.004659814753069098,-0.10999999999999988,0.19450245424159462,0.008101153107222136,False,False,False,True,False
2023-02-08,4153.47021484375,4156.85009765625,4111.669921875,4117.85986328125,4029820000,19.6299991607666,3.63,4.45,-0.0110807244761647,0.9699993133544922,0.0519828146455756,-0.8200000000000003,0.011397182137397856,0.010968380037882426,0.010134278032280696,0.0128725105980265,-0.0103546106913104,0.004305822815572379,-0.12000000000000055,0.22372667579222402,0.006495325944882775,False,False,False,True,False
2023-02-09,4144.25,4156.22998046875,4069.669921875,4081.5,4270200000,20.709999084472656,3.67,4.48,-0.0088297961777351,1.079999923706055,0.0550178283178224,-0.8100000000000005,0.00895110414302965,0.011055134773561182,0.01037573576601999,-0.0110807244761647,-0.0061404630177543,-7.82868578601964e-07,-0.12000000000000055,0.18537735860716345,0.008157031806864,False,False,False,False,False
2023-02-10,4068.919921875,4094.360107421875,4060.7900390625,4090.4599609375,3891520000,20.530000686645508,3.74,4.5,0.0021952617756952,-0.1799983978271484,-0.0086913764260908,-0.7599999999999998,0.008773226986765519,0.011050306599405514,0.010088713443272404,-0.0088297961777351,0.0128725105980265,-0.004706616752987602,0.010000000000000231,0.18011435606239298,0.008188532309308619,False,False,False,False,False
2023-02-13,4096.6201171875,4138.89990234375,4092.669921875,4137.2900390625,3448620000,20.34000015258789,3.72,4.52,0.0114486093427661,-0.1900005340576172,-0.0092547748515765,-0.7999999999999994,0.00993591097609857,0.010476430776857249,0.010304828292723268,0.0021952617756952,-0.0110807244761647,-0.002196642259586482,0.010000000000001119,0.2020964307699446,0.008655438826237326,False,False,False,False,False
2023-02-14,4126.7001953125,4159.77001953125,4095.010009765625,4136.1298828125,3929200000,18.90999984741211,3.77,4.6,-0.0002804145319874,-1.4300003051757812,-0.0703048325687372,-0.8299999999999996,0.00810115310722211,0.009747907698195012,0.010302898182262724,0.0114486093427661,-0.0088297961777351,0.001321172212517598,-0.029999999999999805,0.15319280402143223,0.008473550240713106,False,False,False,False,False
2023-02-15,4119.5,4148.10986328125,4103.97998046875,4147.60009765625,4075980000,18.229999542236328,3.81,4.62,0.002773175690496,-0.6800003051757812,-0.0359598260530309,-0.81,0.00649532594488275,0.009304675202386987,0.010271728757640094,-0.0002804145319874,0.0021952617756952,-0.001309412813485182,0.010000000000000231,0.11840978900188828,0.00910609642711624,False,False,False,False,False
2023-02-16,4114.75,4136.5400390625,4089.489990234375,4090.409912109375,4143660000,20.170000076293945,3.86,4.62,-0.0137887414891306,1.9400005340576167,0.1064180242880923,-0.7600000000000002,0.008157031806863977,0.008945835068722903,0.010134254654825895,0.002773175690496,0.0114486093427661,0.0014613672198469578,0.050000000000000266,0.16452733216677856,0.008673074498272277,False,False,False,False,False
2023-02-17,4077.389892578125,4081.510009765625,4047.949951171875,4079.090087890625,4045480000,20.020000457763672,3.82,4.6,-0.0027674058253277,-0.1499996185302734,-0.0074367683670248,-0.7799999999999998,0.008188532309308594,0.008527080011833296,0.009965987908722416,-0.0137887414891306,-0.0002804145319874,0.00046957815756785775,-0.020000000000000018,0.16393442058077068,0.009382981302522733,False,False,False,False,False
2023-02-21,4052.35009765625,4052.35009765625,3995.18994140625,3997.340087890625,4121590000,22.8700008392334,3.95,4.67,-0.0200412342553273,2.8500003814697266,0.1423576581570211,-0.7199999999999998,0.008655438826237292,0.010168230284478512,0.010302409311167793,-0.0027674058253277,0.002773175690496,-0.0005229553626367223,0.07999999999999963,0.19794989321998022,0.005504206080265838,False,False,True,False,False
2023-02-22,4001.830078125,4017.3701171875,3976.89990234375,3991.050048828125,4079320000,22.290000915527344,3.93,4.66,-0.0015735561458868,-0.5799999237060547,-0.0253607303201784,-0.73,0.008473550240713069,0.008777157592339671,0.009978559086251603,-0.0200412342553273,-0.0137887414891306,-0.006820924082255403,0.09999999999999964,0.18887544262326125,0.005671753120360242,False,False,False,False,False
2023-02-23,4018.60009765625,4028.300048828125,3969.18994140625,4012.320068359375,3952940000,21.13999938964844,3.88,4.66,0.0053294294160743,-1.1500015258789027,-0.0515927087772259,-0.7800000000000002,0.009106096427116206,0.00886983772200916,0.01004914471037588,-0.0015735561458868,-0.0027674058253277,-0.007079552405035283,0.029999999999999805,0.19250287291131646,0.006290206144223616,False,False,False,False,False
2023-02-24,3973.239990234375,3978.25,3943.080078125,3970.0400390625,3877700000,21.670000076293945,3.95,4.78,-0.0105375514855581,0.5300006866455043,0.0250709887392441,-0.8300000000000001,0.008673074498272242,0.009004453707484596,0.01029678942632903,0.0053294294160743,-0.0200412342553273,-0.006568301659919622,-0.06999999999999984,0.18794552503926257,0.0075724611835381725,False,False,False,False,False
2023-02-27,3992.360107421875,4018.050048828125,3973.550048828125,3982.239990234375,3836950000,20.950000762939453,3.92,4.78,0.0030730045671669,-0.7199993133544922,-0.0332256257877054,-0.8600000000000003,0.009382981302522703,0.00905611050142959,0.010009230388133832,-0.0105375514855581,-0.0015735561458868,-0.005918063659205122,-0.08000000000000052,0.19657346544649726,0.007678194737904221,False,False,False,False,False
2023-02-28,3977.18994140625,3997.5,3968.97998046875,3970.14990234375,5043400000,20.700000762939453,3.92,4.81,-0.0030360018281855,-0.25,-0.0119331737897714,-0.8899999999999997,0.005504206080265797,0.00775191065433467,0.00998983328885864,0.0030730045671669,0.0053294294160743,-0.004749981580706201,-0.16999999999999993,0.11393707006087797,0.010697133852000277,False,False,False,False,False
2023-03-01,3963.340087890625,3971.72998046875,3939.050048828125,3951.389892578125,4249480000,20.57999992370605,4.01,4.89,-0.00472526484568,-0.1200008392334019,-0.0057971417782866,-0.8799999999999999,0.0056717531203602,0.007647752695535774,0.009674241935833145,-0.0030360018281855,-0.0105375514855581,-0.001348935095277842,-0.1499999999999999,0.11672467878429248,0.0103301159841433,False,False,False,False,False
2023-03-02,3938.679931640625,3990.840087890625,3928.159912109375,3981.35009765625,4244900000,19.59000015258789,4.08,4.89,0.0075821940867943,-0.9899997711181604,-0.0481049453249891,-0.8099999999999996,0.006290206144223581,0.008221507084178702,0.00924684699969611,-0.00472526484568,0.0030730045671669,-0.001979276835236482,-0.02999999999999936,0.12322513932514922,0.012574645447744611,False,False,False,False,False
2023-03-03,3998.02001953125,4048.2900390625,3995.169921875,4045.639892578125,4084730000,18.489999771118164,3.97,4.86,0.0161477371607488,-1.1000003814697266,-0.056151116534035,-0.8900000000000001,0.007572461183538155,0.009483295673708902,0.009655669602268538,0.0075821940867943,-0.0030360018281855,-0.001528723901092482,-0.06000000000000005,0.14001480555042167,0.00850362548608015,False,False,False,False,False
2023-03-06,4055.14990234375,4078.489990234375,4044.610107421875,4048.419921875,4000870000,18.61000061035156,3.98,4.89,0.0006871667698291,0.1200008392333948,0.006490040060511,-0.9099999999999996,0.007678194737904202,0.009477538916793331,0.009024278484229932,0.0161477371607488,-0.00472526484568,0.0038083338281688977,-0.04999999999999927,0.14289120875879532,0.00802289078000047,False,False,False,False,False
2023-03-07,4048.260009765625,4050.0,3980.31005859375,3986.3701171875,3922500000,19.59000015258789,3.97,5.0,-0.0153269191153376,0.9799995422363316,0.0526598339653583,-1.0299999999999998,0.010697133852000261,0.008578852394503813,0.009314623817752506,0.0006871667698291,0.0075821940867943,0.0033311662687013376,-0.14000000000000012,0.2095568537929382,0.012420198290413008,False,False,False,True,False
2023-03-08,3987.550048828125,4000.409912109375,3969.760009765625,3992.010009765625,3535570000,19.11000061035156,3.98,5.05,0.0014147940136839,-0.4799995422363317,-0.024502273532291,-1.0699999999999998,0.010330115984143285,0.008579172079169266,0.009282605653870266,-0.0153269191153376,0.0161477371607488,0.0008729828112709174,-0.18999999999999995,0.19740852276198056,0.012233898404372499,False,False,False,False,False
2023-03-09,3998.659912109375,4017.81005859375,3908.699951171875,3918.320068359375,4445260000,22.61000061035156,3.93,4.9,-0.0184593578738486,3.5,0.1831501773005759,-0.9700000000000002,0.012574645447744594,0.009973323861159464,0.009393174144385145,0.0014147940136839,0.0006871667698291,0.0021009945831436975,-0.1600000000000006,0.28431274124845973,0.01277516655279618,False,False,True,True,False
2023-03-10,3912.77001953125,3934.050048828125,3846.320068359375,3861.590087890625,5518190000,24.799999237060547,3.7,4.6,-0.0144781384570513,2.189998626708988,0.0968597331972798,-0.8999999999999995,0.008503625486080113,0.010360631496282652,0.009561338005262987,-0.0184593578738486,-0.0153269191153376,-0.0031073158089848824,-0.009999999999999343,0.2108899055670354,0.011917457624551556,False,False,True,False,False
2023-03-13,3835.1201171875,3905.050048828125,3808.860107421875,3855.760009765625,6558020000,26.520000457763672,3.55,4.03,-0.0015097610031894,1.720001220703125,0.0693548900651896,-0.4800000000000004,0.008022890780000428,0.01019463121834793,0.009475834303061363,-0.0144781384570513,0.0014147940136839,-0.009232490932544902,0.42999999999999916,0.2127670671581993,0.011874642882085364,False,False,True,False,False
2023-03-14,3894.010009765625,3937.2900390625,3873.6298828125,3919.2900390625,5665870000,23.729999542236328,3.64,4.2,0.0164766554806239,-2.790000915527344,-0.1052036526157215,-0.56,0.01242019829041299,0.011778020426071156,0.010278418253033763,-0.0015097610031894,-0.0184593578738486,-0.009671876487148602,0.46999999999999975,0.29473129974598467,0.011265298701439459,False,False,True,True,False
2023-03-15,3876.739990234375,3894.260009765625,3838.239990234375,3891.929931640625,6594010000,26.13999938964844,3.51,3.93,-0.0069808835654376,2.409999847412113,0.1015592032828582,-0.4200000000000004,0.012233898404372482,0.011864290437423068,0.009873125742224974,0.0164766554806239,-0.0144781384570513,-0.0033111615679563013,0.6499999999999995,0.3197940968233177,0.01356658993516609,False,False,True,True,False
2023-03-16,3878.929931640625,3964.4599609375,3864.110107421875,3960.280029296875,5695790000,22.989999771118164,3.56,4.14,0.0175620062171666,-3.149999618530277,-0.1205049614414945,-0.5799999999999996,0.012775166552796167,0.012951537754898771,0.010784091373289074,-0.0069808835654376,-0.0015097610031894,-0.004990297083780602,0.39000000000000057,0.2937010761247803,0.011385072800986282,False,False,True,True,False
2023-03-17,3958.68994140625,3958.909912109375,3901.27001953125,3916.639892578125,9354280000,25.51000022888184,3.39,3.81,-0.0110194573100675,2.5200004577636754,0.1096128961658144,-0.4199999999999999,0.011917457624551545,0.01200011307065783,0.010892336753436035,0.0175620062171666,0.0164766554806239,0.002213975734422438,0.4799999999999996,0.30401434672999955,0.010200799197447376,False,False,True,True,False
2023-03-20,3917.469970703125,3956.6201171875,3916.889892578125,3951.570068359375,5347140000,24.14999961853028,3.47,3.92,0.00891840371831,-1.3600006103515625,-0.0533124499470525,-0.4499999999999997,0.011874642882085356,0.012507576721495576,0.010861467804224867,-0.0110194573100675,-0.0069808835654376,0.0029057119638191986,0.03000000000000075,0.28677262107254464,0.009734278240196763,False,False,True,True,False
2023-03-21,3975.889892578125,4009.080078125,3971.18994140625,4002.8701171875,4920240000,21.3799991607666,3.59,4.17,0.0129821938977849,-2.7700004577636754,-0.1146998137274609,-0.5800000000000001,0.011265298701439448,0.01245142069302063,0.011289192063229219,0.00891840371831,0.0175620062171666,0.004991344908119078,-0.020000000000000018,0.2408520767825605,0.00780872022956164,False,False,False,True,False
2023-03-22,4002.0400390625,4039.489990234375,3936.169921875,3936.969970703125,4533010000,22.26000022888184,3.48,3.96,-0.0164632237757136,0.8800010681152379,0.0411600141561316,-0.48,0.01356658993516608,0.013435014157426465,0.011021857833037668,0.0129821938977849,-0.0110194573100675,0.004292452591551278,-0.05999999999999961,0.30199229506194303,0.005355443361151623,False,False,False,True,False
2023-03-23,3959.2099609375,4007.659912109375,3919.050048828125,3948.719970703125,4991600000,22.61000061035156,3.38,3.76,0.0029845287333754,0.3500003814697194,0.0157232874155859,-0.3799999999999999,0.011385072800986265,0.012177042700403786,0.011046654824079672,-0.0164632237757136,0.00891840371831,0.0023959845494960774,0.19999999999999973,0.2574165029791964,0.0053031663614473016,False,False,True,True,False
2023-03-24,3939.2099609375,3972.739990234375,3909.159912109375,3970.989990234375,4583970000,21.739999771118164,3.38,3.76,0.0056398072531045,-0.8700008392333949,-0.0384785853935395,-0.3799999999999999,0.010200799197447364,0.011092485282341621,0.01105457777263627,0.0029845287333754,0.0129821938977849,-0.0005195109472621623,0.03999999999999998,0.22176537221772805,0.0065029039732285455,False,False,False,False,False
2023-03-27,3982.929931640625,4003.830078125,3970.489990234375,3977.530029296875,4233540000,20.600000381469727,3.53,3.94,0.0016469543057482,-1.1399993896484375,-0.0524378749609252,-0.4100000000000001,0.009734278240196745,0.011008263369207464,0.010826341714500294,0.0056398072531045,-0.0164632237757136,0.0028123419653722378,0.03999999999999959,0.2005261354613854,0.006217405801275396,False,False,False,False,False
2023-03-28,3974.1298828125,3979.199951171875,3951.530029296875,3971.27001953125,4014600000,19.96999931335449,3.55,4.02,-0.0015738434957162,-0.6300010681152379,-0.0305825755557723,-0.4699999999999997,0.0078087202295616135,0.010123453778907375,0.01081178315239131,0.0016469543057482,0.0029845287333754,0.0013580520828598776,0.11000000000000038,0.15594013762252273,0.0075169552584312726,False,False,False,False,False
2023-03-29,3999.530029296875,4030.590087890625,3999.530029296875,4027.81005859375,4145250000,19.1200008392334,3.57,4.08,0.0142372688798364,-0.8499984741210902,-0.0425637708236009,-0.5100000000000002,0.005355443361151603,0.010371433985369171,0.011204973404196206,-0.0015738434957162,0.0056398072531045,-0.0015531553958403423,-0.03000000000000025,0.10239608155968559,0.007016343987838851,False,False,False,False,False
2023-03-30,4046.739990234375,4057.85009765625,4032.10009765625,4050.830078125,3930860000,19.020000457763672,3.55,4.1,0.0057152693886679,-0.1000003814697265,-0.0052301452447914,-0.5499999999999998,0.005303166361447283,0.009319855471880663,0.011182622104144222,0.0142372688798364,0.0016469543057482,0.004586943135269658,-0.16999999999999993,0.10086622662232424,0.006909054621499908,False,False,False,False,False
2023-03-31,4056.179931640625,4110.75,4056.179931640625,4109.31005859375,4525120000,18.700000762939453,3.48,4.06,0.0144365424717638,-0.3199996948242187,-0.0168243789233769,-0.5799999999999996,0.006502903973228536,0.008793965471920016,0.01145938217557089,0.0057152693886679,-0.0015738434957162,0.0051330912663281585,-0.19999999999999973,0.12160430926069563,0.0036688211838579706,False,False,False,False,False
2023-04-03,4102.2001953125,4127.66015625,4098.7900390625,4124.509765625,4234700000,18.549999237060547,3.43,3.97,0.0036988464765423,-0.1500015258789062,-0.0080214716448667,-0.54,0.006217405801275386,0.00869144467838268,0.011003004708039369,0.0144365424717638,0.0142372688798364,0.0068924383100600175,-0.12999999999999995,0.11533287287015423,0.0031875126784700492,False,False,False,False,False
2023-04-04,4128.02978515625,4133.1298828125,4086.8701171875,4100.60009765625,4227800000,19.0,3.35,3.84,-0.0057969720833299,0.4500007629394531,0.0242588022343639,-0.4899999999999997,0.007516955258431264,0.008647877304048878,0.011097475760066344,0.0036988464765423,0.0057152693886679,0.007302816744218839,-0.020000000000000018,0.142822149910194,0.0026921243400568964,False,False,False,False,False
2023-04-05,4094.5,4099.68994140625,4072.56005859375,4090.3798828125,3968020000,19.07999992370605,3.3,3.79,-0.0024923705312281,0.0799999237060511,0.0042105223003183,-0.4900000000000002,0.007016343987838834,0.006284791050138392,0.010538921036631434,-0.0057969720833299,0.0144365424717638,0.006458191026696097,0.020000000000000018,0.13387184275266037,0.005821878407336794,False,False,False,False,False
2023-04-06,4081.14990234375,4107.31982421875,4069.840087890625,4105.02001953125,3486690000,18.39999961853028,3.3,3.82,0.0035791630944272,-0.6800003051757741,-0.0356394291349499,-0.52,0.006909054621499889,0.006279135374604225,0.010550284770429583,-0.0024923705312281,0.0036988464765423,0.003112263144483198,0.029999999999999805,0.12712660240000284,0.006089827368119265,False,False,False,False,False
2023-04-10,4085.199951171875,4109.5,4072.550048828125,4109.10986328125,3423650000,18.96999931335449,3.41,4.0,0.0009963029974375,0.5699996948242116,0.030978244926167,-0.5899999999999999,0.0036688211838579246,0.006305615955018724,0.009576190249930115,0.0035791630944272,-0.0057969720833299,0.002685041885635058,-0.010000000000000231,0.06959753533860523,0.006113870428165696,False,False,False,False,False
2023-04-11,4110.2900390625,4124.259765625,4102.60986328125,4108.93994140625,3665830000,19.100000381469727,3.43,4.03,-4.1352477946232646e-05,0.1300010681152379,0.0068529822256619,-0.6000000000000001,0.0031875126784699924,0.006373724300389722,0.008835713531393653,0.0009963029974375,-0.0024923705312281,-3.0060092302022083e-06,-0.06000000000000005,0.06088149337471645,0.0060624049351115025,False,False,False,False,False
2023-04-12,4121.72021484375,4134.3701171875,4086.93994140625,4091.949951171875,3633120000,19.09000015258789,3.41,3.95,-0.0041348840520069,-0.0100002288818359,-0.0005235721823093,-0.54,0.002692124340056831,0.006610501914216232,0.008916827312593191,-4.1352477946232646e-05,0.0035791630944272,-0.0007510458001279087,-0.05000000000000032,0.051392654062470476,0.0053891225769600835,False,False,False,False,False
2023-04-13,4100.0400390625,4150.259765625,4099.39990234375,4146.22021484375,3596590000,17.799999237060547,3.45,3.96,0.0132626899936381,-1.2900009155273438,-0.0675746938300819,-0.5099999999999998,0.005821878407336772,0.006449631976379422,0.008707172590485554,-0.0041348840520069,0.0009963029974375,-0.00041862819386330864,-0.019999999999999574,0.10362943120885382,0.0031071534189325463,False,False,False,False,False
2023-04-14,4140.10986328125,4163.18994140625,4113.2001953125,4137.64013671875,3575690000,17.06999969482422,3.52,4.08,-0.0020693734728036,-0.7299995422363281,-0.0410112119958089,-0.56,0.00608982736811924,0.006534783487027981,0.008507075171967462,0.0132626899936381,-4.1352477946232646e-05,0.002732383911109931,-0.040000000000000036,0.1039533513153276,0.0030896182055592286,False,False,False,False,False
2023-04-17,4137.169921875,4151.72021484375,4123.18017578125,4151.31982421875,3611180000,16.950000762939453,3.6,4.18,0.0033061569029655,-0.1199989318847656,-0.0070298145301754,-0.5799999999999996,0.006113870428165673,0.005146710393930184,0.007858499537420478,-0.0020693734728036,-0.0041348840520069,0.0016026765976637713,0.010000000000000231,0.10363010842192111,0.002659460361124177,False,False,False,False,False
2023-04-18,4164.259765625,4169.47998046875,4140.35986328125,4154.8701171875,3536640000,16.829999923706055,3.58,4.19,0.0008552202959737,-0.1200008392333984,-0.0070796952113285,-0.6100000000000003,0.006062404935111481,0.005069419411287543,0.007287929513343828,0.0033061569029655,0.0132626899936381,0.0020646473787693715,-0.010000000000000231,0.10203027459540143,0.00642213658354799,False,False,False,False,False
2023-04-19,4139.330078125,4162.56982421875,4134.490234375,4154.52001953125,3572560000,16.459999084472656,3.6,4.24,-8.42619976980652e-05,-0.3700008392333984,-0.0219846013613006,-0.6400000000000001,0.005389122576960061,0.004600002649130423,0.007181914176840352,0.0008552202959737,-0.0020693734728036,0.002243961933553358,-0.10000000000000009,0.08870495268287353,0.006131050524787635,False,False,False,False,False
2023-04-20,4130.47998046875,4148.56982421875,4114.56982421875,4129.7900390625,3772080000,17.170000076293945,3.54,4.14,-0.0059525481529729,0.7100009918212891,0.0431349350736636,-0.5999999999999996,0.003107153418932488,0.0049874144881569445,0.0069843385712484,-8.42619976980652e-05,0.0033061569029655,0.003054086344415125,-0.08999999999999986,0.05334982444012781,0.011389083399058428,False,False,False,False,False
2023-04-21,4132.14013671875,4138.02001953125,4113.85986328125,4133.52001953125,3611750000,16.770000457763672,3.57,4.17,0.0009031888869577,-0.3999996185302734,-0.0232964249710482,-0.6000000000000001,0.0030896182055591727,0.004911545983718563,0.00572090807566654,-0.0059525481529729,0.0008552202959737,-0.0007889612849070752,-0.040000000000000036,0.0518128987215423,0.011833382238979891,False,False,False,False,False
2023-04-24,4132.06982421875,4142.41015625,4117.77001953125,4137.0400390625,3290940000,16.889999389648438,3.52,4.12,0.0008515791660903,0.1199989318847656,0.0071555711752655,-0.6000000000000001,0.00265946036112411,0.004910876872177842,0.005727473903037724,0.0009031888869577,-8.42619976980652e-05,-0.00019444881295481523,-0.020000000000000462,0.04491828387618043,0.011863618437696387,False,False,False,False,False
2023-04-25,4126.43017578125,4126.43017578125,4071.3798828125,4071.6298828125,3978640000,18.76000022888184,3.4,3.86,-0.0158108588827732,1.870000839233402,0.1107164539259539,-0.4599999999999999,0.006422136583547954,0.006985925452569698,0.006835242199906373,0.0008515791660903,-0.0059525481529729,-0.0006853643603298551,0.1500000000000004,0.12047928377727005,0.010688938487828774,False,False,False,False,False
2023-04-26,4087.780029296875,4089.669921875,4049.35009765625,4055.989990234375,3837030000,18.84000015258789,3.43,3.9,-0.0038411871973298,0.0799999237060511,0.0042643882052244,-0.4699999999999997,0.006131050524787597,0.006972815581009672,0.006918177190475153,-0.0158108588827732,0.0009031888869577,-0.004018580196079235,0.17000000000000043,0.11550899282252239,0.011123458015102297,False,False,False,False,False
2023-04-27,4075.2900390625,4138.240234375,4075.2900390625,4135.35009765625,3750550000,17.030000686645508,3.53,4.07,0.019566149722497,-1.8099994659423828,-0.0960721577114084,-0.5400000000000005,0.011389083399058416,0.008366477475024591,0.007939667139056231,-0.0038411871973298,0.0008515791660903,-0.004769965236005582,0.059999999999999165,0.19395609810622777,0.006917381147985751,False,False,False,True,False
2023-04-28,4129.6298828125,4170.06005859375,4127.18017578125,4169.47998046875,4087800000,15.779999732971191,3.44,4.04,0.0082532027534605,-1.2500009536743164,-0.0733999356003863,-0.6000000000000001,0.011833382238979881,0.008705490488602198,0.007593814774015403,0.019566149722497,-0.0158108588827732,0.0003337743390883982,0.0,0.18673076857124857,0.010629112799772031,False,False,False,True,False
2023-05-01,4166.7900390625,4186.919921875,4164.1201171875,4167.8701171875,3321370000,16.079999923706055,3.59,4.14,-0.0003861064902076,0.3000001907348633,0.0190114192529442,-0.5499999999999998,0.011863618437696379,0.0086697914294251,0.0075503168582770125,0.0082532027534605,-0.0038411871973298,0.0018037771123889583,0.050000000000000266,0.1907669835730355,0.010652621153314744,False,False,False,True,False
2023-05-02,4164.10009765625,4164.10009765625,4089.719970703125,4119.580078125,4486130000,17.780000686645508,3.44,3.97,-0.0115862629364003,1.7000007629394531,0.1057214409829203,-0.5300000000000002,0.010688938487828762,0.00938359662019635,0.007441364187929454,-0.0003861064902076,0.019566149722497,0.0015562399811293785,-0.07000000000000034,0.19004933365310697,0.009628862101145224,False,False,False,True,False
2023-05-03,4122.25,4148.2998046875,4088.860107421875,4090.75,4246510000,18.34000015258789,3.38,3.89,-0.0069983050646564,0.5599994659423828,0.0314960317387948,-0.5100000000000002,0.011123458015102285,0.009557848665977321,0.007546149477550329,-0.0115862629364003,0.0082532027534605,0.0024011591704039587,-0.040000000000000535,0.2040042216942809,0.009030360765079012,False,False,False,True,False
2023-05-04,4082.550048828125,4082.610107421875,4048.280029296875,4061.219970703125,4920090000,20.09000015258789,3.37,3.75,-0.0072187323343824,1.75,0.0954198465343558,-0.3799999999999999,0.006917381147985718,0.009624150937467336,0.007600779598401371,-0.0069983050646564,-0.0003861064902076,0.0017697355969386384,0.1600000000000006,0.13897018831854166,0.008084010902983453,False,False,False,False,False
2023-05-05,4084.72998046875,4147.02001953125,4084.72998046875,4136.25,4186270000,17.190000534057617,3.44,3.92,0.0184747513895153,-2.899999618530273,-0.144350403011655,-0.48,0.010629112799772014,0.011371174126069156,0.008578588956788874,-0.0072187323343824,-0.0115862629364003,-0.003587240814437242,0.1200000000000001,0.18271445470463957,0.002998591998903956,False,False,False,True,False
2023-05-08,4136.97998046875,4142.2998046875,4123.81005859375,4138.1201171875,3641640000,16.979999542236328,3.52,4.0,0.0004521286642489,-0.210000991821289,-0.0122164622045953,-0.48,0.010652621153314725,0.011369272106481027,0.00855212480712473,0.0184747513895153,-0.0069983050646564,-0.001542931087226282,0.06999999999999984,0.18088150230690106,0.003321998168785367,False,False,False,True,False
2023-05-09,4124.25,4130.35009765625,4116.64990234375,4119.169921875,3810140000,17.709999084472656,3.53,4.01,-0.0045794212772585,0.7299995422363281,0.0429917292059116,-0.48,0.009628862101145207,0.010241798712571836,0.008616388972614039,0.0004521286642489,-0.0072187323343824,-0.0013752840563349819,0.050000000000000266,0.17052713899579508,0.003845393236972283,False,False,False,False,False
2023-05-10,4143.740234375,4154.27978515625,4098.919921875,4137.64013671875,4057160000,16.940000534057617,3.43,3.9,0.0044839652634049,-0.7699985504150391,-0.0434781812659798,-0.4699999999999997,0.009030360765078996,0.010134878617877032,0.00866527244317726,-0.0045794212772585,0.0184747513895153,2.608427549337794e-05,0.040000000000000535,0.15297431618317114,0.006177583790902761,False,False,False,False,False
2023-05-11,4132.240234375,4132.7998046875,4109.2900390625,4130.6201171875,3752900000,16.93000030517578,3.39,3.89,-0.0016966239932159,-0.0100002288818359,-0.0005903322648502,-0.5,0.008084010902983439,0.00830062951902433,0.008620366389329255,0.0044839652634049,0.0004521286642489,0.002322538341105638,-0.1200000000000001,0.13686230705455396,0.0067702213427962565,False,False,False,False,False
2023-05-12,4138.5400390625,4143.740234375,4099.1201171875,4124.080078125,3533740000,17.030000686645508,3.46,3.98,-0.0015833068345566,0.1000003814697265,0.0059066969679353,-0.52,0.002998591998903895,0.007823961357266323,0.008138792083231941,-0.0016966239932159,-0.0045794212772585,0.0034269600093389378,-0.040000000000000036,0.051066023800303055,0.0067507252798087525,False,False,False,False,False
2023-05-15,4126.64990234375,4141.25,4110.27001953125,4136.27978515625,3562170000,17.1200008392334,3.5,3.99,0.0029581644391338,0.0900001525878906,0.0052848002911982,-0.4900000000000002,0.0033219981687853143,0.007916704933692799,0.008154855553492041,-0.0015833068345566,0.0044839652634049,-0.0005846516354754423,-0.010000000000000231,0.05687261143753639,0.006870674204519545,False,False,False,False,False
2023-05-16,4127.9501953125,4135.5400390625,4109.85986328125,4109.89990234375,3654200000,17.989999771118164,3.54,4.06,-0.006377683373153,0.8699989318847656,0.0508176921283214,-0.5199999999999996,0.003845393236972236,0.007335260731473396,0.008229308935442582,0.0029581644391338,-0.0016966239932159,-8.344448049846225e-05,-0.03999999999999959,0.06917862345298986,0.008283478537424333,False,False,False,False,False
2023-05-17,4122.85009765625,4164.669921875,4113.6201171875,4158.77001953125,4039080000,16.8700008392334,3.57,4.12,0.0118908290587882,-1.1199989318847656,-0.0622567507578768,-0.5500000000000003,0.006177583790902735,0.007763202370866777,0.00863769532161964,-0.006377683373153,-0.0015833068345566,-0.00044309689967736226,-0.08000000000000057,0.10421584373696378,0.007060365429011305,False,False,False,False,False
2023-05-18,4157.68017578125,4202.2001953125,4153.5,4198.0498046875,3980500000,16.049999237060547,3.65,4.24,0.0094450486494266,-0.8200016021728516,-0.0486070872187409,-0.5900000000000003,0.006770221342796238,0.007456540260420832,0.00886438373275007,0.0118908290587882,0.0029581644391338,0.0010382758593992978,-0.0900000000000003,0.10866204738661066,0.006837827662381105,False,False,False,False,False
2023-05-19,4204.14990234375,4212.91015625,4180.2001953125,4191.97998046875,4041900000,16.809999465942383,3.7,4.28,-0.0014458676054706,0.7600002288818359,0.0473520414335562,-0.5800000000000001,0.006750725279808734,0.005571633335626525,0.008758631430503835,0.0094450486494266,-0.006377683373153,0.003266610387927798,-0.06000000000000005,0.11347968834830857,0.009210352594621692,False,False,False,False,False
2023-05-22,4190.77978515625,4209.22021484375,4179.68017578125,4192.6298828125,3728520000,17.209999084472656,3.72,4.29,0.0001550346964389,0.3999996185302734,0.0237953379677784,-0.5699999999999998,0.0068706742045195265,0.005577156349364704,0.008759458315379231,-0.0014458676054706,0.0118908290587882,0.003294098233744998,-0.07999999999999963,0.11824429676949094,0.009212109591195599,False,False,False,False,False
2023-05-23,4176.7998046875,4185.68017578125,4142.5400390625,4145.580078125,4155320000,18.530000686645508,3.7,4.26,-0.0112220267475501,1.3200016021728516,0.0766996904354162,-0.5599999999999996,0.008283478537424315,0.006551337138243557,0.00912039307053039,0.0001550346964389,0.0094450486494266,0.002733472285206018,-0.040000000000000036,0.1534928629862859,0.008046771419386497,False,False,False,False,False
2023-05-24,4132.9599609375,4132.9599609375,4103.97998046875,4115.240234375,0,20.030000686645508,3.73,4.31,-0.0073186003353533,1.5,0.0809498081174409,-0.5799999999999996,0.007060365429011275,0.006814126969354492,0.00857622772448406,-0.0112220267475501,-0.0014458676054706,0.0017646036103265979,-0.02999999999999936,0.14141912439106405,0.0070801685577472455,False,False,False,False,False
2023-05-25,4155.7099609375,4165.740234375,4129.72998046875,4151.27978515625,4147760000,19.13999938964844,3.83,4.5,0.0087575812659024,-0.8900012969970668,-0.0444334132045463,-0.6699999999999999,0.006837827662381074,0.007335345293206648,0.00868841173893991,-0.0073186003353533,0.0001550346964389,-0.002077282268501702,-0.07999999999999963,0.130876017284495,0.00799300125521712,False,False,False,False,False
2023-05-26,4156.16015625,4212.8701171875,4156.16015625,4205.4501953125,3715460000,17.950000762939453,3.8,4.54,0.0130490867779973,-1.189998626708988,-0.0621733889580257,-0.7400000000000002,0.009210352594621675,0.008179505841566171,0.008122840895585244,0.0087575812659024,-0.0112220267475501,-0.002214775745206542,-0.16000000000000014,0.16532583610040044,0.007701889310853359,False,False,False,False,False
2023-05-30,4226.7099609375,4231.10009765625,4192.18017578125,4205.52001953125,4228510000,17.459999084472656,3.69,4.46,1.660326849850513e-05,-0.4900016784667969,-0.0272981424869062,-0.77,0.00921210959119558,0.008192251649268638,0.00795217502855114,0.0130490867779973,-0.0073186003353533,0.0006842151314870384,-0.20000000000000018,0.1608434250283366,0.007560563408201994,False,False,False,False,False
2023-05-31,4190.740234375,4195.43994140625,4166.14990234375,4179.830078125,5980670000,17.940000534057617,3.64,4.4,-0.0061086242098339,0.4800014495849609,0.0274914933994372,-0.7600000000000002,0.008046771419386478,0.008166094324870986,0.008072994273718999,1.660326849850513e-05,0.0087575812659024,0.0006565288458989594,-0.20000000000000062,0.14435908356123298,0.006997956016291091,False,False,False,False,False
2023-06-01,4183.02978515625,4232.43017578125,4171.64013671875,4221.02001953125,4391860000,15.649999618530272,3.61,4.33,0.0098544535630327,-2.290000915527345,-0.1276477618370171,-0.7200000000000002,0.0070801685577472325,0.007932008688617027,0.007875131638357048,-0.0061086242098339,0.0130490867779973,0.0016792093534421994,-0.14000000000000057,0.11080463522787422,0.0065428493702544286,False,False,False,False,False
2023-06-02,4241.009765625,4290.669921875,4241.009765625,4282.3701171875,4454200000,14.600000381469728,3.69,4.5,0.0145344247059655,-1.049999237060543,-0.0670926046424499,-0.81,0.007993001255217113,0.008562499155847308,0.008139618540345454,0.0098544535630327,1.660326849850513e-05,0.005113820133119399,-0.14000000000000012,0.11669782137525786,0.003484272871629779,False,False,False,False,False
2023-06-05,4282.990234375,4299.27978515625,4266.81982421875,4273.7900390625,3813290000,14.729999542236328,3.69,4.46,-0.0020035816359177,0.1299991607665998,0.0089040518746557,-0.77,0.007701889310853343,0.00858672127614372,0.007924717539572202,0.0145344247059655,-0.0061086242098339,0.0062691888211320185,-0.029999999999999805,0.1134488260232246,0.004480334688041004,False,False,False,False,False
2023-06-06,4271.33984375,4288.330078125,4263.08984375,4283.85009765625,3996560000,13.960000038146973,3.7,4.51,0.0023538963079141,-0.7699995040893555,-0.0522742381546912,-0.8099999999999996,0.0075605634082019785,0.008565519771146947,0.00707142126735553,-0.0020035816359177,0.0098544535630327,0.003258655138349019,-0.03999999999999959,0.10554546546691222,0.004708619988920123,False,False,False,False,False
2023-06-07,4285.47021484375,4299.18994140625,4263.9599609375,4267.52001953125,4537800000,13.9399995803833,3.79,4.56,-0.0038120096998572,-0.0200004577636718,-0.0014326975436259,-0.7699999999999996,0.006997956016291076,0.00764403382738343,0.007164827669983596,0.0023538963079141,0.0145344247059655,0.0037261137462321374,-0.009999999999999343,0.0975515039306384,0.0033485724967906357,False,False,False,False,False
2023-06-08,4268.68994140625,4298.009765625,4261.06982421875,4293.93017578125,3826740000,13.649999618530272,3.73,4.52,0.0061886426142414,-0.2899999618530291,-0.0208034412182568,-0.7899999999999996,0.00654284937025441,0.006867242230416323,0.007096896840531402,-0.0038120096998572,-0.0020035816359177,0.004185436648227478,-0.0699999999999994,0.08930989140807373,0.004481444970530355,False,False,False,False,False
2023-06-09,4304.8798828125,4322.6201171875,4291.7001953125,4298.85986328125,3786510000,13.829999923706056,3.75,4.59,0.001148059539441,0.1800003051757848,0.0131868359125395,-0.8399999999999999,0.0034842728716297316,0.006749862001585061,0.00707695312999201,0.0061886426142414,0.0023538963079141,0.003452274458469218,-0.029999999999999805,0.04818749354881027,0.005771299790455864,False,False,False,False,False
2023-06-12,4308.31982421875,4340.1298828125,4304.3701171875,4338.93017578125,3945670000,15.010000228881836,3.73,4.55,0.0093211488102371,1.1800003051757797,0.0853217868174487,-0.8199999999999998,0.004480334688040976,0.006301444849631288,0.007202107298444139,0.001148059539441,-0.0038120096998572,0.000775001425164318,-0.04999999999999982,0.06724982469296227,0.006424679511245052,False,False,False,False,False
2023-06-13,4352.60986328125,4375.3701171875,4349.31005859375,4369.009765625,4275400000,14.609999656677246,3.84,4.67,0.0069324899514737,-0.4000005722045898,-0.0266489384480433,-0.8300000000000001,0.004708619988920098,0.0062991891709930714,0.007207755018337683,0.0093211488102371,0.0061886426142414,0.003039947514395278,-0.020000000000000462,0.06879293642154626,0.006516254186241351,False,False,False,False,False
2023-06-14,4366.2900390625,4391.81982421875,4337.85009765625,4372.58984375,4252110000,13.880000114440918,3.83,4.74,0.0008194255259321,-0.7299995422363281,-0.0499657467070983,-0.91,0.003348572496790607,0.005496675990411516,0.007219576075080286,0.0069324899514737,0.001148059539441,0.003955666243107198,-0.14000000000000046,0.04647818663866734,0.006700616406754817,False,False,False,False,False
2023-06-15,4365.330078125,4439.2001953125,4362.60009765625,4425.83984375,4176690000,14.5,3.72,4.62,0.0121781374203466,0.619999885559082,0.0446685792829373,-0.8999999999999999,0.004481444970530339,0.005759527299599075,0.007193000540103194,0.0008194255259321,0.0093211488102371,0.004881953288265057,-0.11000000000000032,0.0649809520726899,0.003844223080317523,False,False,False,False,False
2023-06-16,4440.9501953125,4448.47021484375,4407.43994140625,4409.58984375,6848600000,13.539999961853027,3.77,4.7,-0.0036716195284263,-0.9600000381469728,-0.0662068991825498,-0.9300000000000002,0.005771299790455848,0.005237834966880976,0.007097440323442182,0.0121781374203466,0.0069324899514737,0.006079852249486098,-0.0900000000000003,0.07814339894261457,0.0038644306355521533,False,False,False,False,False
2023-06-20,4396.10986328125,4400.14990234375,4367.18994140625,4388.7099609375,4055790000,13.880000114440918,3.74,4.68,-0.0047351076976228,0.3400001525878906,0.0251107942057453,-0.9399999999999996,0.006424679511245031,0.005550685805748951,0.007109332944416965,-0.0036716195284263,0.0008194255259321,0.005115916435912638,-0.11999999999999977,0.08917455235132725,0.0070755806262990965,False,False,False,False,False
2023-06-21,4380.009765625,4386.22021484375,4360.14013671875,4365.68994140625,3709330000,13.199999809265137,3.72,4.68,-0.0052452815830036,-0.6800003051757812,-0.0489913760496515,-0.9599999999999996,0.006516254186241323,0.006040804516056003,0.007245392940232969,-0.0047351076976228,0.0121781374203466,0.002304665134340658,-0.12999999999999956,0.0860145540155086,0.006670810667241642,False,False,False,False,False
2023-06-22,4355.39990234375,4382.25,4351.81982421875,4381.89013671875,3511000000,12.90999984741211,3.8,4.77,0.0037107984144384,-0.2899999618530273,-0.0219696943972282,-0.9699999999999998,0.006700616406754792,0.005742120433765253,0.007242745271404416,-0.0052452815830036,-0.0036716195284263,-0.00013088917255480223,-0.05999999999999972,0.08650495678877143,0.0067499795444306634,False,False,False,False,False
2023-06-23,4354.169921875,4366.5498046875,4341.33984375,4348.330078125,6053620000,13.4399995803833,3.74,4.71,-0.0076588087666845,0.5299997329711914,0.0410534267417077,-0.9699999999999998,0.0038442230803174596,0.006361604298848491,0.006964324154702653,0.0037107984144384,-0.0047351076976228,0.00044738540514645774,-0.06999999999999984,0.05166635658636646,0.006525646548355273,False,False,False,False,False
2023-06-26,4344.83984375,4362.06005859375,4328.080078125,4328.81982421875,3415030000,14.25,3.72,4.65,-0.0044868382932564,0.8100004196166992,0.0602678902459905,-0.9300000000000002,0.0038644306355520896,0.0065936563957699175,0.0068022996194927205,-0.0076588087666845,-0.0052452815830036,-0.003520003832259762,0.0,0.05506813655661728,0.005194216727120324,False,False,False,False,False
2023-06-27,4337.35986328125,4384.419921875,4335.0,4378.41015625,3573500000,13.739999771118164,3.77,4.74,0.011455854954693,-0.5100002288818359,-0.0357894897460937,-0.9700000000000002,0.007075580626299069,0.006896385961379166,0.006944504334139023,-0.0044868382932564,0.0037107984144384,-0.003683047585225782,-0.030000000000000582,0.09721847618587733,0.0050457189731034175,False,False,False,False,False
2023-06-28,4367.47998046875,4390.35009765625,4360.22021484375,4376.85986328125,3739330000,13.43000030517578,3.71,4.71,-0.0003540766884383,-0.3099994659423846,-0.0225618246802311,-1.0,0.006670810667241615,0.00660234482134738,0.006556599455832725,0.011455854954693,-0.0076588087666845,-0.00044485505476262214,-0.04000000000000037,0.08958898929682474,0.0067183368714451765,False,False,False,False,False
2023-06-29,4374.93994140625,4398.39013671875,4371.97021484375,4396.43994140625,3696660000,13.539999961853027,3.85,4.87,0.0044735446728059,0.1099996566772478,0.0081905922693727,-1.02,0.006749979544430637,0.006726400860685092,0.006563501511303827,-0.0003540766884383,-0.0044868382932564,0.000533385924150438,-0.050000000000000266,0.09139472277409955,0.006732825837912422,False,False,False,False,False
2023-06-30,4422.43994140625,4458.47998046875,4422.43994140625,4450.3798828125,3923450000,13.59000015258789,3.81,4.87,0.0122690044957141,0.0500001907348632,0.0036927762832887,-1.06,0.0065256465483552566,0.006742123689640179,0.0066304624763113785,0.0044735446728059,0.011455854954693,0.000685935175823938,-0.0900000000000003,0.08868353758788258,0.003609670060824791,False,False,False,False,False
2023-07-03,4450.47998046875,4456.4599609375,4442.2900390625,4455.58984375,2034280000,13.56999969482422,3.86,4.94,0.0011706778016009,-0.0200004577636701,-0.0014717040131791,-1.0800000000000003,0.005194216727120308,0.006591899228385459,0.006459474872731809,0.0122690044957141,-0.0003540766884383,0.0046714978283036585,-0.15000000000000013,0.07048551940187345,0.004969633614666872,False,False,False,False,False
2023-07-05,4442.0400390625,4454.06005859375,4436.60986328125,4446.81982421875,3482620000,14.18000030517578,3.95,4.94,-0.0019683184132291,0.610000610351559,0.0449521462100122,-0.9900000000000002,0.005045718973103392,0.006398073225769013,0.0059428786489204395,0.0011706778016009,0.0044735446728059,0.005803001047275118,-0.020000000000000018,0.07154829657843732,0.005839218559433736,False,False,False,False,False
2023-07-06,4422.6201171875,4422.6201171875,4385.0498046875,4411.58984375,3682020000,15.4399995803833,4.05,4.99,-0.0079225113365009,1.2599992752075213,0.0888574928131429,-0.9400000000000004,0.006718336871445154,0.006716002752404929,0.0062496739034351165,-0.0019683184132291,0.0122690044957141,0.0031181663736906977,0.05999999999999961,0.10373111847598683,0.0041922759400220165,False,False,False,False,False
2023-07-07,4404.5400390625,4440.39013671875,4397.39990234375,4398.9501953125,3630480000,14.829999923706056,4.06,4.94,-0.0028651005386203,-0.6099996566772443,-0.0395077508585075,-0.8800000000000008,0.006732825837912396,0.0067469982055692055,0.006315462528739136,-0.0079225113365009,0.0011706778016009,0.0016044794440781781,0.13999999999999924,0.099847806662567,0.0035698841883517033,False,False,False,False,False
2023-07-10,4394.22998046875,4412.60009765625,4389.919921875,4409.52978515625,3429600000,15.06999969482422,4.01,4.85,0.0024050260571313,0.239999771118164,0.0161833966522495,-0.8399999999999999,0.003609670060824732,0.006196282737006127,0.0062145859487328006,-0.0028651005386203,-0.0019683184132291,0.0001367504017929382,0.2200000000000002,0.054397726715044836,0.0034191699112692017,False,False,False,False,False
2023-07-11,4415.5498046875,4443.64013671875,4408.4599609375,4439.259765625,3624220000,14.84000015258789,3.99,4.88,0.0067422110558885,-0.2299995422363299,-0.0152620800858624,-0.8899999999999997,0.004969633614666833,0.006040002468272818,0.006235221292102994,0.0024050260571313,-0.0079225113365009,-0.0018360452859236217,0.1900000000000006,0.07374936359996172,0.0034584631572396308,False,False,False,False,False
2023-07-12,4467.68994140625,4488.33984375,4463.22998046875,4472.16015625,3920290000,13.539999961853027,3.86,4.72,0.0074112334853124,-1.3000001907348633,-0.0876010901191373,-0.8599999999999999,0.005839218559433708,0.005544564491095662,0.006354844714070136,0.0067422110558885,-0.0028651005386203,-0.0007217386350661019,0.13000000000000034,0.07906301907198389,0.003392379211345219,False,False,False,False,False
2023-07-13,4491.5,4517.3798828125,4489.35986328125,4510.0400390625,3839530000,13.609999656677246,3.76,4.59,0.0084701534580691,0.0699996948242187,0.0051698445362948,-0.8300000000000001,0.004192275940021991,0.005775407212252781,0.006309972064271346,0.0074112334853124,0.0024050260571313,0.0011541717446421982,0.11000000000000032,0.05705687410439558,0.004724944667983206,False,False,False,False,False
2023-07-14,4514.60986328125,4527.759765625,4499.56005859375,4505.419921875,3647450000,13.34000015258789,3.83,4.74,-0.0010244071333035,-0.2699995040893554,-0.0198383182145702,-0.91,0.0035698841883516756,0.005871622371974026,0.006232629970315263,0.0084701534580691,0.0067422110558885,0.004432704703556198,-0.02999999999999925,0.04762225561733245,0.004633015637005912,False,False,False,False,False
2023-07-17,4508.85986328125,4532.85009765625,4504.89990234375,4522.7900390625,3538240000,13.479999542236328,3.81,4.74,0.0038553825145495,0.1399993896484375,0.0104947067501552,-0.9300000000000002,0.0034191699112691744,0.004935171121040572,0.00625071120539072,-0.0010244071333035,0.0074112334853124,0.004800843384619558,-0.0900000000000003,0.0460904088387367,0.004652632621610484,False,False,False,False,False
2023-07-18,4521.77978515625,4562.2998046875,4514.58984375,4554.97998046875,4090010000,13.300000190734863,3.8,4.74,0.0071172752058423,-0.1799993515014648,-0.0133530680722562,-0.9400000000000004,0.003458463157239604,0.005195696871878354,0.005928610581045721,0.0038553825145495,0.0084701534580691,0.005090914676103198,-0.05000000000000071,0.04599756065093623,0.0038465117825035814,False,False,False,False,False
2023-07-19,4563.8701171875,4578.43017578125,4557.47998046875,4565.72021484375,4115670000,13.760000228881836,3.75,4.74,0.002357910335732,0.4600000381469726,0.0345864685376036,-0.9900000000000002,0.0033923792113451866,0.005005396292417541,0.0058216592281623595,0.0071172752058423,-0.0010244071333035,0.005165927506093957,-0.13000000000000034,0.04667913872456375,0.003740803323470822,False,False,False,False,False
2023-07-20,4554.3798828125,4564.740234375,4527.56005859375,4534.8701171875,3761770000,13.989999771118164,3.85,4.8,-0.0067568962189037,0.2299995422363281,0.0167150827333248,-0.9499999999999996,0.004724944667983172,0.004765550943567423,0.005942339931639764,0.002357910335732,0.0038553825145495,0.004155262876177878,-0.11999999999999955,0.06610197482363057,0.003620277055180054,False,False,False,False,False
2023-07-21,4550.16015625,4555.0,4535.7900390625,4536.33984375,3570190000,13.600000381469728,3.84,4.82,0.000324094521898,-0.3899993896484357,-0.0278770118676895,-0.9800000000000004,0.0046330156370058785,0.004475573707858206,0.005753125666694388,-0.0067568962189037,0.0071172752058423,0.0011098529407833184,-0.0700000000000004,0.06300901443063517,0.005338136390857378,False,False,False,False,False
2023-07-24,4543.39013671875,4563.41015625,4541.2900390625,4554.64013671875,3856250000,13.90999984741211,3.86,4.81,0.0040341538771535,0.309999465942381,0.0227940777387596,-0.9499999999999996,0.00465263262161045,0.004477318231225113,0.00575853132864874,0.000324094521898,0.002357910335732,0.0013795532718236182,-0.019999999999999463,0.06471811905666597,0.0052432258914697685,False,False,False,False,False
2023-07-25,4555.18994140625,4580.6201171875,4552.419921875,4567.4599609375,3812470000,13.859999656677246,3.91,4.85,0.0028146733515561,-0.0500001907348632,-0.0035945500563154,-0.9399999999999996,0.003846511782503537,0.004323651690782929,0.005351746124442321,0.0040341538771535,-0.0067568962189037,0.0014153075443444185,7.771561172376096e-16,0.05331265198490401,0.005426765850673379,False,False,False,False,False
2023-07-26,4558.9599609375,4582.47021484375,4547.580078125,4566.75,3990290000,13.1899995803833,3.86,4.82,-0.0001554388967985,-0.6700000762939453,-0.0483405550425943,-0.9600000000000004,0.003740803323470775,0.004118236753600089,0.005164139249948349,0.0028146733515561,0.000324094521898,0.0005547871734871783,0.029999999999999805,0.04934119426687598,0.007909599946702163,False,False,False,False,False
2023-07-27,4598.259765625,4607.06982421875,4528.56005859375,4537.41015625,4553210000,14.40999984741211,4.01,4.91,-0.0064246660644878,1.2200002670288086,0.0924943370614841,-0.9000000000000004,0.0036202770551800045,0.004238091291511366,0.005101630974332384,-0.0001554388967985,0.0040341538771535,5.211732698107837e-05,0.04999999999999927,0.052168191812733425,0.007654802817501172,False,False,False,False,False
2023-07-28,4565.75,4590.16015625,4564.009765625,4582.22998046875,3981010000,13.329999923706056,3.96,4.87,0.0098778427947523,-1.079999923706053,-0.0749479483096601,-0.91,0.005338136390857351,0.005008574042599241,0.005362857352946901,-0.0064246660644878,0.0028146733515561,0.00011856335786425819,0.0700000000000004,0.07115735768286101,0.005111565494392575,False,False,False,False,False
2023-07-31,4584.81982421875,4594.22021484375,4573.14013671875,4588.9599609375,4503600000,13.630000114440918,3.97,4.88,0.0014687129405193,0.3000001907348615,0.022505640844104,-0.9099999999999996,0.00524322589146974,0.004956990024673859,0.005340334008616268,0.0098778427947523,-0.0001554388967985,0.0020293130124351185,0.040000000000000036,0.07146516950077214,0.007316552536433928,False,False,False,False,False
2023-08-01,4578.830078125,4584.6201171875,4567.52978515625,4576.72998046875,4042370000,13.93000030517578,4.05,4.92,-0.0026650876392156,0.3000001907348615,0.0220102852689643,-0.8700000000000001,0.005426765850673348,0.004703960436302005,0.004910149640149151,0.0014687129405193,-0.0064246660644878,0.0015162248251082784,0.06999999999999951,0.07559484995599723,0.007325914646015031,False,False,False,False,False
2023-08-02,4550.93017578125,4550.93017578125,4505.75,4513.39013671875,4270710000,16.09000015258789,4.08,4.88,-0.0138395413363479,2.159999847412111,0.155061005031676,-0.7999999999999998,0.007909599946702135,0.006299232818686516,0.005880327632792585,-0.0026650876392156,0.0098778427947523,0.0004202726269539385,0.1600000000000006,0.12726546434934652,0.0057101603952535085,False,False,False,False,False
2023-08-03,4494.27001953125,4519.490234375,4485.5400390625,4501.89013671875,4149120000,15.920000076293944,4.2,4.9,-0.0025479738404268,-0.1700000762939471,-0.0105655733176984,-0.7000000000000002,0.007654802817501145,0.006044825678287056,0.0058938105051193615,-0.0138395413363479,0.0014687129405193,-0.0023165478609559415,0.20000000000000018,0.12186446143863333,0.005767481397346646,False,False,False,False,False
2023-08-04,4513.9599609375,4540.33984375,4474.5498046875,4478.02978515625,4143310000,17.100000381469727,4.05,4.78,-0.0053000741550505,1.180000305175783,0.0741206218291978,-0.7300000000000004,0.0051115654943925245,0.006182399169162884,0.005737545500508324,-0.0025479738404268,-0.0026650876392156,-0.0015412094161437416,0.1799999999999996,0.08740777190401966,0.005442723020093188,False,False,False,False,False
2023-08-07,4491.580078125,4519.83984375,4491.14990234375,4518.43994140625,3493920000,15.770000457763672,4.09,4.76,0.0090240927793627,-1.329999923706055,-0.0777777715810636,-0.6699999999999999,0.007316552536433898,0.006764630569032547,0.0059380880571106255,-0.0053000741550505,-0.0138395413363479,-0.004576792806104302,0.23999999999999966,0.11538203684881453,0.00432689905248652,False,False,False,False,False
2023-08-08,4498.02978515625,4503.31005859375,4464.39013671875,4499.3798828125,3884910000,15.989999771118164,4.02,4.74,-0.0042182830447931,0.2199993133544922,0.0139504950519,-0.7200000000000006,0.007325914646014998,0.006720342519485975,0.006045659071880971,0.0090240927793627,-0.0025479738404268,-0.003065716838335622,0.14999999999999947,0.11714137351301102,0.00599888878718779,False,False,False,False,False
2023-08-09,4501.56982421875,4502.43994140625,4461.330078125,4467.7099609375,3803100000,15.960000038146973,4.0,4.79,-0.0070387303805971,-0.0299997329711914,-0.0018761559349974,-0.79,0.005710160395253471,0.006899739464606437,0.006131822078837964,-0.0042182830447931,-0.0053000741550505,-0.0033763559194511217,0.009999999999999787,0.09113416012607073,0.006076142585022788,False,False,False,False,False
2023-08-10,4487.16015625,4527.3701171875,4457.919921875,4468.830078125,4504370000,15.850000381469728,4.09,4.82,0.0002507139445697,-0.1099996566772443,-0.0068922090485167,-0.7300000000000004,0.00576748139734661,0.006777294423286483,0.005923744202765918,-0.0070387303805971,0.0090240927793627,-0.0020161937283009615,-0.03000000000000025,0.09141458234806334,0.006102240431484786,False,False,False,False,False
2023-08-11,4450.68994140625,4476.22998046875,4443.97998046875,4464.0498046875,3753290000,14.84000015258789,4.16,4.89,-0.001069692370023,-1.0100002288818375,-0.0637224103831967,-0.7299999999999995,0.005442723020093154,0.005639926936038727,0.005613041564413789,0.0002507139445697,-0.0042182830447931,-0.0014564561713016617,8.881784197001252e-16,0.08077001044867603,0.006213704075276758,False,False,False,False,False
2023-08-14,4458.1298828125,4490.330078125,4453.43994140625,4489.72021484375,3896410000,14.81999969482422,4.19,4.96,0.005750475751703,-0.0200004577636701,-0.0013477397276294,-0.7699999999999996,0.004326899052486473,0.006077627050518356,0.005764678454948438,-0.001069692370023,-0.0070387303805971,-0.0006103798142961617,-0.09999999999999964,0.06412464263738474,0.006582255215229483,False,False,False,False,False
2023-08-15,4478.8701171875,4478.8701171875,4432.18994140625,4437.85986328125,3832250000,16.459999084472656,4.21,4.92,-0.0115509094288417,1.6399993896484355,0.1106612296504427,-0.71,0.0059988887871877524,0.0067031160219188255,0.0061741013539774224,0.005750475751703,0.0002507139445697,-0.0012651032198281015,0.010000000000000675,0.09874170394496369,0.0054041747126773124,False,False,False,False,False
2023-08-16,4433.7900390625,4449.9501953125,4403.5498046875,4404.330078125,3753910000,16.780000686645508,4.28,4.97,-0.0075553952105776,0.3200016021728515,0.0194411676775074,-0.6899999999999995,0.00607614258502275,0.0059101874231889855,0.006058322425097572,-0.0115509094288417,-0.001069692370023,-0.002731628496637822,0.10000000000000053,0.10195767674883777,0.0067219621900740335,False,False,False,False,False
2023-08-17,4416.31982421875,4421.169921875,4364.830078125,4370.35986328125,3943700000,17.889999389648438,4.3,4.94,-0.0077129130290369,1.1099987030029297,0.0661500987831502,-0.6400000000000006,0.006102240431484745,0.006120264939006379,0.006125692147954853,-0.0075553952105776,0.005750475751703,-0.002834961462633922,0.08999999999999986,0.1091690775947501,0.008458035876466779,False,False,False,False,False
2023-08-18,4344.8798828125,4381.81982421875,4335.31005859375,4369.7099609375,3940400000,17.299999237060547,4.26,4.92,-0.0001487068260008,-0.5900001525878906,-0.0329793277091601,-0.6600000000000001,0.006213704075276717,0.006116906738938981,0.00604561380293226,-0.0077129130290369,-0.0115509094288417,-0.004427686857355242,0.0699999999999994,0.1074970757616072,0.008822028311835295,False,False,False,False,False
2023-08-21,4380.27978515625,4407.5498046875,4360.2998046875,4399.77001953125,3726850000,17.1299991607666,4.34,4.97,0.0068791885187959,-0.1700000762939453,-0.0098265944387885,-0.6299999999999999,0.006582255215229446,0.005737449936871543,0.006308011526550967,-0.0001487068260008,-0.0075553952105776,-0.004243489748550802,0.13999999999999968,0.11275402631283199,0.00875276158178817,False,False,False,False,False
2023-08-22,4415.330078125,4418.58984375,4382.77001953125,4387.5498046875,3522760000,16.969999313354492,4.34,5.02,-0.0027774667288296,-0.1599998474121093,-0.0093403301372344,-0.6799999999999997,0.0054041747126772725,0.005714085659769846,0.0061925345273279,0.0068791885187959,-0.0077129130290369,-0.004017747195132222,0.03000000000000025,0.09170884116338103,0.009717970653286548,False,False,False,False,False
2023-08-23,4396.43994140625,4443.18017578125,4396.43994140625,4436.009765625,3837270000,15.979999542236328,4.19,4.95,0.0110448799659725,-0.989999771118164,-0.0583382328329905,-0.7599999999999998,0.006721962190074011,0.006757023585150499,0.006708532653540138,-0.0027774667288296,-0.0001487068260008,-0.002263058655129802,-0.07000000000000028,0.1074169527203126,0.0092394628002296,False,False,False,False,False
2023-08-24,4455.16015625,4458.2998046875,4375.5498046875,4376.31005859375,3723470000,17.200000762939453,4.23,4.98,-0.0134579746631461,1.220001220703125,0.0763455103661656,-0.75,0.008458035876466758,0.007745611617507601,0.007175976327658105,0.0110448799659725,0.0068791885187959,0.0014569963801802182,-0.10999999999999943,0.1454782235281975,0.005203276730234473,False,False,False,False,False
2023-08-25,4389.3798828125,4418.4599609375,4356.2900390625,4405.7099609375,3296180000,15.68000030517578,4.25,5.03,0.006717966037625,-1.5200004577636737,-0.0883721157175058,-0.7800000000000002,0.008822028311835277,0.008185046701394076,0.007334205081826949,-0.0134579746631461,-0.0027774667288296,0.0003079840533583782,-0.1200000000000001,0.1383294066218465,0.0054245078676898335,False,False,False,False,False
2023-08-28,4426.02978515625,4439.56005859375,4414.97998046875,4433.31005859375,2957230000,15.079999923706056,4.2,4.98,0.0062646197550364,-0.600000381469723,-0.0382653297061269,-0.7800000000000002,0.008752761581788152,0.008230542356715035,0.007107070890406251,0.006717966037625,0.0110448799659725,0.001681318626083538,-0.15000000000000036,0.13199164398558264,0.006440198832376528,False,False,False,False,False
2023-08-29,4432.75,4500.14013671875,4431.68017578125,4497.6298828125,3354820000,14.449999809265137,4.12,4.87,0.0145083071945462,-0.6300001144409197,-0.0417771961291953,-0.75,0.009717970653286539,0.008664098343666356,0.007871876258597511,0.0062646197550364,-0.0134579746631461,0.0015584048733316381,-0.07000000000000028,0.1404246740864347,0.003911678762966349,False,False,False,False,False
2023-08-30,4500.33984375,4521.64990234375,4493.58984375,4514.8701171875,3064110000,13.880000114440918,4.12,4.9,0.003833182103508,-0.5699996948242188,-0.0394463461832534,-0.7800000000000002,0.009239462800229586,0.00814836332974667,0.007924968210694402,0.0145083071945462,0.006717966037625,0.0050155596580067985,-0.020000000000000462,0.12824374472455927,0.0029020113424155602,False,False,False,False,False
2023-08-31,4517.009765625,4532.259765625,4507.39013671875,4507.66015625,3946360000,13.56999969482422,4.09,4.85,-0.0015969365120942,-0.3100004196166974,-0.0223343239957303,-0.7599999999999998,0.005203276730234458,0.007566466980770296,0.007361030363764109,0.003833182103508,0.0062646197550364,0.003573220085513898,-0.009999999999999787,0.07060846364136755,0.0033736749348866083,False,False,False,False,False
2023-09-01,4530.60009765625,4541.25,4501.35009765625,4515.77001953125,3246260000,13.09000015258789,4.18,4.87,0.001799129260001,-0.4799995422363299,-0.0353721114982344,-0.6900000000000004,0.005424507867689816,0.007504458344469129,0.007348519234793184,-0.0015969365120942,0.0145083071945462,0.005945427715724278,0.08999999999999986,0.07100680881577391,0.004816463482812903,False,False,False,False,False
2023-09-05,4510.06005859375,4514.2900390625,4496.009765625,4496.830078125,3526250000,14.010000228881836,4.27,4.94,-0.004194177587506,0.9200000762939452,0.0702826635270941,-0.6700000000000008,0.006440198832376509,0.007711906612870066,0.0073129812208480435,0.001799129260001,0.003833182103508,0.004961660360199478,0.10999999999999943,0.09022718711563943,0.0050329341276213885,False,False,False,False,False
2023-09-06,4490.35009765625,4490.35009765625,4442.3798828125,4465.47998046875,3418850000,14.449999809265137,4.3,5.01,-0.0069715993514528,0.4399995803833008,0.0314061080082093,-0.71,0.003911678762966297,0.008077361815408104,0.007188936103058953,-0.004194177587506,-0.0015969365120942,0.002869900891690998,0.040000000000000036,0.056523757378769475,0.004277618673096542,False,False,False,False,False
2023-09-07,4434.5498046875,4457.81005859375,4430.4599609375,4451.14013671875,3763760000,14.399999618530272,4.27,4.94,-0.003211265936186,-0.050000190734865,-0.003460220857775,-0.6700000000000008,0.0029020113424154817,0.00756048255462072,0.0071675368617414945,-0.0069715993514528,0.001799129260001,-0.0014260804175088018,0.10999999999999943,0.04178896222375346,0.004957451944201049,False,False,False,False,False
2023-09-08,4451.2998046875,4473.52978515625,4448.3798828125,4457.490234375,3259290000,13.84000015258789,4.26,4.98,0.0014266227216406,-0.559999465942381,-0.038888852831757,-0.7200000000000006,0.0033736749348865437,0.00599485993246848,0.007024372134511198,-0.003211265936186,-0.004194177587506,-0.002834970025447602,0.03999999999999915,0.046691661613611705,0.0077159924248752475,False,False,False,False,False
2023-09-11,4480.97998046875,4490.77001953125,4467.89013671875,4487.4599609375,3369920000,13.800000190734863,4.29,4.97,0.0067234531062752,-0.0399999618530273,-0.0028901706222559,-0.6799999999999997,0.004816463482812862,0.005995305010486702,0.007172756340102517,0.0014266227216406,-0.0069715993514528,-0.0022302581787006417,0.010000000000000675,0.066467196981485,0.006961127503380005,False,False,False,False,False
2023-09-12,4473.27001953125,4487.10986328125,4456.830078125,4461.89990234375,3435740000,14.229999542236328,4.27,4.98,-0.0056958856048289,0.4299993515014648,0.0311593728665424,-0.7100000000000009,0.005032934127621348,0.006186901775304158,0.007279350987764603,0.0067234531062752,-0.003211265936186,-0.0012453934094458017,-0.040000000000000036,0.07161865033215738,0.006671411618997211,False,False,False,False,False
2023-09-13,4462.64990234375,4479.39013671875,4453.52001953125,4467.43994140625,3529430000,13.479999542236328,4.25,4.96,0.0012416323054647,-0.75,-0.0527055533469211,-0.71,0.004277618673096501,0.004168872999444922,0.007172386194792978,-0.0056958856048289,0.0014266227216406,-0.0015457350129103819,0.0,0.0576622977552024,0.007347978962422249,False,False,False,False,False
2023-09-14,4487.77978515625,4511.990234375,4478.68994140625,4505.10009765625,3648720000,12.81999969482422,4.29,5.0,0.0084299188671679,-0.6599998474121076,-0.048961414675435,-0.71,0.004957451944201021,0.004839029959595291,0.006926046754783478,0.0012416323054647,0.0067234531062752,9.691131847311827e-05,-0.03999999999999915,0.06355453241176283,0.006324862573381068,False,False,False,False,False
2023-09-15,4497.97998046875,4497.97998046875,4447.2099609375,4450.31982421875,6932230000,13.789999961853027,4.33,5.02,-0.0121596129386778,0.9700002670288068,0.0756630491512744,-0.6899999999999995,0.007715992424875223,0.0060330942497640065,0.00725045957770723,0.0084299188671679,-0.0056958856048289,0.0024251482791438983,0.030000000000001137,0.10640353524468757,0.006218861653554725,False,False,False,False,False
2023-09-18,4445.1298828125,4466.35986328125,4442.10986328125,4453.52978515625,3161230000,14.0,4.32,5.05,0.0007212876971294,0.2100000381469726,0.0152284292043429,-0.7299999999999995,0.006961127503379976,0.005986908857036713,0.007012936101370982,-0.0121596129386778,0.0012416323054647,-0.000292098852919782,-0.04999999999999982,0.09745578504731967,0.007012052850260326,False,False,False,False,False
2023-09-19,4445.41015625,4449.85009765625,4416.60986328125,4443.9501953125,3614880000,14.109999656677246,4.37,5.08,-0.0021510106153728,0.1099996566772461,0.0078571183340889,-0.71,0.006671411618997182,0.005921512333554484,0.007040412496934439,0.0007212876971294,0.0084299188671679,-0.001492531934748942,8.881784197001252e-16,0.09413361565360283,0.007677014078962699,False,False,False,False,False
2023-09-20,4452.81005859375,4461.02978515625,4401.3798828125,4402.2001953125,3308450000,15.140000343322754,4.35,5.12,-0.0093947947580596,1.0300006866455078,0.0729979242882605,-0.7700000000000005,0.007347978962422217,0.006197342471108738,0.007224862405402281,-0.0021510106153728,-0.0121596129386778,-0.000783556936857722,-0.0600000000000005,0.11124840401380075,0.008213712699054137,False,False,False,False,False
2023-09-21,4374.35986328125,4375.7001953125,4329.169921875,4330.0,3662340000,17.540000915527344,4.49,5.12,-0.0164009341032194,2.40000057220459,0.1585205097609572,-0.6299999999999999,0.0063248625733810186,0.00766966359370921,0.008017947800456697,-0.0093947947580596,0.0007212876971294,-0.002910842349562582,0.08000000000000007,0.1109380953276877,0.007264487798239347,False,False,False,False,False
2023-09-22,4341.740234375,4357.39990234375,4316.490234375,4320.06005859375,3349570000,17.200000762939453,4.44,5.1,-0.0022955984771939,-0.3400001525878906,-0.01938427222583,-0.6599999999999993,0.00621886165355468,0.0075484659176060995,0.007587370305357136,-0.0164009341032194,-0.0021510106153728,-0.00787701294364004,0.03000000000000025,0.1069644251857554,0.007276835299492735,False,False,False,False,False
2023-09-25,4310.6201171875,4338.509765625,4302.7001953125,4337.43994140625,3195650000,16.899999618530273,4.55,5.09,0.0040230650909416,-0.3000011444091797,-0.0174419262268631,-0.54,0.007012052850260288,0.007234030413943307,0.007146452959574477,-0.0022955984771939,-0.0093947947580596,-0.005904210051343261,0.1899999999999995,0.11850369049451298,0.006840453587562581,False,False,False,False,False
2023-09-26,4312.8798828125,4313.009765625,4265.97998046875,4273.52978515625,3472340000,18.940000534057617,4.56,5.04,-0.0147345339908682,2.040000915527344,0.1207101160695029,-0.4800000000000004,0.007677014078962659,0.007993233350193543,0.0075764099641332724,0.0040230650909416,-0.0164009341032194,-0.005243854572580822,0.22999999999999954,0.1454026507555206,0.006480892711727244,False,False,False,False,False
2023-09-27,4282.6298828125,4292.06982421875,4238.6298828125,4274.509765625,3875880000,18.21999931335449,4.61,5.1,0.0002293140607452,-0.7200012207031286,-0.0380148469060723,-0.4899999999999993,0.008213712699054104,0.007928914708467202,0.007391647105468204,-0.0147345339908682,-0.0022955984771939,-0.007760559247679902,0.28000000000000114,0.14965383973685684,0.007689221005048657,False,False,False,False,False
2023-09-28,4269.64990234375,4317.27001953125,4264.3798828125,4299.7001953125,3846230000,17.34000015258789,4.59,5.04,0.0058931739705165,-0.879999160766598,-0.0482985287557939,-0.4500000000000002,0.00726448779823932,0.007546598589155303,0.006685586136841204,0.0002293140607452,0.0040230650909416,-0.005835737483918942,0.17999999999999972,0.1259662195299427,0.007005780286575713,False,False,False,False,False
2023-09-29,4328.18017578125,4333.14990234375,4274.85986328125,4288.0498046875,3865960000,17.520000457763672,4.59,5.03,-0.002709582086142,0.1800003051757812,0.010380640345549,-0.4400000000000004,0.007276835299492709,0.007124021023258865,0.0065520935237460025,0.0058931739705165,-0.0147345339908682,-0.0013769158691717617,0.21999999999999886,0.12749015777818312,0.00884368595506593,False,False,False,False,False
2023-10-02,4284.52001953125,4300.580078125,4260.2099609375,4288.39013671875,3938660000,17.610000610351562,4.69,5.12,7.936755559079245e-05,0.0900001525878906,0.0051369948765045,-0.4299999999999997,0.0068404535875625505,0.007086850797452661,0.006571936643038136,-0.002709582086142,0.0002293140607452,-0.0014597125909613818,0.11000000000000032,0.12046039185205805,0.009063091431740146,False,False,False,False,False
2023-10-03,4269.75,4281.14990234375,4216.4501953125,4229.4501953125,3953830000,19.780000686645508,4.81,5.15,-0.0137440716742595,2.1700000762939453,0.1232254401523627,-0.3400000000000007,0.006480892711727212,0.00765642557984775,0.006928545603068323,7.936755559079245e-05,0.0058931739705165,-0.0022484520980315436,0.13999999999999974,0.12819206228804012,0.004297185127036567,False,False,False,False,False
2023-10-04,4233.830078125,4268.5,4220.47998046875,4263.75,3777600000,18.57999992370605,4.73,5.05,0.0081097549571607,-1.200000762939457,-0.0606673772134719,-0.3199999999999994,0.007689221005048634,0.008395291982844432,0.007319615420675549,-0.0137440716742595,-0.002709582086142,-0.0020503596347098032,0.16999999999999993,0.14286572568716258,0.004197153200150802,False,False,False,False,False
2023-10-05,4259.31005859375,4267.1298828125,4225.91015625,4258.18994140625,3581470000,18.489999771118164,4.72,5.03,-0.0013040301597772,-0.090000152587887,-0.0048439264239746,-0.3100000000000005,0.007005780286575686,0.007141351958441717,0.007254118711614262,0.0081097549571607,7.936755559079245e-05,-0.00047427145542670336,0.13999999999999968,0.12953687589528856,0.0058743103878429286,False,False,False,False,False
2023-10-06,4234.7900390625,4324.10009765625,4219.5498046875,4308.5,3902030000,17.450000762939453,4.78,5.08,0.0118148930146444,-1.039999008178711,-0.0562465668497852,-0.2999999999999998,0.008843685955065912,0.00819043824243196,0.007839902775701055,-0.0013040301597772,-0.0137440716742595,-0.0019137122814854434,0.14000000000000057,0.1543223266630971,0.005392161565133847,False,False,False,False,False
2023-10-09,4289.02001953125,4341.72998046875,4283.7900390625,4335.66015625,3174630000,17.700000762939453,4.78,5.08,0.0063038542996403,0.25,0.014326646938088,-0.2999999999999998,0.009063091431740132,0.008336274528982736,0.0079944401687953,0.0118148930146444,0.0081097549571607,0.0009911827386718368,0.1299999999999999,0.16041672525639036,0.006425053946932837,False,False,False,False,False
2023-10-10,4339.75,4385.4599609375,4339.64013671875,4358.240234375,3520240000,17.030000686645508,4.66,4.96,0.0052079907813922,-0.6700000762939453,-0.0378531100234076,-0.2999999999999998,0.004297185127036553,0.0068222262200423175,0.007928374871936445,0.0063038542996403,-0.0013040301597772,0.002236080087481738,0.04000000000000087,0.07318106566407537,0.0062032835150421925,False,False,False,False,False
2023-10-11,4366.58984375,4378.64013671875,4345.33984375,4376.9501953125,3601660000,16.09000015258789,4.58,4.99,0.0042930081710337,-0.9400005340576172,-0.055196740819555,-0.4100000000000001,0.0041971532001507834,0.006826389171328986,0.007953507564445338,0.0052079907813922,0.0118148930146444,0.006026492578612078,-0.09000000000000069,0.06753219563086085,0.007948085791470877,False,False,False,False,False
2023-10-12,4380.93994140625,4385.85009765625,4325.43017578125,4349.60986328125,3713140000,16.690000534057617,4.7,5.06,-0.0062464343461184,0.6000003814697266,0.0372902657414346,-0.3599999999999994,0.005874310387842912,0.0071671636808934795,0.008017847526979453,0.0042930081710337,0.0063038542996403,0.0052631432213866795,-0.04999999999999888,0.09804224351031841,0.008186888434295828,False,False,False,False,False
2023-10-13,4360.490234375,4377.10009765625,4311.97021484375,4327.77978515625,3566560000,19.31999969482422,4.63,5.04,-0.0050188588887675,2.6299991607666016,0.157579333529668,-0.4100000000000001,0.005392161565133818,0.007324262919366405,0.007752632423268487,-0.0062464343461184,0.0052079907813922,0.004274662384118439,-0.11000000000000026,0.10417655979282824,0.009024675902719692,False,False,False,False,False
2023-10-16,4342.3701171875,4383.330078125,4342.3701171875,4373.6298828125,3409960000,17.209999084472656,4.71,5.09,0.0105943693839298,-2.1100006103515625,-0.1092132838344105,-0.3799999999999999,0.006425053946932814,0.007859116524927432,0.007829926162484763,-0.0050188588887675,0.0042930081710337,0.0009079120034360584,-0.08000000000000007,0.11057517254440116,0.005475690639523813,False,False,False,False,False
2023-10-17,4345.22998046875,4393.56982421875,4337.5400390625,4373.2001953125,3794850000,17.8799991607666,4.83,5.19,-9.824505308242416e-05,0.6700000762939453,0.0389308606586991,-0.3600000000000003,0.0062032835150421664,0.005962671524136277,0.007824303591659244,0.0105943693839298,-0.0062464343461184,0.0017660150202939585,-0.0600000000000005,0.11091470404295123,0.007728336974024526,False,False,False,False,False
2023-10-18,4357.35009765625,4364.2001953125,4303.83984375,4314.60009765625,3686030000,19.21999931335449,4.91,5.19,-0.0133998205065164,1.340000152587887,0.0749440836400148,-0.2800000000000002,0.00794808579147085,0.00753552885837727,0.008268460608325633,-9.824505308242416e-05,-0.0050188588887675,0.0007047678533990336,0.1299999999999999,0.1527622034545523,0.007920473524928315,False,False,False,False,False
2023-10-19,4321.35986328125,4339.5400390625,4269.68994140625,4278.0,3969730000,21.39999961853028,4.98,5.14,-0.008482848196321,2.1800003051757884,0.1134235370997684,-0.1599999999999992,0.008186888434295799,0.008064654090021404,0.008228505550393606,-0.0133998205065164,0.0105943693839298,-0.0028337978821109866,0.20000000000000018,0.17519940937088005,0.008240270290313129,False,False,False,False,False
2023-10-20,4273.85009765625,4276.56005859375,4223.02978515625,4224.16015625,4004030000,21.709999084472656,4.93,5.07,-0.0125852837190275,0.3099994659423792,0.0144859566106698,-0.1400000000000005,0.009024675902719662,0.007961726148605052,0.007930392137801907,-0.008482848196321,-9.824505308242416e-05,-0.0032810806521515064,0.2699999999999996,0.19592570558570632,0.007685781912448516,False,False,False,False,False
2023-10-23,4210.39990234375,4255.83984375,4189.22021484375,4217.0400390625,3776100000,20.3700008392334,4.86,5.05,-0.0016855698941634,-1.3399982452392578,-0.0617226302048831,-0.1899999999999995,0.005475690639523754,0.007480372872110445,0.0079272453911111,-0.0125852837190275,-0.0133998205065164,-0.004794365618203507,0.1900000000000004,0.11153982292248134,0.010376380683415693,False,False,False,False,False
2023-10-24,4235.7900390625,4259.3798828125,4219.43017578125,4247.68017578125,3821820000,18.96999931335449,4.83,5.02,0.0072657922227272,-1.4000015258789098,-0.0687285944133322,-0.1899999999999995,0.007728336974024488,0.007720690232097638,0.008056399098145945,-0.0016855698941634,-0.008482848196321,-0.0072503534738221475,0.17000000000000082,0.14660654709061666,0.010233812541223583,False,False,False,False,False
2023-10-25,4232.419921875,4232.419921875,4181.419921875,4186.77001953125,3869370000,20.190000534057617,4.95,5.08,-0.0143396286277125,1.2200012207031286,0.0643121383691496,-0.1299999999999999,0.007920473524928279,0.008087328719069775,0.008024629695380849,0.0072657922227272,-0.0125852837190275,-0.0057775460186602215,0.1500000000000003,0.15991436469829118,0.009263347451086028,False,False,False,False,False
2023-10-26,4175.990234375,4183.60009765625,4127.89990234375,4137.22998046875,4277640000,20.68000030517578,4.86,5.02,-0.0118325197781096,0.489999771118164,0.0242694283386275,-0.1599999999999992,0.00824027029031309,0.008383110001137074,0.008345357526738182,-0.0143396286277125,-0.0016855698941634,-0.005965507642899442,0.0,0.17040879211840562,0.007804894744881283,False,False,False,False,False
2023-10-27,4152.93017578125,4156.7001953125,4103.77978515625,4117.3701171875,4019500000,21.270000457763672,4.84,4.99,-0.0048002802297685,0.5900001525878906,0.0285299876151465,-0.1500000000000003,0.0076857819124484805,0.00838320846216953,0.008202614719566357,-0.0118325197781096,0.0072657922227272,-0.006635441959257161,-0.009999999999999787,0.16347658479605093,0.004124821574192981,False,False,False,False,False
2023-10-30,4139.39013671875,4177.47021484375,4132.93994140625,4166.81982421875,3911140000,19.75,4.88,5.03,0.0120100223258599,-1.520000457763672,-0.0714621732510994,-0.1500000000000003,0.010376380683415672,0.008651923922489372,0.008726562860905954,-0.0048002802297685,-0.0143396286277125,-0.005078441261405361,0.0399999999999992,0.20493351849745953,0.005616406980295555,False,False,False,True,False
2023-10-31,4171.330078125,4195.5498046875,4153.1201171875,4193.7998046875,4249470000,18.13999938964844,4.88,5.07,0.0064749573072333,-1.610000610351559,-0.0815190182456485,-0.1900000000000004,0.010233812541223563,0.009215136892909629,0.008880558250935474,0.0120100223258599,-0.0118325197781096,-0.0023393228174007023,-8.881784197001252e-16,0.185641353251572,0.006156847904622059,False,False,False,False,False
2023-11-01,4201.27001953125,4245.64013671875,4197.740234375,4237.85986328125,4224900000,16.8700008392334,4.77,4.95,0.0105059994863139,-1.2699985504150426,-0.0700109478029952,-0.1800000000000006,0.009263347451086014,0.009595212394336593,0.008726514949909673,0.0064749573072333,-0.0048002802297685,-0.002497489800499482,-0.05000000000000071,0.15627267927393163,0.006735988412697249,False,False,False,False,False
2023-11-02,4268.259765625,4319.72021484375,4268.259765625,4317.77978515625,4669780000,15.65999984741211,4.67,4.98,0.0188585570201276,-1.210000991821289,-0.0717250107662871,-0.3100000000000005,0.007804894744881284,0.011068602394087792,0.009463502471467947,0.0105059994863139,0.0120100223258599,0.0024716358223057983,-0.1500000000000013,0.12222465051390848,0.005589201612918294,False,False,False,False,False
2023-11-03,4334.22998046875,4373.6201171875,4334.22998046875,4358.33984375,4570960000,14.90999984741211,4.57,4.83,0.0093937302530313,-0.75,-0.0478927207731704,-0.2599999999999998,0.004124821574192995,0.010311591137897983,0.009631339336260432,0.0188585570201276,0.0064749573072333,0.008609851181953237,-0.10999999999999949,0.06150108904181974,0.007574801930596429,False,False,False,False,False
2023-11-06,4364.27001953125,4372.2099609375,4347.52978515625,4365.97998046875,3656340000,14.890000343322754,4.67,4.93,0.0017529924220356,-0.0199995040893554,-0.0013413483765277,-0.2599999999999998,0.005616406980295558,0.010200167706694352,0.009334777411241666,0.0093937302530313,0.0105059994863139,0.011448653278513198,-0.10999999999999949,0.08362830186484117,0.007704161856332284,False,False,False,False,False
2023-11-07,4366.2099609375,4386.259765625,4355.41015625,4378.3798828125,3791230000,14.8100004196167,4.58,4.91,0.0028401189192852,-0.0799999237060546,-0.0053727281303878,-0.33,0.00615684790462206,0.010124160018639798,0.009264193297115699,0.0017529924220356,0.0188585570201276,0.009397247297748337,-0.13999999999999962,0.0911829200509689,0.010309104532022438,False,False,False,False,False
2023-11-08,4384.3701171875,4391.2001953125,4359.759765625,4382.77978515625,3729510000,14.449999809265137,4.49,4.93,0.0010049156221052,-0.3600006103515625,-0.0243079405909213,-0.4399999999999995,0.0067359884126972445,0.008379182040635222,0.009205750374215371,0.0028401189192852,0.0093937302530313,0.008670279620158717,-0.2599999999999989,0.09733503127868735,0.010261743546232509,False,False,False,False,False
2023-11-09,4391.41015625,4393.39990234375,4343.93994140625,4347.35009765625,3900780000,15.289999961853027,4.62,5.03,-0.0080838393067328,0.8400001525878906,0.058131499216304,-0.4100000000000001,0.00558920161291827,0.007690236761543494,0.009327262422970065,0.0010049156221052,0.0017529924220356,0.006770062847316978,-0.09999999999999959,0.08545889244830923,0.008292803688236589,False,False,False,False,False
2023-11-10,4364.14990234375,4418.02978515625,4353.33984375,4415.240234375,3665080000,14.170000076293944,4.61,5.04,0.0156164410948524,-1.1199998855590838,-0.0732504832147395,-0.4299999999999997,0.007574801930596415,0.007526960651539751,0.009810768341921019,-0.0080838393067328,0.0028401189192852,0.001381583581944898,-0.16999999999999993,0.10733494393446272,0.007357048518527282,False,False,False,False,False
2023-11-13,4406.66015625,4421.759765625,4393.81982421875,4411.5498046875,3326240000,14.760000228881836,4.63,5.02,-0.0008358389332403,0.5900001525878924,0.0416372723649414,-0.3899999999999997,0.007704161856332268,0.007663617947555083,0.00973354681148804,0.0156164410948524,0.0010049156221052,0.0026261257503091178,-0.1299999999999999,0.11371343076280699,0.006893607396294813,False,False,False,False,False
2023-11-14,4458.97021484375,4508.669921875,4458.97021484375,4495.7001953125,4700350000,14.15999984741211,4.44,4.8,0.0190750177036618,-0.6000003814697266,-0.0406504317185353,-0.3599999999999994,0.010309104532022433,0.00865097761087295,0.010285165562507066,-0.0008358389332403,-0.0080838393067328,0.0021083594792539384,-0.02999999999999936,0.14597691860039314,0.003049369257725424,False,False,False,False,False
2023-11-15,4505.2998046875,4521.169921875,4495.31005859375,4502.8798828125,4347170000,14.18000030517578,4.53,4.9,0.0015970120755575,0.0200004577636701,0.0014124617216946,-0.3700000000000001,0.010261743546232506,0.008703939422764468,0.010280019461471768,0.0190750177036618,0.0156164410948524,0.005355339236129257,0.0699999999999994,0.1455115266172125,0.0031596789103264375,False,False,False,False,False
2023-11-16,4497.080078125,4511.990234375,4487.830078125,4508.240234375,3964520000,14.31999969482422,4.45,4.83,0.0011904273935798,0.139999389648441,0.00987301739319,-0.3799999999999999,0.008292803688236587,0.007671158334710674,0.009731654649878855,0.0015970120755575,-0.0008358389332403,0.005473758526819718,0.030000000000000193,0.1187529462847851,0.003212866335100006,False,False,False,False,False
2023-11-17,4509.5498046875,4520.1201171875,4499.66015625,4514.02001953125,3777240000,13.800000190734863,4.44,4.88,0.001282049060336,-0.5199995040893572,-0.0363128153052478,-0.4399999999999995,0.007357048518527272,0.007522915492800394,0.009441946758456292,0.0011904273935798,0.0190750177036618,0.007328611866882238,-0.009999999999999787,0.101527270958922,0.003642330181209005,False,False,False,False,False
2023-11-20,4511.7001953125,4557.10986328125,4510.35986328125,4547.3798828125,3644790000,13.40999984741211,4.42,4.89,0.0073902780973298,-0.3900003433227539,-0.0282608940530736,-0.4699999999999997,0.006893607396294808,0.007578598926379292,0.008851447180702637,0.001282049060336,0.0015970120755575,0.004461733459978958,-0.08000000000000002,0.09244327413243236,0.002243186094240188,False,False,False,False,False
2023-11-21,4538.77001953125,4542.14013671875,4525.509765625,4538.18994140625,3511080000,13.350000381469728,4.41,4.86,-0.0020209310950652,-0.059999465942381,-0.0044742331562337,-0.4500000000000002,0.0030493692577253846,0.007797060900100328,0.008861187061636366,0.0073902780973298,0.0011904273935798,0.006106956866092977,-0.0900000000000008,0.04070908075387595,0.0020505980537378725,False,False,False,False,False
2023-11-22,4553.0400390625,4568.43017578125,4545.0498046875,4556.6201171875,3042810000,12.850000381469728,4.42,4.89,0.0040611292209464,-0.5,-0.0374531824503928,-0.4699999999999997,0.0031596789103264028,0.00774825127162576,0.008823226855777121,-0.0020209310950652,0.001282049060336,0.001887767106347578,-0.09999999999999959,0.040601875203016134,0.00195648906311912,False,False,False,False,False
2023-11-24,4555.83984375,4560.31005859375,4552.7998046875,4559.33984375,1639500000,12.460000038146973,4.47,4.92,0.000596873667884,-0.3900003433227557,-0.0303502203692658,-0.4500000000000002,0.0032128663350999708,0.006779712016997985,0.007921472597163746,0.0040611292209464,0.0073902780973298,0.002380590535425358,-0.07000000000000028,0.04003231465790676,0.0029161940277385515,False,False,False,False,False
2023-11-27,4554.85986328125,4560.52001953125,4546.31982421875,4550.43017578125,3403990000,12.6899995803833,4.39,4.84,-0.00195415746009,0.2299995422363281,0.0184590322256958,-0.4500000000000002,0.003642330181208971,0.005976859833882974,0.007224056026859144,0.000596873667884,-0.0020209310950652,0.002261879790286198,-0.010000000000000675,0.04622116847115927,0.0039053533728413805,False,False,False,False,False
2023-11-28,4545.5498046875,4568.14013671875,4540.509765625,4554.89013671875,3586240000,12.6899995803833,4.34,4.73,0.0009801185306033,0.0,0.0,-0.3900000000000005,0.002243186094240121,0.005883250268437877,0.006967368476215431,-0.00195415746009,0.0040611292209464,0.0016146384862009977,0.07999999999999918,0.028466030594628787,0.003944511830738812,False,False,False,False,False
2023-11-29,4571.83984375,4587.64013671875,4547.14990234375,4550.580078125,4418760000,12.979999542236328,4.27,4.64,-0.0009462486392383,0.2899999618530273,0.0228526376235127,-0.3700000000000001,0.0020505980537378014,0.002683440467922697,0.006878624163519168,0.0009801185306033,0.000596873667884,0.00033260657285569793,0.08000000000000007,0.026616761798827368,0.004327675217425644,False,False,False,False,False
2023-11-30,4554.8701171875,4569.89013671875,4537.240234375,4567.7998046875,5399300000,12.920000076293944,4.37,4.73,0.0037840728581564,-0.0599994659423845,-0.0046224551662847,-0.3600000000000003,0.001956489063119044,0.0027923608724779022,0.006860605891997089,-0.0009462486392383,-0.00195415746009,0.0005475430640210779,0.10999999999999938,0.025277838844766313,0.005285701116294658,False,False,False,False,False
2023-12-01,4559.43017578125,4599.39013671875,4554.7099609375,4594.6298828125,4397120000,12.630000114440918,4.22,4.56,0.0058737421236076,-0.2899999618530255,-0.0224458173483393,-0.3399999999999998,0.002916194027738508,0.0030888398323944653,0.006724187794344268,0.0037840728581564,0.0009801185306033,0.0004921317914630778,0.11000000000000038,0.03683153090406928,0.004982942345992187,False,False,False,False,False
2023-12-04,4564.3701171875,4572.3701171875,4546.72021484375,4569.77978515625,4369910000,13.079999923706056,4.28,4.64,-0.0054085091269721,0.4499998092651385,0.0356294382571396,-0.3599999999999994,0.003905353372841345,0.0037951046523870087,0.006107494050175857,0.0058737421236076,-0.0009462486392383,0.001547505482607798,0.0900000000000008,0.05108202181880998,0.004116758288220338,False,False,False,False,False
2023-12-05,4557.25,4578.56005859375,4551.68017578125,4567.18017578125,3909950000,12.850000381469728,4.18,4.57,-0.0005688697261614,-0.2299995422363281,-0.0175840629646701,-0.3900000000000005,0.003944511830738775,0.0032104520616924024,0.005955983922236419,-0.0054085091269721,0.0037840728581564,0.000856635149231378,0.0,0.050686978529705114,0.00390962687411055,False,False,False,False,False
2023-12-06,4586.22998046875,4590.740234375,4546.5,4549.33984375,4245680000,12.970000267028809,4.12,4.6,-0.0039062028088695,0.1199998855590802,0.0093385122176437,-0.4799999999999995,0.004327675217425607,0.0033992182687231113,0.006098644941368927,-0.0005688697261614,0.0058737421236076,0.000546837497878438,-0.10999999999999938,0.056129948725624074,0.0037070412751094373,False,False,False,False,False
2023-12-07,4568.83984375,4590.919921875,4565.22021484375,4585.58984375,3818880000,13.0600004196167,4.14,4.58,0.0079681890658929,0.0900001525878906,0.0069391018299884,-0.4400000000000004,0.005285701116294631,0.003988191776092551,0.006229481708985044,-0.0039062028088695,-0.0054085091269721,-4.515333604780212e-05,-0.08000000000000007,0.06903125879677634,0.003985903933553329,False,False,False,False,False
2023-12-08,4576.2001953125,4609.22998046875,4574.06005859375,4604.3701171875,3707010000,12.350000381469728,4.23,4.71,0.0040954978699407,-0.7100000381469709,-0.0543644728433944,-0.4799999999999995,0.004982942345992157,0.004120169950837484,0.006235456360173438,0.0079681890658929,-0.0005688697261614,0.0007916699054994977,-0.13999999999999968,0.06153933987384481,0.0046355815581149065,False,False,False,False,False
2023-12-11,4593.39013671875,4623.7099609375,4593.39013671875,4622.43994140625,3823210000,12.630000114440918,4.23,4.71,0.0039244942866989,0.2799997329711896,0.0226720424552624,-0.4799999999999995,0.004116758288220312,0.004077065266654566,0.005784822819637024,0.0040954978699407,-0.0039062028088695,0.00043602105476611783,-0.1200000000000001,0.05199465765134814,0.004615136221817291,False,False,False,False,False
2023-12-12,4618.2998046875,4643.93017578125,4608.08984375,4643.7001953125,3808380000,12.06999969482422,4.2,4.73,0.0045993575202152,-0.5600004196166974,-0.0443389085148465,-0.5300000000000002,0.003909626874110528,0.004167422157176865,0.005066634284007709,0.0039244942866989,0.0079681890658929,0.0023026217375003177,-0.13999999999999974,0.04718919517739065,0.004617131131106063,False,False,False,False,False
2023-12-13,4646.2001953125,4709.68994140625,4643.22998046875,4707.08984375,5063650000,12.1899995803833,4.04,4.46,0.0136506763510459,0.1199998855590802,0.0099419957409392,-0.4199999999999999,0.003707041275109433,0.005302181088821043,0.005540669498692081,0.0045993575202152,0.0040954978699407,0.003336267186775638,0.05999999999999961,0.04518883158804756,0.00744271865342059,False,False,False,False,False
2023-12-14,4721.0400390625,4738.56982421875,4694.33984375,4719.5498046875,6314040000,12.479999542236328,3.92,4.37,0.0026470624846992,0.2899999618530273,0.0237899894861119,-0.4500000000000002,0.0039859039335533196,0.005304942954115754,0.004237523119991789,0.0136506763510459,0.0039244942866989,0.006847643018758717,-0.009999999999999787,0.04974407926614341,0.008597998324277364,False,False,False,False,False
2023-12-15,4714.22998046875,4725.52978515625,4704.68994140625,4719.18994140625,8218980000,12.279999732971191,3.91,4.44,-7.62494933082003e-05,-0.1999998092651367,-0.0160256263302152,-0.5300000000000002,0.004635581558114894,0.005315173007898025,0.004266107389985074,0.0026470624846992,0.0045993575202152,0.005783417702519978,-0.050000000000000766,0.05692494029581708,0.008574991769468897,False,False,False,False,False
2023-12-18,4725.580078125,4749.52001953125,4725.580078125,4740.56005859375,4060340000,12.5600004196167,3.95,4.43,0.0045283443669004,0.2800006866455078,0.0228013593431699,-0.4799999999999995,0.0046151362218172795,0.004586715859510517,0.004285959582288589,-7.62494933082003e-05,0.0136506763510459,0.0049490682298701984,0.0,0.05796611288261326,0.00855507436991694,False,False,False,False,False
2023-12-19,4743.72021484375,4768.68994140625,4743.72021484375,4768.3701171875,4026970000,12.529999732971191,3.93,4.41,0.0058664078189105,-0.0300006866455078,-0.002388589621275,-0.48,0.004617131131106052,0.004391874836557718,0.004339628342695747,0.0045283443669004,0.0026470624846992,0.005069838245910498,0.050000000000000266,0.05785265183985181,0.008279240437442312,False,False,False,False,False
2023-12-20,4764.72998046875,4778.009765625,4697.81982421875,4698.35009765625,4201320000,13.670000076293944,3.86,4.34,-0.0146842669110067,1.140000343322752,0.0909816733932546,-0.48,0.007442718653420569,0.006891814468058368,0.005559610708121935,0.0058664078189105,-7.62494933082003e-05,0.005323248305649558,-0.06000000000000011,0.10174196456009353,0.003583594662957496,False,False,False,False,False
2023-12-21,4724.2900390625,4748.7099609375,4708.35009765625,4746.75,3431180000,13.649999618530272,3.89,4.33,0.0103014678212025,-0.0200004577636718,-0.0014630912693524,-0.4399999999999999,0.008597998324277349,0.007084344937936536,0.005794744441831582,-0.0146842669110067,0.0045283443669004,-0.000343740346760962,0.010000000000000286,0.11736267384650972,0.002284722421141498,False,False,False,False,False
2023-12-22,4753.919921875,4772.93994140625,4736.77001953125,4754.6298828125,3046770000,13.029999732971191,3.9,4.31,0.0016600585268868,-0.6199998855590803,-0.0454212383066598,-0.4099999999999997,0.008574991769468883,0.0071010235829342015,0.005779748118180832,0.0103014678212025,0.0058664078189105,0.0011871407205396982,0.12000000000000055,0.11173214046640971,0.0034326784872012036,False,False,False,False,False
2023-12-26,4758.85986328125,4784.72021484375,4758.4501953125,4774.75,2513910000,12.989999771118164,3.89,4.26,0.0042316894655107,-0.0399999618530273,-0.0030698359687461,-0.3699999999999996,0.008555074369916926,0.00710457438412728,0.005788227819249811,0.0016600585268868,-0.0146842669110067,0.0015344023245786984,0.10999999999999988,0.11113041410711974,0.0035564467265562765,False,False,False,False,False
2023-12-27,4773.4501953125,4785.39013671875,4768.89990234375,4781.580078125,2748450000,12.43000030517578,3.79,4.2,0.0014304577464787,-0.5599994659423846,-0.0431100443271355,-0.4100000000000001,0.008279240437442294,0.007108993328901242,0.005716503580162628,0.0042316894655107,0.0103014678212025,0.0014750713443007582,0.0699999999999999,0.10291096116403137,0.002816103689383058,False,False,False,False,False
2023-12-28,4786.43994140625,4793.2998046875,4780.97998046875,4783.35009765625,2698860000,12.470000267028809,3.84,4.26,0.0003701746080437,0.0399999618530291,0.0032180177691849,-0.4199999999999999,0.003583594662957473,0.006164734549640908,0.005725078594830765,0.0014304577464787,0.0016600585268868,0.0005878813298143981,0.06000000000000011,0.0446874264040027,0.0032806535267388102,False,False,False,False,False
2023-12-29,4782.8798828125,4788.43017578125,4751.990234375,4769.830078125,3126060000,12.449999809265137,3.88,4.23,-0.0028264750133749,-0.0200004577636718,-0.0016038859130222,-0.3500000000000005,0.002284722421141438,0.006291598409493316,0.005790253579469663,0.0003701746080437,0.0042316894655107,0.0035987696336244783,0.08999999999999941,0.028444793707434683,0.007878346555946894,False,False,False,False,False
2024-01-02,4745.2001953125,4754.330078125,4722.669921875,4742.830078125,3743050000,13.199999809265137,3.95,4.33,-0.0056605790054923,0.75,0.0602409647783175,-0.3799999999999999,0.003432678487201155,0.0066092656268140785,0.006016777573515799,-0.0028264750133749,0.0014304577464787,0.0009731810667089983,0.029999999999999805,0.04531135537632378,0.007469054279651842,False,False,False,False,False
2024-01-03,4725.06982421875,4729.2900390625,4699.7099609375,4704.81005859375,3950760000,14.039999961853027,3.91,4.33,-0.0080163149227308,0.8400001525878906,0.0636363761155731,-0.4199999999999999,0.003556446726556216,0.006913264600624308,0.006290951788769398,-0.0056605790054923,0.0003701746080437,-0.0004909464397668217,-0.050000000000000266,0.049932511905181595,0.006209977145077684,False,False,False,False,False
2024-01-04,4697.419921875,4726.77978515625,4687.52978515625,4688.68017578125,3715480000,14.130000114440918,3.99,4.38,-0.003428381297357,0.0900001525878906,0.0064102672957566,-0.3899999999999997,0.0028161036893829742,0.006580355092303921,0.006206228954730411,-0.0080163149227308,-0.0028264750133749,-0.0029405473174151215,0.020000000000000406,0.039791545453258914,0.005684647521049567,False,False,False,False,False
2024-01-05,4690.56982421875,4721.490234375,4682.10986328125,4697.240234375,3844370000,13.350000381469728,4.05,4.4,0.0018256861788026,-0.7799997329711896,-0.0552016791687089,-0.3500000000000005,0.0032806535267387404,0.004983418080427584,0.0061938742245608415,-0.003428381297357,-0.0056605790054923,-0.003912315126182262,0.0699999999999994,0.04379672583343219,0.005778240576987895,False,False,False,False,False
2024-01-08,4703.7001953125,4764.5400390625,4699.81982421875,4763.5400390625,3742320000,13.079999923706056,4.01,4.36,0.0141146293098466,-0.2700004577636719,-0.0202247528126248,-0.3500000000000005,0.007878346555946875,0.005831626174028718,0.006637663480423599,0.0018256861788026,-0.0080163149227308,-0.003621212812030482,0.0,0.103048772350715,0.0031358255358710663,False,False,False,False,False
2024-01-09,4741.93017578125,4765.47021484375,4730.35009765625,4756.5,3529960000,12.760000228881836,4.02,4.36,-0.0014779006799081,-0.3199996948242205,-0.0244648086154998,-0.3400000000000007,0.007469054279651821,0.005838193546864895,0.006552083227752197,0.0141146293098466,-0.003428381297357,-0.00023299194738618176,0.0399999999999992,0.09530513431788809,0.0038985785290033587,False,False,False,False,False
2024-01-10,4759.93994140625,4790.7998046875,4756.2001953125,4783.4501953125,3498680000,12.6899995803833,4.04,4.37,0.0056659718937244,-0.0700006484985351,-0.0054859441412932,-0.33,0.006209977145077668,0.005955450174158736,0.006587119395429407,-0.0014779006799081,0.0018256861788026,0.0006035437177306582,0.08999999999999986,0.0788046073652255,0.004979486926559204,False,False,False,False,False
2024-01-11,4792.1298828125,4798.5,4739.580078125,4780.240234375,3759890000,12.4399995803833,3.98,4.26,-0.0006710555783868,-0.25,-0.0197005522668779,-0.2799999999999998,0.005684647521049553,0.005945383045482641,0.00659057897583086,0.0056659718937244,0.0141146293098466,0.0033400010810216976,0.10999999999999988,0.0707170127764834,0.00698331965884137,False,False,False,False,False
2024-01-12,4791.18017578125,4802.39990234375,4768.97998046875,4783.830078125,3486340000,12.699999809265137,3.96,4.14,0.0007509755941104,0.2600002288818359,0.0209003406472643,-0.1799999999999997,0.00577824057698788,0.005948917288219205,0.006558654850302583,-0.0006710555783868,-0.0014779006799081,0.0038914662248157377,0.1700000000000008,0.07338365422563414,0.0069345375112377615,False,False,False,False,False
2024-01-16,4772.35009765625,4782.33984375,4747.1201171875,4765.97998046875,4260550000,13.84000015258789,4.07,4.22,-0.0037313402367431,1.140000343322754,0.0897638079089639,-0.1499999999999994,0.003135825535871016,0.005998318757307451,0.006041631479333809,0.0007509755941104,0.0056659718937244,0.003676524107877298,0.20000000000000107,0.043399825894943865,0.006148775325259432,False,False,False,False,False
2024-01-17,4739.1298828125,4744.22998046875,4714.81982421875,4739.2099609375,3928600000,14.789999961853027,4.1,4.34,-0.0056168971839904,0.9499998092651368,0.0686416039589059,-0.2400000000000002,0.003898578529003314,0.0059942552228337085,0.00616405966029047,-0.0037313402367431,-0.0006710555783868,0.00010733019855935829,0.10000000000000048,0.05765997629524004,0.004401414082568385,False,False,False,False,False
2024-01-18,4760.10009765625,4785.7900390625,4740.56982421875,4780.93994140625,4019000000,14.130000114440918,4.14,4.34,0.008805260963896,-0.6599998474121094,-0.0446247362484386,-0.2000000000000001,0.004979486926559171,0.005884323242009534,0.006428451448516725,-0.0056168971839904,0.0007509755941104,-0.0007204691022571017,0.12999999999999992,0.07036015084213815,0.004070342732741468,False,False,False,False,False
2024-01-19,4796.27978515625,4842.06982421875,4785.8701171875,4839.81005859375,4287200000,13.300000190734863,4.15,4.39,0.0123135027649361,-0.8299999237060547,-0.0587402630561758,-0.2399999999999993,0.006983319658841355,0.006404845253245196,0.006852499065595142,0.008805260963896,-0.0037313402367431,-9.261128822278183e-05,0.04000000000000051,0.09287815279455254,0.0019951266360375614,False,False,False,False,False
2024-01-22,4853.419921875,4868.41015625,4844.0498046875,4850.43017578125,4297610000,13.1899995803833,4.11,4.37,0.002194325202627,-0.1100006103515625,-0.0082707224642141,-0.2599999999999998,0.006934537511237747,0.006397898417610496,0.006772746537216182,0.0123135027649361,-0.0056168971839904,0.002504300380441798,-0.0800000000000001,0.09146654686337814,0.00296112503586361,False,False,False,False,False
2024-01-23,4856.7998046875,4866.47998046875,4844.3701171875,4864.60009765625,3912800000,12.550000190734863,4.14,4.31,0.002921374261968,-0.6399993896484375,-0.0485215625480588,-0.1699999999999999,0.00614877532525942,0.0052775800680828835,0.005822741041282529,0.002194325202627,0.008805260963896,0.002792970302145118,-0.02000000000000049,0.07716713150479154,0.003334213919902061,False,False,False,False,False
2024-01-24,4888.56005859375,4903.68017578125,4865.93994140625,4868.5498046875,4330030000,13.140000343322754,4.18,4.34,0.0008119284117831,0.5900001525878906,0.0470119636351449,-0.1600000000000001,0.0044014140825683725,0.005165184517989623,0.005494650046037266,0.002921374261968,0.0123135027649361,0.004123513201887338,0.08000000000000013,0.05783458255605402,0.008256303027990264,False,False,False,False,False
2024-01-25,4886.66015625,4898.14990234375,4869.33984375,4894.16015625,4020430000,13.449999809265137,4.14,4.28,0.0052603655277063,0.3099994659423828,0.0235920439758521,-0.1400000000000005,0.004070342732741452,0.005140475447360593,0.005561398714103556,0.0008119284117831,0.002194325202627,0.0054092783210420384,0.05999999999999958,0.054746108979016266,0.009715225452113604,False,False,False,False,False
2024-01-26,4888.91015625,4906.68994140625,4881.47021484375,4890.97021484375,3353400000,13.260000228881836,4.15,4.34,-0.0006517852510764,-0.1899995803833007,-0.0141263630541034,-0.1899999999999995,0.001995126636037501,0.005139363364114281,0.005539925732340187,0.0052603655277063,0.002921374261968,0.004700299233804098,0.049999999999999795,0.02645537965050551,0.010466617650276438,False,False,False,False,False
2024-01-29,4892.9501953125,4929.31005859375,4887.39990234375,4927.93017578125,3525160000,13.600000381469728,4.08,4.29,0.0075567748961808,0.3400001525878924,0.0256410367058164,-0.2099999999999999,0.0029611250358635766,0.005335300559090984,0.005705263719070173,-0.0006517852510764,0.0008119284117831,0.0021072416306015984,0.04999999999999988,0.04027130161732421,0.010373036163432535,False,False,False,False,False
2024-01-30,4925.89013671875,4931.08984375,4916.27001953125,4924.97021484375,3836130000,13.3100004196167,4.06,4.36,-0.0006006499345398,-0.2899999618530291,-0.0213235260087315,-0.3000000000000007,0.003334213919902027,0.005014114068667922,0.005717769075841793,0.0075567748961808,0.0052603655277063,0.003179731569312358,-0.1300000000000008,0.044378388672987816,0.01036779780804374,False,False,False,False,False
2024-01-31,4899.18994140625,4906.75,4845.14990234375,4845.64990234375,4696120000,14.350000381469728,3.99,4.27,-0.0161057446115979,1.0399999618530291,0.0781367339643539,-0.2799999999999993,0.008256303027990243,0.007331244830610638,0.006785551083352523,-0.0006006499345398,-0.0006517852510764,0.0024753267300107983,-0.11999999999999922,0.11847795160118967,0.005780638484068276,False,False,False,False,False
2024-02-01,4861.10986328125,4906.97021484375,4853.52001953125,4906.18994140625,4386090000,13.880000114440918,3.87,4.2,0.0124936882116097,-0.4700002670288103,-0.032752630978026,-0.33,0.009715225452113589,0.007733490878740948,0.0070614994657685936,-0.0161057446115979,0.0075567748961808,-0.0009082078746654017,-0.1899999999999995,0.13484733038715593,0.005070508301929824,False,False,False,False,False
2024-02-02,4916.06005859375,4975.2900390625,4907.990234375,4958.60986328125,3974350000,13.850000381469728,4.03,4.36,0.0106844460775146,-0.0299997329711896,-0.0021613640290951,-0.33,0.010466617650276427,0.007542364994574683,0.0069662798907063105,0.0124936882116097,-0.0006006499345398,0.0005384566621152783,-0.1400000000000005,0.1449626584490263,0.003982270554759806,False,False,False,True,False
2024-02-05,4957.18994140625,4957.18994140625,4918.08984375,4942.81005859375,4023640000,13.670000076293944,4.17,4.46,-0.0031863375266721,-0.1800003051757848,-0.01299641156809,-0.29,0.01037303616343252,0.007731430174223189,0.006956606742774654,0.0106844460775146,-0.0161057446115979,0.002805702927833478,-0.08000000000000007,0.1417994051455224,0.0033703827532391493,False,False,False,True,False
2024-02-06,4950.16015625,4957.77001953125,4934.8798828125,4954.22998046875,4440880000,13.0600004196167,4.09,4.39,0.0023104108269635,-0.6099996566772443,-0.044623237254774,-0.2999999999999998,0.010367797808043725,0.007725674858641979,0.0069549996010207565,-0.0031863375266721,0.0124936882116097,0.0006570804432628983,8.881784197001252e-16,0.13540344372355215,0.007604032009615351,False,False,False,False,False
2024-02-07,4973.0498046875,4999.89013671875,4969.0498046875,4995.06005859375,4895590000,12.829999923706056,4.09,4.41,0.00824145796339,-0.2300004959106427,-0.017611063439567,-0.3200000000000003,0.005780638484068269,0.007943583931972057,0.006593594189804914,0.0023104108269635,0.0106844460775146,0.0012392925955635585,-0.04000000000000098,0.0741655913095682,0.007907406416629662,False,False,False,False,False
2024-02-08,4995.16015625,5000.39990234375,4987.08984375,4997.91015625,4341860000,12.789999961853027,4.15,4.46,0.0005705832608251,-0.0399999618530291,-0.0031176899525245,-0.3099999999999996,0.005070508301929806,0.007911063783550202,0.006552238139098466,0.00824145796339,-0.0031863375266721,0.006108733110561138,0.020000000000000406,0.06485180098825769,0.008222124170556719,False,False,False,False,False
2024-02-09,5004.169921875,5030.06005859375,5000.33984375,5026.60986328125,3912990000,12.93000030517578,4.17,4.48,0.0057423415255595,0.1400003433227521,0.0109460784785231,-0.3100000000000005,0.0039822705547597785,0.007918680907471339,0.006554080872717591,0.0005705832608251,0.0023104108269635,0.003724112120404218,0.019999999999999518,0.05149075948833646,0.00816549730368573,False,False,False,False,False
2024-02-12,5026.830078125,5048.39013671875,5016.830078125,5021.83984375,3805740000,13.93000030517578,4.17,4.46,-0.0009489536011326,1.0,0.0773395186695942,-0.29,0.003370382753239119,0.007815046970781381,0.006560516165493234,0.0057423415255595,0.00824145796339,0.0027356912100131984,0.0,0.04694943278118011,0.008429527149472028,False,False,False,False,False
2024-02-13,4967.93994140625,4971.2998046875,4920.31005859375,4953.169921875,4302190000,15.850000381469728,4.31,4.64,-0.0136742556536254,1.9200000762939489,0.1378320196863571,-0.33,0.0076040320096153295,0.00911311174182009,0.00739626231691316,-0.0009489536011326,0.0005705832608251,0.003183167995121098,-0.030000000000000193,0.120523910253111,0.005992240054708826,False,False,False,False,False
2024-02-14,4976.43994140625,5002.52001953125,4956.4501953125,5000.6201171875,3845600000,14.380000114440918,4.27,4.56,0.0095797632750176,-1.4700002670288104,-0.0927444941103844,-0.29,0.007907406416629641,0.007519388861943196,0.007474861986777652,-0.0136742556536254,0.0057423415255595,-1.3765300996682051e-05,0.030000000000000304,0.11370850517606508,0.009800508091170567,False,False,False,False,False
2024-02-15,5003.14013671875,5032.72021484375,4999.43994140625,5029.72998046875,4137970000,14.010000228881836,4.24,4.56,0.0058212506847294,-0.369999885559082,-0.0257301726435672,-0.3199999999999994,0.008222124170556702,0.00693692225973522,0.007291218468366074,0.0095797632750176,-0.0009489536011326,0.000253895761328838,-0.009999999999999787,0.11519196151139427,0.009783513500089894,False,False,False,False,False
2024-02-16,5031.1298828125,5038.7001953125,4999.52001953125,5005.56982421875,3833270000,14.239999771118164,4.3,4.64,-0.0048034698371121,0.2299995422363281,0.0164168121683667,-0.3399999999999998,0.008165497303685708,0.0066634279137873014,0.0073389575966515885,0.0058212506847294,-0.0136742556536254,0.0013040292461096981,-0.029999999999999305,0.11627667973555046,0.009641523226489649,False,False,False,False,False
2024-02-20,4989.31982421875,4993.7099609375,4955.02001953125,4975.509765625,4034880000,15.420000076293944,4.27,4.59,-0.0060053220011653,1.1800003051757797,0.082865191302115,-0.3200000000000003,0.008429527149472003,0.00688891433628041,0.007173722487751373,-0.0048034698371121,0.0095797632750176,-0.0008051330264246219,-0.030000000000000304,0.12998330928798016,0.008715777341166736,False,False,False,False,False
2024-02-21,4963.02978515625,4983.2099609375,4946.0,4981.7998046875,3788390000,15.34000015258789,4.32,4.64,0.0012641999229821,-0.0799999237060529,-0.0051880624714808,-0.3199999999999994,0.005992240054708804,0.006871332297450193,0.007171203170715921,-0.0060053220011653,0.0058212506847294,-0.0018164067064311618,0.01000000000000062,0.09192096335357632,0.00898232912712077,False,False,False,False,False
2024-02-22,5038.830078125,5094.39013671875,5038.830078125,5087.02978515625,4051710000,14.539999961853027,4.33,4.69,0.021122884217414,-0.8000001907348633,-0.0521512505069892,-0.3600000000000003,0.009800508091170558,0.009049326342109852,0.00832243746966406,0.0012641999229821,-0.0048034698371121,0.0011712844088903381,-0.07000000000000034,0.1424993872717602,0.0030590549627469233,False,False,False,False,False
2024-02-23,5100.919921875,5111.06005859375,5081.4599609375,5088.7998046875,3672790000,13.75,4.26,4.67,0.0003479475462115,-0.7899999618530273,-0.0543328723470194,-0.4100000000000001,0.009783513500089883,0.009052761436340283,0.008326617447860505,0.021122884217414,-0.0060053220011653,0.0034799085973696185,-0.09000000000000069,0.1345233106262359,0.004322627770927274,False,False,False,False,False
2024-02-26,5093.0,5097.66015625,5068.91015625,5069.52978515625,3683930000,13.739999771118164,4.28,4.69,-0.0037867513501905,-0.0100002288818359,-0.0007272893732244,-0.4100000000000001,0.009641523226489639,0.009093761597683055,0.008388042420352954,0.0003479475462115,0.0012641999229821,0.0023852479696660376,-0.07000000000000028,0.1324745269251981,0.0037232013202868975,False,False,False,False,False
2024-02-27,5074.60009765625,5080.68994140625,5057.2900390625,5078.18017578125,3925950000,13.43000030517578,4.31,4.7,0.0017063496993998,-0.3099994659423846,-0.0225618246802311,-0.3900000000000005,0.008715777341166728,0.009074885283781232,0.008371401204239065,-0.0037867513501905,0.021122884217414,0.002588591667050358,-0.07000000000000023,0.1170528923517133,0.006317183075317865,False,False,False,False,False
2024-02-28,5067.2001953125,5077.3701171875,5058.35009765625,5069.759765625,3789370000,13.84000015258789,4.27,4.64,-0.0016581550604305,0.4099998474121111,0.0305286551076324,-0.3700000000000001,0.00898232912712076,0.0077268976670624365,0.008300682715898787,0.0017063496993998,0.0003479475462115,0.0041309260071633784,-0.05000000000000071,0.12431543648994599,0.006533700408789875,False,False,False,False,False
2024-02-29,5085.35986328125,5104.990234375,5061.89013671875,5096.27001953125,5219740000,13.399999618530272,4.25,4.64,0.0052290946971491,-0.4400005340576189,-0.0317919457519185,-0.3899999999999997,0.003059054962746876,0.007424644984522228,0.00832702670794425,-0.0016581550604305,-0.0037867513501905,0.0035464550104808575,-0.02999999999999936,0.040991335333871275,0.007388280761184474,False,False,False,False,False
2024-03-01,5098.509765625,5140.330078125,5094.16015625,5137.080078125,4748110000,13.109999656677246,4.19,4.54,0.0080078289488876,-0.2899999618530255,-0.021641788814083,-0.3499999999999996,0.004322627770927248,0.007567038343702157,0.007409502037858247,0.0052290946971491,0.0017063496993998,0.00036769710642787763,0.0600000000000005,0.05666964859279975,0.007474368197865258,False,False,False,False,False
2024-03-04,5130.990234375,5149.669921875,5127.18017578125,5130.9501953125,4758440000,13.489999771118164,4.22,4.61,-0.0011932620709189,0.3800001144409179,0.0289855167347297,-0.3900000000000005,0.00372320132028687,0.007308751114066595,0.007125777129522833,0.0080078289488876,-0.0016581550604305,0.0018996733869630976,0.019999999999999574,0.05022598495849673,0.00747309302278244,False,False,False,False,False
2024-03-05,5110.52001953125,5114.5400390625,5056.81982421875,5078.64990234375,4418410000,14.460000038146973,4.13,4.54,-0.0101931008834446,0.9700002670288086,0.0719051359144986,-0.4100000000000001,0.006317183075317841,0.007881802751260079,0.007320915141809241,-0.0011932620709189,0.0052290946971491,0.0024183712428174175,-0.019999999999999574,0.0913464675100774,0.006779313136276787,False,False,False,False,False
2024-03-06,5108.02978515625,5127.97021484375,5092.22021484375,5104.759765625,4559050000,14.5,4.11,4.55,0.0051411032032746,0.0399999618530273,0.0027662490835065,-0.4399999999999995,0.006533700408789857,0.007927127226822388,0.007299906796951287,-0.0101931008834446,0.0080078289488876,3.84811262485376e-05,-0.0699999999999994,0.09473865592745292,0.00708197595974427,False,False,False,False,False
2024-03-07,5132.3798828125,5165.6201171875,5128.2099609375,5157.35986328125,4137980000,14.4399995803833,4.09,4.5,0.0103041279259514,-0.0600004196166992,-0.0041379599735654,-0.4100000000000001,0.00738828076118446,0.00574616550920922,0.007533632803525468,0.0051411032032746,-0.0011932620709189,0.0013983327789895575,-0.020000000000000406,0.10668677109125761,0.006016613881903097,False,False,False,False,False
2024-03-08,5164.4599609375,5189.259765625,5117.5,5123.68994140625,4208870000,14.739999771118164,4.09,4.48,-0.0065285190034379,0.3000001907348633,0.0207756370812095,-0.3900000000000005,0.0074743681978652375,0.006221573747330694,0.007601985204152737,0.0103041279259514,-0.0101931008834446,0.0024133394247500177,-0.040000000000000924,0.11017218552578649,0.00600711508024915,False,False,False,False,False
2024-03-11,5111.9599609375,5124.66015625,5091.14013671875,5117.93994140625,3896430000,15.220000267028809,4.1,4.51,-0.0011222380873464,0.4800004959106445,0.0325644846244277,-0.4100000000000001,0.007473093022782419,0.00607901428622528,0.007617618260785177,-0.0065285190034379,0.0051411032032746,-0.0004939301657150826,-0.019999999999999574,0.11374047780227954,0.006505110966965253,False,False,False,False,False
2024-03-12,5134.2998046875,5179.8701171875,5114.47998046875,5175.27001953125,4080510000,13.84000015258789,4.16,4.58,0.0112017879813663,-1.380000114440918,-0.0906701767562002,-0.4199999999999999,0.0067793131362767775,0.006816802362853648,0.007858917644595436,-0.0011222380873464,0.0103041279259514,-0.00047972536900058255,-0.009999999999999787,0.09382569484051169,0.005014202125746727,False,False,False,False,False
2024-03-13,5173.490234375,5179.14013671875,5151.8798828125,5165.31005859375,4282890000,13.75,4.19,4.61,-0.0019245297153407,-0.0900001525878906,-0.0065029011268515,-0.4199999999999999,0.007081975959744256,0.0068312331270564755,0.00787564727340367,0.0112017879813663,-0.0065285190034379,0.0037992524039615976,0.01999999999999963,0.09737716944648352,0.005913653451916555,False,False,False,False,False
2024-03-14,5175.14013671875,5176.85009765625,5123.2998046875,5150.47998046875,4687970000,14.399999618530272,4.29,4.68,-0.0028710915621273,0.6499996185302717,0.0472726995294743,-0.3899999999999997,0.006016613881903074,0.006867683114188326,0.007199779252603198,-0.0019245297153407,-0.0011222380873464,0.002386125820238538,0.020000000000000406,0.0866392376042482,0.00531959264078259,False,False,False,False,False
2024-03-15,5123.31005859375,5136.85986328125,5104.35009765625,5117.08984375,7753670000,14.40999984741211,4.31,4.72,-0.0064829174844615,0.0100002288818377,0.0006944603574134,-0.4100000000000001,0.006007115080249125,0.0067817366205487105,0.007195182627771966,-0.0028710915621273,0.0112017879813663,-0.0002489180773772023,-0.019999999999999574,0.08656252738977688,0.0034769622464323096,False,False,False,False,False
2024-03-18,5154.77001953125,5175.60009765625,5145.47021484375,5149.419921875,4036220000,14.329999923706056,4.34,4.73,0.0063180595049523,-0.0799999237060529,-0.0055516949724617,-0.3900000000000005,0.006505110966965235,0.007058914851184883,0.007211390850761013,-0.0064829174844615,-0.0019245297153407,-0.00023979777358192224,0.019999999999999574,0.09321823966031124,0.004414047834421219,False,False,False,False,False
2024-03-19,5139.08984375,5180.31005859375,5131.58984375,5178.509765625,4031760000,13.81999969482422,4.3,4.68,0.0056491496501236,-0.5100002288818359,-0.0355896881784447,-0.3799999999999999,0.005014202125746699,0.006237173549810487,0.007143957709041016,0.0063180595049523,-0.0028710915621273,0.0012482617448778177,0.03999999999999998,0.06929627184760634,0.004563486397646747,False,False,False,False,False
2024-03-20,5181.68994140625,5226.18994140625,5171.5498046875,5224.6201171875,4064850000,13.039999961853027,4.27,4.59,0.0089041739128465,-0.7799997329711932,-0.0564399240372859,-0.3200000000000003,0.00591365345191654,0.006524151141680495,0.007089118500417632,0.0056491496501236,-0.0064829174844615,0.00013773407862927768,0.09999999999999959,0.0771140407874037,0.004468777285496709,False,False,False,False,False
2024-03-21,5253.43017578125,5261.10009765625,5240.66015625,5241.52978515625,4207730000,12.920000076293944,4.27,4.62,0.003236535401516,-0.1199998855590838,-0.0092024452385068,-0.3500000000000005,0.005319592640782578,0.0059841013543639075,0.0070871217286887596,0.0089041739128465,0.0063180595049523,0.0023034748042667177,0.0399999999999992,0.0687291373247636,0.004327397881625796,False,False,False,False,False
2024-03-22,5242.47998046875,5246.08984375,5229.8701171875,5234.18017578125,3374700000,13.0600004196167,4.22,4.59,-0.0014021878490156,0.1400003433227556,0.0108359398216748,-0.3700000000000001,0.003476962246432296,0.0054590938042311755,0.0057598195818585034,0.003236535401516,0.0056491496501236,0.0035250001969953774,0.03999999999999998,0.045409128397397205,0.004387584397336065,False,False,False,False,False
2024-03-25,5219.52001953125,5229.08984375,5216.08984375,5218.18994140625,3331360000,13.1899995803833,4.25,4.54,-0.0030549644525015,0.1299991607666015,0.0099539936133032,-0.29,0.0044140478344212005,0.005603839999123683,0.005833838101106889,-0.0014021878490156,0.0089041739128465,0.004541146124084557,0.10000000000000053,0.05822128908380745,0.005271976859622495,False,False,False,False,False
2024-03-26,5228.85009765625,5235.16015625,5203.419921875,5203.580078125,3871790000,13.239999771118164,4.24,4.56,-0.0027997952250302,0.0500001907348632,0.003790765149775,-0.3199999999999994,0.0045634863976467205,0.0048124633450834335,0.005797228112345777,-0.0030549644525015,0.003236535401516,0.0026665413325937973,0.0600000000000005,0.060420558860343435,0.005155200897419794,False,False,False,False,False
2024-03-27,5226.31005859375,5249.259765625,5213.919921875,5248.490234375,3850500000,12.779999732971191,4.2,4.54,0.0086306265255329,-0.4600000381469726,-0.0347432058987206,-0.3399999999999998,0.004468777285496683,0.005286560538634258,0.006006360913737302,-0.0027997952250302,-0.0014021878490156,0.0009767523575630378,-0.019999999999999518,0.05711097251535533,0.005213816788827829,False,False,False,False,False
2024-03-28,5248.02978515625,5264.85009765625,5245.81982421875,5254.35009765625,3998270000,13.010000228881836,4.2,4.59,0.001116485507179,0.2300004959106445,0.0179969092892282,-0.3899999999999997,0.004327397881625767,0.005079650765287725,0.005963821270162868,0.0086306265255329,-0.0030549644525015,0.000922042880100318,-0.0399999999999992,0.056299447430414006,0.007941253739811473,False,False,False,False,False
2024-04-01,5257.97021484375,5263.9501953125,5229.2001953125,5243.77001953125,3325930000,13.649999618530272,4.33,4.72,-0.0020135845401164,0.6399993896484357,0.0491928807370545,-0.3899999999999997,0.004387584397336036,0.004472997367581357,0.005960466640073234,0.001116485507179,-0.0027997952250302,0.000498032901232918,-0.019999999999999574,0.05989052534990627,0.007962743555621807,False,False,False,False,False
2024-04-02,5204.2900390625,5208.33984375,5184.0498046875,5205.81005859375,3886590000,14.609999656677246,4.36,4.7,-0.0072390590731691,0.9600000381469744,0.0703296750897888,-0.3399999999999998,0.005271976859622467,0.0051072752083786655,0.006036708425725447,-0.0020135845401164,0.0086306265255329,0.000375753563012758,-0.04999999999999982,0.07702358010909463,0.007464268271362785,False,False,False,False,False
2024-04-03,5194.3701171875,5228.75,5194.3701171875,5211.490234375,3703250000,14.329999923706056,4.36,4.68,0.0010911223646881,-0.2799997329711896,-0.0191649376831587,-0.3199999999999994,0.00515520089741977,0.004879501154506406,0.006023056764168147,-0.0072390590731691,0.001116485507179,-0.000461065361120762,0.0,0.0738740284667147,0.00834839523806945,False,False,False,False,False
2024-04-04,5244.0498046875,5256.58984375,5146.06005859375,5147.2099609375,4075680000,16.350000381469727,4.31,4.65,-0.0123343363503796,2.02000045776367,0.1409630473494973,-0.3400000000000007,0.005213816788827788,0.0054158961001973495,0.0062224425129777505,0.0010911223646881,-0.0020135845401164,0.000317118156822898,-8.881784197001252e-16,0.08524590648624761,0.007066044546962765,False,False,False,False,False
2024-04-05,5158.9501953125,5222.18017578125,5157.2099609375,5204.33984375,3386780000,16.030000686645508,4.39,4.73,0.0110991941743316,-0.3199996948242187,-0.0195718463215994,-0.3400000000000007,0.00794125373981145,0.006504452972814231,0.00654771280228892,-0.0123343363503796,-0.0072390590731691,-0.0038758744183596027,0.04999999999999899,0.12729830290200375,0.007884305371711848,False,False,False,False,False
2024-04-08,5211.3701171875,5219.56982421875,5197.35009765625,5202.39013671875,3278180000,15.1899995803833,4.42,4.78,-0.0003746309983179,-0.840001106262207,-0.0524018134922481,-0.3600000000000003,0.007962743555621784,0.006500515972782124,0.006206652234852139,0.0110991941743316,0.0010911223646881,-0.0018793326849290825,0.02999999999999936,0.12095407126859474,0.008436614078345004,False,False,False,False,False
2024-04-09,5217.02978515625,5224.81005859375,5160.77978515625,5209.91015625,3400680000,14.979999542236328,4.36,4.74,0.0014454931932483,-0.2100000381469726,-0.0138248876858543,-0.3799999999999999,0.007464268271362767,0.006469852362636188,0.0060099241187291175,-0.0003746309983179,-0.0123343363503796,-0.0015515419765693822,-0.04000000000000009,0.1118147352881434,0.007969357760272725,False,False,False,False,False
2024-04-10,5167.8798828125,5178.43017578125,5138.7001953125,5160.64013671875,3845930000,15.800000190734863,4.55,4.97,-0.0094569806491084,0.8200006484985352,0.0547396978342042,-0.4199999999999999,0.008348395238069429,0.007027932473930066,0.00638794451586926,0.0014454931932483,0.0110991941743316,0.00018536847671409774,-0.10000000000000048,0.13190464635382698,0.007796022261814915,False,False,False,False,False
2024-04-11,5172.9501953125,5211.77978515625,5138.77001953125,5199.06005859375,3509380000,14.90999984741211,4.56,4.93,0.0074447977105855,-0.8900003433227539,-0.0563291349733432,-0.3700000000000001,0.007066044546962751,0.006876112583004254,0.006130804668648037,-0.0094569806491084,-0.0003746309983179,-0.001924252126045202,-0.029999999999999416,0.10535472311702178,0.005110587852253591,False,False,False,False,False
2024-04-12,5171.509765625,5175.02978515625,5107.93994140625,5123.41015625,3963220000,17.309999465942383,4.5,4.88,-0.0145506882958016,2.399999618530273,0.1609657708311,-0.3799999999999999,0.007884305371711824,0.00793627264267489,0.00688594032913639,0.0074447977105855,0.0014454931932483,0.002031574686147818,-0.0399999999999992,0.13647732177365834,0.00383946462101853,False,False,False,False,False
2024-04-15,5149.669921875,5168.43017578125,5052.47021484375,5061.81982421875,3950210000,19.229999542236328,4.63,4.93,-0.012021354947762,1.920000076293945,0.1109185520237343,-0.2999999999999998,0.008436614078344977,0.008428944867900908,0.0073074017856237985,-0.0145506882958016,-0.0094569806491084,-0.0030984018078788218,0.0600000000000005,0.16223608486459845,0.00591905541997075,False,False,False,False,False
2024-04-16,5064.58984375,5079.83984375,5039.830078125,5051.41015625,4006200000,18.39999961853028,4.67,4.97,-0.0020565070133361,-0.8299999237060511,-0.043161723529065,-0.2999999999999998,0.007969357760272694,0.008341348826682712,0.007203532947635819,-0.012021354947762,0.0074447977105855,-0.0054277465977676425,0.08000000000000007,0.14663617974894888,0.008139669906529196,False,False,False,False,False
2024-04-17,5068.97021484375,5077.9599609375,5007.25,5022.2099609375,3596130000,18.209999084472656,4.59,4.93,-0.0057806027246414,-0.1900005340576207,-0.0103261161954739,-0.3399999999999998,0.007796022261814883,0.008261032768125348,0.007111306095862089,-0.0020565070133361,-0.0145506882958016,-0.0061281466390845215,0.08000000000000007,0.14196555825017745,0.007500001512373512,False,False,False,False,False
2024-04-18,5031.52001953125,5056.66015625,5001.89013671875,5011.1201171875,3619760000,18.0,4.64,4.98,-0.0022081601199982,-0.2099990844726562,-0.0115320755096423,-0.3400000000000007,0.005110587852253537,0.007739685240300602,0.006947758308649855,-0.0057806027246414,-0.012021354947762,-0.005392871054191122,0.029999999999999416,0.09199058134056366,0.00781811195733034,False,False,False,False,False
2024-04-19,5005.43994140625,5019.02001953125,4953.56005859375,4967.22998046875,3878750000,18.709999084472656,4.62,4.97,-0.0087585481274361,0.7099990844726562,0.0394443935818142,-0.3499999999999996,0.003839464621018464,0.006387717826827064,0.006697175413382842,-0.0022081601199982,-0.0020565070133361,-0.007323462620307862,0.030000000000000304,0.07183637954412062,0.006382957301201218,False,False,False,False,False
2024-04-22,4987.330078125,5038.83984375,4969.39990234375,5010.60009765625,3820250000,16.940000534057617,4.62,4.97,0.0087312480714667,-1.769998550415039,-0.0946017443626682,-0.3499999999999996,0.00591905541997072,0.007484542491481766,0.007011472652760756,-0.0087585481274361,-0.0057806027246414,-0.006165034586634762,-0.04999999999999977,0.10026880197542062,0.00617031279910353,False,False,False,False,False
2024-04-23,5028.85009765625,5076.1201171875,5027.9599609375,5070.5498046875,3751400000,15.6899995803833,4.61,4.86,0.0119645762708726,-1.2500009536743164,-0.0737899004879727,-0.25,0.00813966990652918,0.008766219506095936,0.007627308553644699,0.0087312480714667,-0.0022081601199982,-0.002014513982789022,0.04999999999999982,0.12771141741790143,0.00864606579759916,False,False,False,False,False
2024-04-24,5084.85986328125,5089.47998046875,5047.02001953125,5071.6298828125,3656740000,15.970000267028809,4.65,4.89,0.0002130100613548,0.2800006866455078,0.0178458058721417,-0.2399999999999993,0.007500001512373499,0.008493225336086038,0.007626969628129488,0.0119645762708726,-0.0087585481274361,0.0007897026740527179,0.1000000000000005,0.11977502615532125,0.008638053025900025,False,False,False,False,False
2024-04-25,5019.8798828125,5057.75,4990.580078125,5048.419921875,3958050000,15.369999885559082,4.7,4.96,-0.0045764303535156,-0.6000003814697266,-0.0375704678420368,-0.2599999999999998,0.007818111957330327,0.00794663989267185,0.007652652574652886,0.0002130100613548,0.0087312480714667,0.001988425231251958,0.0800000000000009,0.12016437988945522,0.009535871103298371,False,False,False,False,False
2024-04-26,5084.64990234375,5114.6201171875,5073.14013671875,5099.9599609375,3604140000,15.029999732971191,4.67,4.96,0.010209142634743,-0.3400001525878906,-0.0221210250565674,-0.29,0.006382957301201212,0.007787889408557207,0.007757945908414488,-0.0045764303535156,0.0119645762708726,0.0015147711845484779,0.05999999999999961,0.09593584653262073,0.010038537878919895,False,False,False,False,False
2024-04-29,5114.1298828125,5123.490234375,5088.64990234375,5116.169921875,3447450000,14.670000076293944,4.63,4.97,0.0031784486665891,-0.3599996566772478,-0.0239520733914265,-0.3399999999999998,0.006170312799103521,0.006797208457152789,0.007801291964022768,0.010209142634743,0.0002130100613548,0.005308309336984297,0.009999999999999787,0.09051848923360616,0.010713352545378793,False,False,False,False,False
2024-04-30,5103.77978515625,5110.830078125,5035.31005859375,5035.68994140625,4082470000,15.649999618530272,4.69,5.04,-0.0157305135868621,0.979999542236328,0.0668029677668484,-0.3499999999999996,0.008646065797599141,0.008464017930897391,0.008390869191244234,0.0031784486665891,-0.0045764303535156,0.004197749456008778,-0.09999999999999959,0.1353109264342142,0.006036607508668609,False,False,False,False,False
2024-05-01,5029.02978515625,5096.1201171875,5013.4501953125,5018.39013671875,4544170000,15.390000343322754,4.63,4.96,-0.003435438815494,-0.2599992752075177,-0.0166133726226848,-0.33,0.008638053025900004,0.008339822541692899,0.008314173059692433,-0.0157305135868621,0.010209142634743,-0.0013412685155381617,-0.09000000000000072,0.13293963903424122,0.005039920440648826,False,False,False,False,False
2024-05-02,5049.31982421875,5073.2099609375,5011.0498046875,5064.2001953125,4381660000,14.68000030517578,4.58,4.87,0.009128437077573,-0.7100000381469744,-0.0461338546009209,-0.29,0.009535871103298359,0.008729619654279066,0.008613892677850189,-0.003435438815494,0.0031784486665891,-0.002070958290907922,-0.030000000000000193,0.1399865907065368,0.004902885573530233,False,False,False,False,False
2024-05-03,5122.77978515625,5139.1201171875,5101.22021484375,5127.7900390625,3924990000,13.489999771118164,4.5,4.81,0.0125567397214785,-1.1900005340576154,-0.0810627049944987,-0.3099999999999996,0.010038537878919885,0.008666133163255796,0.008729486099164616,0.009128437077573,-0.0157305135868621,0.000670015195309798,-0.01999999999999963,0.13541987368899028,0.0037237083274269814,False,False,False,False,False
2024-05-06,5142.419921875,5181.0,5142.419921875,5180.740234375,3683250000,13.489999771118164,4.49,4.82,0.0103261239070118,0.0,0.0,-0.33,0.010713352545378786,0.00877994822701455,0.00868351319442483,0.0125567397214785,-0.003435438815494,0.0011395346126568979,0.009999999999999787,0.14452312338506804,0.0019088612039011462,False,False,False,True,False
2024-05-07,5187.2001953125,5200.22998046875,5178.9599609375,5187.7001953125,3987890000,13.229999542236328,4.47,4.82,0.001343429823275,-0.2600002288818359,-0.0192735532463456,-0.3500000000000005,0.006036607508668608,0.008307340902336754,0.008689372874212817,0.0103261239070118,0.009128437077573,0.002569069660741438,-8.881784197001252e-16,0.07986431457634607,0.0022988066384369743,False,False,False,False,False
2024-05-08,5168.97998046875,5191.9501953125,5165.85986328125,5187.669921875,3842100000,13.0,4.48,4.84,-5.835618166138978e-06,-0.2299995422363281,-0.0173846976715352,-0.3599999999999994,0.005039920440648827,0.008313152295170023,0.008682599973698336,0.001343429823275,0.0125567397214785,0.0059838583427688575,-0.02999999999999936,0.06551896572843476,0.004076217101129704,False,False,False,False,False
2024-05-09,5189.02978515625,5215.2998046875,5180.41015625,5214.080078125,3727370000,12.6899995803833,4.45,4.8,0.0050909476986258,-0.3100004196166992,-0.0238461861243615,-0.3499999999999996,0.004902885573530231,0.008014079401023578,0.00849193490462226,-5.835618166138978e-06,0.0103261239070118,0.0066697789822344295,-0.05999999999999961,0.06221761587076597,0.004844451255875035,False,False,False,False,False
2024-05-10,5225.490234375,5239.66015625,5209.68017578125,5222.68017578125,3617900000,12.550000190734863,4.5,4.87,0.0016493988445498,-0.1399993896484375,-0.0110322611724001,-0.3700000000000001,0.003723708327426969,0.007676825326919012,0.008355706093463394,0.0050909476986258,0.001343429823275,0.00586228110644499,-0.0600000000000005,0.046732540219449455,0.004878752319714065,False,False,False,False,False
2024-05-13,5233.080078125,5237.259765625,5211.16015625,5221.419921875,4255710000,13.600000381469728,4.48,4.85,-0.0002413040553572,1.050000190734865,0.0836653525718698,-0.3699999999999992,0.0019088612039010998,0.00771107702261277,0.007676746484749888,0.0016493988445498,-5.835618166138978e-06,0.00368081293105925,-0.0399999999999992,0.02596051310122772,0.0047412083241907274,False,False,False,False,False
2024-05-14,5221.10009765625,5250.3701171875,5217.97998046875,5246.68017578125,4763580000,13.420000076293944,4.45,4.81,0.0048378131397597,-0.1800003051757848,-0.0132353161858024,-0.3599999999999994,0.0022988066384369414,0.0049313091098506946,0.007143110519240403,-0.0002413040553572,0.0050909476986258,0.0015673273385854503,-0.009999999999998899,0.030849985263208778,0.004682431810120882,False,False,False,False,False
2024-05-15,5263.259765625,5311.759765625,5263.259765625,5308.14990234375,4360810000,12.449999809265137,4.36,4.73,0.0117159278825962,-0.9700002670288068,-0.0722801983244608,-0.3700000000000001,0.004076217101129697,0.0046976878410154065,0.007392770995855457,0.0048378131397597,0.0016493988445498,0.00226620400188239,-0.01000000000000073,0.05074890213158801,0.0020051882959393956,False,False,False,False,False
2024-05-16,5310.06982421875,5325.490234375,5296.18994140625,5297.10009765625,3817470000,12.420000076293944,4.38,4.78,-0.0020816677921287,-0.0299997329711931,-0.0024096171430354,-0.4000000000000003,0.004844451255875023,0.005055440521862983,0.007238433702538468,0.0117159278825962,-0.0002413040553572,0.004610556702034857,-0.05000000000000071,0.060168084967570076,0.0035831960669569524,False,False,False,False,False
2024-05-17,5303.10009765625,5305.4501953125,5283.58984375,5303.27001953125,3578120000,11.989999771118164,4.42,4.83,0.0011647735102702,-0.4300003051757795,-0.0346216024584831,-0.4100000000000001,0.004878752319714053,0.0043502443605942095,0.0071677704545954676,-0.0020816677921287,0.0048378131397597,0.0031760336038839584,-0.03999999999999998,0.058496239196713706,0.004855734768500141,False,False,False,False,False
2024-05-20,5305.35009765625,5325.31982421875,5302.39990234375,5308.1298828125,3420100000,12.149999618530272,4.44,4.82,0.0009163899374069,0.1599998474121076,0.0133444412399006,-0.3799999999999999,0.004741208324190715,0.0037176867656579966,0.006711065854296334,0.0011647735102702,0.0117159278825962,0.003079108537028038,-0.010000000000000675,0.05760567933028974,0.004839680955593036,False,False,False,False,False
2024-05-21,5298.68994140625,5324.31982421875,5297.8701171875,5321.41015625,3662240000,11.859999656677246,4.41,4.82,0.0025018742439781,-0.2899999618530255,-0.0238683103669188,-0.4100000000000001,0.004682431810120869,0.003699749424283997,0.0065961969278652355,0.0009163899374069,-0.0020816677921287,0.0033106473355808573,-0.05000000000000071,0.05553363966044812,0.005372601573912776,False,False,False,False,False
2024-05-22,5319.27978515625,5323.18017578125,5286.009765625,5307.009765625,3847130000,12.289999961853027,4.43,4.86,-0.0027061230392261,0.4300003051757812,0.0362563505584663,-0.4300000000000006,0.002005188295939336,0.003965765132866542,0.006371348856398448,0.0025018742439781,0.0011647735102702,0.0028434595564245375,-0.0600000000000005,0.02464376408060258,0.005607539310085473,False,False,False,False,False
2024-05-23,5340.259765625,5341.8798828125,5256.93017578125,5267.83984375,3869520000,12.770000457763672,4.47,4.91,-0.0073807894850155,0.4800004959106445,0.0390561836778291,-0.4400000000000004,0.0035831960669569134,0.004767260628428794,0.006681418642566117,-0.0027061230392261,0.0009163899374069,-4.0950627939922125e-05,-0.04000000000000009,0.04575741541529677,0.006367862769363381,False,False,False,False,False
2024-05-24,5281.4501953125,5311.64990234375,5278.39013671875,5304.72021484375,3005510000,11.93000030517578,4.46,4.93,0.0070010425881694,-0.8400001525878924,-0.0657791795204834,-0.4699999999999997,0.004855734768500116,0.005095014875225726,0.006607169523044713,-0.0073807894850155,0.0025018742439781,-0.0011007749665172821,-0.05999999999999961,0.057928917270059034,0.005524659909515743,False,False,False,False,False
2024-05-28,5315.91015625,5315.91015625,5280.89013671875,5306.0400390625,3751540000,12.920000076293944,4.54,4.94,0.000248801852934,0.989999771118164,0.0829840524554434,-0.4000000000000003,0.004839680955593011,0.005079662874241777,0.006381993223893631,0.0070010425881694,-0.0027061230392261,6.647884906255778e-05,-0.020000000000000406,0.06252867831550005,0.005594146094418425,False,False,False,False,False
2024-05-29,5278.72998046875,5282.27001953125,5262.7001953125,5266.9501953125,3552750000,14.279999732971191,4.61,4.96,-0.0073670465096804,1.359999656677248,0.1052631307001787,-0.3499999999999996,0.0053726015739127475,0.005599916203666872,0.006670667717721312,0.000248801852934,-0.0073807894850155,-6.703876783202217e-05,0.0600000000000005,0.07672074904083463,0.006155334772908566,False,False,False,False,False
2024-05-30,5259.77001953125,5260.2099609375,5222.10009765625,5235.47998046875,3818750000,14.470000267028809,4.55,4.92,-0.0059750355854433,0.1900005340576172,0.0133053597766479,-0.3700000000000001,0.005607539310085443,0.004415100175237046,0.005735168001215147,-0.0073670465096804,0.0070010425881694,-0.002040822918563722,0.0600000000000005,0.08114109531431091,0.004667927958052433,False,False,False,False,False
2024-05-31,5243.2099609375,5280.330078125,5191.68017578125,5277.509765625,5437160000,12.920000076293944,4.51,4.89,0.0080278762048646,-1.550000190734865,-0.1071181867402365,-0.3799999999999999,0.006367862769363364,0.0052199567762264976,0.005749655447914684,-0.0059750355854433,0.000248801852934,-0.002694605427807162,0.0600000000000005,0.08227278746600403,0.004702384620043973,False,False,False,False,False
2024-06-03,5297.14990234375,5302.10986328125,5234.31982421875,5283.39990234375,4046920000,13.109999656677246,4.41,4.82,0.0011160825806737,0.1899995803833025,0.014705849788029,-0.4100000000000001,0.005524659909515718,0.0052185577051941014,0.005554137302974172,0.0080278762048646,-0.0073670465096804,0.00038712771016885804,0.05999999999999961,0.07242828951700961,0.004644191675262593,False,False,False,False,False
2024-06-04,5278.240234375,5298.7998046875,5257.6298828125,5291.33984375,3707900000,13.15999984741211,4.33,4.77,0.0015028090913065,0.0500001907348632,0.003813897181103,-0.4399999999999995,0.005594146094418403,0.005235856455333091,0.00503123385503949,0.0011160825806737,-0.0059750355854433,-0.000789864291330282,-0.0399999999999992,0.07361896174894723,0.004595184066372813,False,False,False,False,False
2024-06-05,5314.47998046875,5354.16015625,5297.64013671875,5354.02978515625,3591460000,12.630000114440918,4.29,4.72,0.0118476497933313,-0.5299997329711914,-0.0402735364070246,-0.4299999999999997,0.006155334772908558,0.006365371133409674,0.0051668166050387685,0.0015028090913065,0.0080278762048646,-0.000539062843655782,-0.08000000000000013,0.07774187888625725,0.0033601674751819023,False,False,False,False,False
2024-06-06,5357.7998046875,5362.35009765625,5335.35986328125,5352.9599609375,3609990000,12.579999923706056,4.28,4.72,-0.0001998166356331,-0.0500001907348615,-0.0039588432527163,-0.4399999999999995,0.004667927958052425,0.006277758877138802,0.005180633408717841,0.0118476497933313,0.0011160825806737,0.003303876416946558,-0.0699999999999994,0.058722533356164876,0.0030956216447759377,False,False,False,False,False
2024-06-07,5343.81005859375,5375.080078125,5331.330078125,5346.990234375,3692760000,12.220000267028809,4.43,4.87,-0.0011152197300303,-0.3599996566772478,-0.0286168250286595,-0.4400000000000004,0.004702384620043959,0.0057086780699686845,0.005201413465837663,-0.0001998166356331,0.0015028090913065,0.004458920206908598,-0.0600000000000005,0.057463141312609343,0.002911581271777447,False,False,False,False,False
2024-06-10,5341.22021484375,5365.7900390625,5331.52001953125,5360.7900390625,3622280000,12.739999771118164,4.47,4.87,0.0025808546645145,0.5199995040893555,0.0425531499776137,-0.4000000000000003,0.00464419167526258,0.00543065431093369,0.005145020717346614,-0.0011152197300303,0.0118476497933313,0.0026303010199296177,0.009999999999999787,0.05916700087987415,0.0033847470666021496,False,False,False,False,False
2024-06-11,5353.0,5375.9501953125,5327.25,5375.31982421875,3568030000,12.850000381469728,4.39,4.81,0.0027103813151374,0.1100006103515642,0.0086342709833431,-0.4199999999999999,0.004595184066372801,0.005443775140349681,0.005153058666784489,0.0025808546645145,-0.0001998166356331,0.002923255436697778,0.01999999999999963,0.05904811700581411,0.003401807745368753,False,False,False,False,False
2024-06-12,5409.1298828125,5447.25,5409.1298828125,5421.02978515625,3962840000,12.039999961853027,4.31,4.75,0.0085036727919987,-0.810000419616701,-0.0630350502389679,-0.4400000000000004,0.0033601674751818815,0.004975199714420623,0.005354154549223919,0.0027103813151374,-0.0011152197300303,0.003164769881463958,-0.010000000000000675,0.04045641627300964,0.003425204904091076,False,False,False,False,False
2024-06-13,5441.93017578125,5441.93017578125,5402.509765625,5433.740234375,3530380000,11.9399995803833,4.24,4.68,0.0023446558536817,-0.1000003814697265,-0.0083056795503789,-0.4399999999999995,0.003095621644775919,0.004026757832039138,0.00531301488564482,0.0085036727919987,0.0025808546645145,0.002495974481197438,0.0,0.03696172113964994,0.003676111417275047,False,False,False,False,False
2024-06-14,5424.080078125,5432.39013671875,5403.75,5431.60009765625,3438650000,12.65999984741211,4.2,4.67,-0.0003938606975009,0.7200002670288086,0.0603015320211339,-0.4699999999999997,0.0029115812717774277,0.003919459399470485,0.0048278825285388806,0.0023446558536817,0.0027103813151374,0.0030048689790603982,-0.029999999999999305,0.03686061845643019,0.004036745916243349,False,False,False,False,False
2024-06-17,5431.10986328125,5488.5,5420.39990234375,5473.22998046875,3447840000,12.75,4.28,4.75,0.0076643865645527,0.0900001525878906,0.0071090168777756,-0.4699999999999997,0.0033847470666021388,0.004110781320125576,0.004965527615300853,-0.0003938606975009,0.0085036727919987,0.003149140785566278,-0.0699999999999994,0.04315552509917727,0.002826607669870688,False,False,False,False,False
2024-06-18,5476.14990234375,5490.3798828125,5471.31982421875,5487.02978515625,3544330000,12.300000190734863,4.22,4.69,0.0025213273947457,-0.4499998092651367,-0.0352941026874616,-0.4700000000000006,0.003401807745368742,0.0040713605659128144,0.004968644164234276,0.0076643865645527,0.0023446558536817,0.004165847165573918,-0.05000000000000071,0.04184223591687886,0.0026690398963446285,False,False,False,False,False
2024-06-20,5499.990234375,5505.52978515625,5455.56005859375,5473.169921875,3847060000,13.279999732971191,4.25,4.7,-0.0025259318472709,0.979999542236328,0.0796747582959003,-0.4500000000000002,0.003425204904091053,0.0034049530971831587,0.005045854018643882,0.0025213273947457,-0.0003938606975009,0.004128036381495578,-0.009999999999999787,0.045486720211700804,0.0024481194433449696,False,False,False,False,False
2024-06-21,5466.77001953125,5478.31005859375,5452.02978515625,5464.6201171875,6773800000,13.199999809265137,4.25,4.7,-0.0015621303211011,-0.0799999237060546,-0.0060240907616461,-0.4500000000000002,0.0036761114172750215,0.003523785108608327,0.005080450932877149,-0.0025259318472709,0.0076643865645527,0.001922115453641658,-0.010000000000000675,0.04852467000686768,0.002991060430581634,False,False,False,False,False
2024-06-24,5459.580078125,5490.66015625,5447.58984375,5447.8701171875,3696750000,13.329999923706056,4.25,4.71,-0.00306517189499,0.1300001144409197,0.0098484936605582,-0.4599999999999999,0.004036745916243323,0.003742001095682393,0.005094416052374225,-0.0015621303211011,0.0025213273947457,0.0011407582186850978,0.009999999999999787,0.05380982275554423,0.0027420156735610598,False,False,False,False,False
2024-06-25,5460.72998046875,5472.8798828125,5446.56005859375,5469.2998046875,3591960000,12.84000015258789,4.23,4.65,0.0039335900157368,-0.4899997711181658,-0.0367591728374094,-0.4199999999999999,0.0028266076698706464,0.003789124829064929,0.004737776309737915,-0.00306517189499,-0.0025259318472709,0.0006064959791872779,0.04999999999999982,0.036293642912445204,0.003315140763227964,False,False,False,False,False
2024-06-26,5460.7099609375,5483.14013671875,5451.8701171875,5477.89990234375,3563920000,12.550000190734863,4.32,4.71,0.0015724312002203,-0.2899999618530273,-0.02258566654258,-0.3899999999999997,0.002669039896344583,0.0037835584575853063,0.004592820850345606,0.0039335900157368,-0.0015621303211011,-0.00013966333057590218,0.0800000000000009,0.03349645120820348,0.003623652437289216,False,False,False,False,False
2024-06-27,5473.58984375,5490.81005859375,5467.5400390625,5482.8701171875,3589530000,12.239999771118164,4.29,4.7,0.0009073212238914,-0.3100004196166992,-0.0247012282793078,-0.4100000000000001,0.002448119443344925,0.003078131335980795,0.004586131318258962,0.0015724312002203,-0.00306517189499,-0.00032944256948098217,0.04000000000000009,0.029964981426211807,0.003763356801658223,False,False,False,False,False
2024-06-28,5488.47998046875,5523.64013671875,5451.1201171875,5460.47998046875,7199220000,12.4399995803833,4.36,4.71,-0.0040836525834456,0.1999998092651367,0.0163398540036792,-0.3499999999999996,0.002991060430581594,0.0034124421182626123,0.004327353951060361,0.0009073212238914,0.0039335900157368,0.00035720804475147783,0.10000000000000059,0.037208790501336124,0.0019345885235520386,False,False,False,False,False
2024-07-01,5471.080078125,5479.5498046875,5446.52978515625,5475.08984375,3488760000,12.220000267028809,4.48,4.77,0.0026755639309195,-0.2199993133544922,-0.0176848328597543,-0.2899999999999991,0.0027420156735610247,0.0034562844416290064,0.003971466882028303,-0.0040836525834456,0.0015724312002203,-0.00014709640771742218,0.17000000000000082,0.0335074322631129,0.0023305278098845503,False,False,False,False,False
2024-07-02,5461.83984375,5509.68994140625,5458.43017578125,5509.009765625,3329950000,12.029999732971191,4.43,4.74,0.0061953178565135,-0.1900005340576172,-0.0155483248695389,-0.3100000000000005,0.0033151407632279373,0.0031818853478313464,0.003859719424521598,0.0026755639309195,0.0009073212238914,0.0010010507574644777,0.10999999999999938,0.039881142496394,0.0034666025481816373,False,False,False,False,False
2024-07-03,5507.43994140625,5539.27001953125,5507.419921875,5537.02001953125,2179470000,12.09000015258789,4.36,4.71,0.005084444409779,0.0600004196166992,0.0049875661636344,-0.3499999999999996,0.0036236524372891955,0.003416346272203577,0.003906048621350328,0.0061953178565135,-0.0040836525834456,0.001453396325619818,0.04000000000000009,0.043809958519751856,0.006281675515687178,False,False,False,False,False
2024-07-05,5537.91015625,5570.330078125,5531.6298828125,5567.18994140625,3253080000,12.479999542236328,4.28,4.6,0.0054487651784855,0.3899993896484375,0.0322580136250003,-0.3199999999999994,0.0037633568016582075,0.00345106810405772,0.003960463956207579,0.005084444409779,0.0026755639309195,0.002155798967531558,0.09000000000000069,0.046966691161966403,0.006289811144331464,False,False,False,False,False
2024-07-08,5572.75,5583.10986328125,5562.509765625,5572.85009765625,3185670000,12.369999885559082,4.28,4.62,0.001016698964751,-0.1099996566772461,-0.0088140753775648,-0.3399999999999998,0.0019345885235520191,0.0032894401099860604,0.003360307053846295,0.0054487651784855,0.0061953178565135,0.003064087758450378,0.009999999999999787,0.02393085981494239,0.006289611689521693,False,False,False,False,False
2024-07-09,5584.240234375,5590.75,5574.56982421875,5576.97998046875,3232920000,12.510000228881836,4.3,4.62,0.0007410719362856,0.1400003433227539,0.0113177319820505,-0.3200000000000003,0.002330527809884531,0.0028796511138036926,0.0033380102307499137,0.001016698964751,0.005084444409779,0.004084158068089698,-0.030000000000001192,0.029154903435070968,0.006448273907232069,False,False,False,False,False
2024-07-10,5591.259765625,5635.39013671875,5586.43994140625,5633.91015625,3336100000,12.850000381469728,4.28,4.62,0.0102080652935148,0.3400001525878924,0.0271782690941071,-0.3399999999999998,0.0034666025481816286,0.0037180510402187944,0.003693382213185249,0.0007410719362856,0.0054487651784855,0.0036972596691629183,-0.029999999999999305,0.04454584406653786,0.008214017483825435,False,False,False,False,False
2024-07-11,5635.2099609375,5642.4501953125,5576.52978515625,5584.5400390625,4020950000,12.920000076293944,4.2,4.5,-0.0087630288411204,0.0699996948242152,0.0054474469063174,-0.2999999999999998,0.006281675515687164,0.005132291047085894,0.00440324565931114,0.0102080652935148,0.001016698964751,0.004499809156563178,0.04999999999999977,0.08115924814193196,0.008055929198694276,False,False,False,False,False
2024-07-12,5590.759765625,5655.56005859375,5590.43994140625,5615.35009765625,3700280000,12.460000038146973,4.18,4.45,0.0055170270744306,-0.4600000381469709,-0.0356037179125868,-0.2700000000000004,0.00628981114433145,0.005224745841064832,0.004466175804701592,-0.0087630288411204,0.0007410719362856,0.0017303145063832979,0.04999999999999899,0.07837104709830711,0.007449785585765536,False,False,False,False,False
2024-07-15,5638.16015625,5666.93994140625,5614.75,5631.22021484375,3620470000,13.119999885559082,4.23,4.44,0.0028262026252154,0.6599998474121094,0.0529694899993165,-0.2099999999999999,0.00628961168952168,0.004757029772533929,0.0042357911052243345,0.0055170270744306,0.0102080652935148,0.0017439668855723177,0.1299999999999999,0.0825197046467355,0.00933763420752909,False,False,False,False,False
2024-07-16,5644.08984375,5669.669921875,5639.02001953125,5667.2001953125,4041760000,13.1899995803833,4.17,4.43,0.0063893754987431,0.0699996948242187,0.0053353426398474,-0.2599999999999998,0.0064482739072320595,0.004853771429004783,0.004345708033824796,0.0028262026252154,-0.0087630288411204,0.0021058676176651976,0.0600000000000005,0.08505273013058745,0.008339364990134851,False,False,False,False,False
2024-07-17,5610.06982421875,5622.490234375,5584.81005859375,5588.27001953125,4246450000,14.479999542236328,4.16,4.42,-0.0139275432419937,1.2899999618530271,0.0978013648894702,-0.2599999999999998,0.008214017483825418,0.007001428742202022,0.005504195908989306,0.0063893754987431,0.0055170270744306,0.0032355283301566977,0.08000000000000002,0.11893896940571325,0.010955722758196286,False,False,False,False,False
2024-07-18,5608.56005859375,5614.0498046875,5522.81005859375,5544.58984375,4007510000,15.93000030517578,4.2,4.46,-0.0078164039369225,1.4500007629394511,0.1001381774018694,-0.2599999999999998,0.008055929198694257,0.007391345627125076,0.005646677458119149,-0.0139275432419937,0.0028262026252154,-0.0015915933769450022,0.040000000000000036,0.128330954593674,0.010908149851060192,False,False,False,False,False
2024-07-19,5543.3701171875,5557.5,5497.0400390625,5505.0,3760570000,16.520000457763672,4.25,4.49,-0.0071402655319269,0.5900001525878924,0.037037045906157,-0.2400000000000002,0.007449785585765509,0.007455841098268566,0.005863516807938102,-0.0078164039369225,0.0063893754987431,-0.001402268396105422,0.030000000000000193,0.1230704612870874,0.01258193693299251,False,False,False,False,False
2024-07-22,5544.5400390625,5570.35986328125,5529.0400390625,5564.41015625,3375180000,14.90999984741211,4.26,4.5,0.0107920356494095,-1.6100006103515625,-0.0974576613643454,-0.2400000000000002,0.009337634207529073,0.008265469994738118,0.006245122223186935,-0.0071402655319269,-0.0139275432419937,-0.003933726917376921,-0.030000000000000304,0.13922412460944858,0.011171416056035739,False,False,False,False,False
2024-07-23,5565.2998046875,5585.33984375,5550.89990234375,5555.740234375,3500210000,14.720000267028809,4.25,4.4,-0.0015581025897707,-0.1899995803833007,-0.0127430974062873,-0.1500000000000003,0.008339364990134827,0.008270370116198135,0.006245049518281,0.0107920356494095,-0.0078164039369225,-0.002340560312538102,0.10999999999999949,0.12275545488163535,0.01113051682740583,False,False,False,False,False
2024-07-24,5505.83984375,5508.0400390625,5419.97998046875,5427.1298828125,3945550000,18.040000915527344,4.28,4.37,-0.0231490937547349,3.320000648498535,0.2255435182249945,-0.0899999999999998,0.010955722758196266,0.009905698812408178,0.00804368819890066,-0.0015581025897707,-0.0071402655319269,-0.003930055930240862,0.16999999999999998,0.19764124858812437,0.008511507260703235,False,False,False,True,True
2024-07-25,5428.7001953125,5491.58984375,5390.9501953125,5399.22021484375,4592120000,18.459999084472656,4.27,4.41,-0.0051426202378422,0.4199981689453125,0.0232814937710903,-0.1400000000000005,0.01090814985106017,0.009778760683413488,0.008056539066519281,-0.0231490937547349,0.0107920356494095,-0.005774366032789102,0.11999999999999927,0.20136443626386127,0.010666299751901443,False,False,False,True,False
2024-07-26,5433.669921875,5488.31982421875,5430.7001953125,5459.10009765625,3638770000,16.389999389648438,4.2,4.36,0.0110904687028463,-2.0699996948242188,-0.1121343335583027,-0.1600000000000001,0.012581936932992498,0.010405355860268148,0.008424287743559961,-0.0051426202378422,-0.0015581025897707,-0.005239609292973041,0.08000000000000013,0.20621793865234217,0.011971914289173912,False,False,False,True,False
2024-07-29,5476.5498046875,5487.740234375,5444.43994140625,5463.5400390625,3379970000,16.600000381469727,4.17,4.36,0.0008133101292933,0.210000991821289,0.0128127516559837,-0.1900000000000004,0.011171416056035721,0.010314347028594057,0.008423761331633708,0.0110904687028463,-0.0231490937547349,-0.0015934624460184018,0.04999999999999982,0.18544551079175,0.015317026304204086,False,False,False,True,False
2024-07-30,5478.72998046875,5489.4599609375,5401.7001953125,5436.43994140625,3777740000,17.690000534057617,4.15,4.35,-0.0049601718780302,1.0900001525878906,0.0656626582855164,-0.1999999999999993,0.01113051682740581,0.009835930704325622,0.00844537937851917,0.0008133101292933,-0.0051426202378422,-0.003589207550041642,-0.04999999999999899,0.1968988486211461,0.017449687398691904,False,False,False,True,False
2024-07-31,5505.58984375,5551.509765625,5493.75,5522.2998046875,4546910000,16.360000610351562,4.09,4.29,0.0157933986591674,-1.329999923706055,-0.0751837130329915,-0.2000000000000001,0.00851150726070323,0.01085485607307871,0.009093333048106163,-0.0049601718780302,0.0110904687028463,-0.004269621407693542,-0.11000000000000029,0.13924826398011658,0.013298917339764607,False,False,False,False,False
2024-08-01,5537.83984375,5566.16015625,5410.419921875,5446.68017578125,4703620000,18.59000015258789,3.99,4.16,-0.013693502993456,2.229999542236328,0.1363080353936738,-0.1699999999999999,0.010666299751901436,0.011348943105161045,0.009473455001014947,0.0157933986591674,0.0008133101292933,0.003518877075086918,-0.02999999999999939,0.19828651401539588,0.019136671085686747,False,False,False,True,False
2024-08-02,5376.6298828125,5383.89013671875,5302.02978515625,5346.56005859375,5156450000,23.38999938964844,3.8,3.88,-0.0183818608686967,4.79999923706055,0.2582032919667485,-0.08,0.011971914289173897,0.012343776887895303,0.010111715848677517,-0.013693502993456,-0.0049601718780302,0.0018087005239641578,0.08000000000000008,0.2800230679167009,0.01798844420445935,False,False,True,True,False
2024-08-05,5151.14013671875,5250.89013671875,5119.259765625,5186.330078125,5333250000,38.56999969482422,3.78,3.89,-0.0299687983886397,15.180000305175778,0.6489953271180455,-0.1100000000000003,0.015317026304204066,0.01381200383554898,0.011632372392023006,-0.0183818608686967,0.0157933986591674,-0.004085765390344442,0.08000000000000008,0.5907776998787654,0.010346697250317935,False,False,True,True,True
2024-08-06,5206.419921875,5312.33984375,5193.56005859375,5240.02978515625,4690190000,27.709999084472656,3.9,3.99,0.010354085880061,-10.860000610351562,-0.2815660019776688,-0.0900000000000003,0.01744968739869189,0.014707365728264084,0.011962669061496334,-0.0299687983886397,-0.013693502993456,-0.010242187093931042,0.10999999999999899,0.48353082184208634,0.011176501721149172,False,False,True,True,False
2024-08-07,5293.1298828125,5330.64013671875,5195.5400390625,5199.5,4558260000,27.850000381469727,3.96,4.0,-0.0077346478585028,0.1400012969970703,0.0050523746525679,-0.04,0.013298917339764581,0.013563661436810055,0.011977470157688597,0.010354085880061,-0.0183818608686967,-0.0071793355423128025,0.1600000000000001,0.37037485298557793,0.00874281137629175,False,False,True,True,False
2024-08-08,5252.56982421875,5328.02978515625,5233.85009765625,5319.31005859375,4016830000,23.790000915527344,3.99,4.04,0.0230426115191364,-4.059999465942383,-0.1457809483063327,-0.0499999999999998,0.019136671085686736,0.01581329614131492,0.012938021563336415,-0.0077346478585028,-0.0299687983886397,-0.011884944845846842,0.1200000000000001,0.4552614226486331,0.006867314466348295,False,False,True,True,False
2024-08-09,5314.66015625,5358.669921875,5300.83984375,5344.16015625,3516400000,20.3700008392334,3.94,4.05,0.0046716768495385,-3.4200000762939453,-0.1437578791374391,-0.1099999999999998,0.017988444204459348,0.015420091788725603,0.01295200277707393,0.0230426115191364,0.010354085880061,-0.004537721943328362,-0.029999999999999805,0.3664246235413401,0.00722545983792617,False,False,False,True,False
2024-08-12,5351.8798828125,5371.2001953125,5324.3701171875,5344.39013671875,3360160000,20.709999084472656,3.9,4.01,4.303397765514916e-05,0.3399982452392578,0.0166911257354691,-0.1099999999999998,0.01034669725031794,0.015407733140131415,0.012852622469822238,0.0046716768495385,-0.0077346478585028,7.298560031867886e-05,4.996003610813204e-16,0.2142800905814003,0.006106604366354867,False,False,False,False,False
2024-08-13,5376.97998046875,5436.5,5376.97998046875,5434.43017578125,3648980000,18.1200008392334,3.85,3.93,0.0168475797535583,-2.589998245239258,-0.1250602781137306,-0.08,0.011176501721149179,0.016360108629709984,0.013450294910487475,4.303397765514916e-05,0.0230426115191364,0.006075352073577648,0.0100000000000003,0.20251822056691665,0.00634175616723626,False,False,False,True,False
2024-08-14,5442.35986328125,5463.22021484375,5415.91015625,5455.2099609375,3380050000,16.190000534057617,3.83,3.94,0.0038237284285767,-1.9300003051757808,-0.1065121531891404,-0.1099999999999998,0.008742811376291761,0.015587573188619062,0.013388665592109604,0.0168475797535583,0.0046716768495385,0.007374050848277108,-0.06999999999999981,0.14154612085132862,0.0063161670137182255,False,False,False,False,False
2024-08-15,5501.1298828125,5546.22998046875,5501.1298828125,5543.22021484375,3723310000,15.229999542236328,3.92,4.08,0.0161332477643307,-0.9600009918212892,-0.059295920948354,-0.1600000000000001,0.006867314466348308,0.01574524080935811,0.013612492793142103,0.0038237284285767,4.303397765514916e-05,0.009685726105693009,-0.11000000000000029,0.10458919617887764,0.006246941343546029,False,False,False,False,False
2024-08-16,5530.5,5561.97998046875,5525.169921875,5554.25,3357690000,14.800000190734863,3.89,4.06,0.0019897793572614,-0.4299993515014648,-0.0282337074475266,-0.1699999999999994,0.007225459837926182,0.014237169127445388,0.013514221186804197,0.0161332477643307,0.0168475797535583,0.008303853354731869,-0.059999999999999595,0.10693680697945458,0.007561568227369521,False,False,False,False,False
2024-08-19,5557.22998046875,5608.2998046875,5550.740234375,5608.25,3222050000,14.649999618530272,3.86,4.06,0.0097222847369131,-0.1500005722045916,-0.0101351736669905,-0.1999999999999997,0.0061066043663548855,0.008686939940389377,0.013556635267770692,0.0019897793572614,0.0038237284285767,0.007767473856276448,-0.0899999999999999,0.08946175163761437,0.006971030604494848,False,False,False,False,False
2024-08-20,5602.8798828125,5620.509765625,5585.5,5597.1201171875,2994420000,15.880000114440918,3.82,3.99,-0.0019845553982971,1.2300004959106463,0.083959080405358,-0.1700000000000003,0.006341756167236268,0.009114953857022694,0.013388171699664482,0.0097222847369131,0.0161332477643307,0.009703324008128037,-0.09000000000000029,0.10070708866146832,0.006879740724322296,False,False,False,False,False
2024-08-21,5603.08984375,5632.68017578125,5591.56982421875,5620.85009765625,3119670000,16.270000457763672,3.79,3.92,0.004239676828782,0.3900003433227539,0.024559215397492,-0.1299999999999999,0.006316167013718234,0.007843760985253861,0.013405350979070889,-0.0019845553982971,0.0019897793572614,0.0059368969777569575,-0.020000000000000087,0.10276404020450747,0.007139997070230146,False,False,False,False,False
2024-08-22,5637.77001953125,5643.22021484375,5560.9501953125,5570.64013671875,2981530000,17.549999237060547,3.86,3.99,-0.0089328055481209,1.279998779296875,0.0786723259547352,-0.1300000000000003,0.006246941343546026,0.007510233798670868,0.012516117947943124,0.004239676828782,0.0097222847369131,0.0060200866577980175,0.029999999999999777,0.10963381581319474,0.005950049343505755,False,False,False,False,False
2024-08-23,5602.490234375,5641.81982421875,5585.16015625,5634.60986328125,3291940000,15.859999656677246,3.81,3.9,0.0114833708501191,-1.6899995803833008,-0.0962962765727367,-0.0899999999999998,0.007561568227369521,0.007784713237052374,0.012607651280913484,-0.0089328055481209,-0.0019845553982971,0.0010068759953076978,0.0799999999999996,0.11992646949002217,0.0054553625148678125,False,False,False,False,False
2024-08-26,5639.66015625,5651.6201171875,5602.33984375,5616.83984375,2938570000,16.149999618530273,3.82,3.91,-0.0031537266931381,0.2899999618530273,0.0182849916854148,-0.0900000000000003,0.006971030604494842,0.008056420163966403,0.012489076446103715,0.0114833708501191,0.004239676828782,0.002905594293879238,0.1099999999999994,0.11258214160335456,0.010388275077939053,False,False,False,False,False
2024-08-27,5602.89013671875,5631.18017578125,5593.47998046875,5625.7998046875,2798990000,15.43000030517578,3.83,3.83,0.001595196086545,-0.719999313354494,-0.044582001879949,0.0,0.006879740724322294,0.007053632618126146,0.012488331212561867,-0.0031537266931381,-0.0089328055481209,0.000330392007868998,0.1700000000000003,0.10615440147582322,0.010176066121098441,False,False,False,False,False
2024-08-28,5624.509765625,5627.02978515625,5560.9501953125,5592.18017578125,3053450000,17.110000610351562,3.84,3.83,-0.0059759732079761,1.680000305175783,0.1088788251424888,0.0099999999999997,0.007139997070230137,0.007599071877613794,0.012515093331005814,0.001595196086545,0.0114833708501191,0.001046342304837418,0.1399999999999996,0.12216535422954601,0.010114394670940212,False,False,False,False,False
2024-08-29,5607.2998046875,5646.9501953125,5583.7099609375,5591.9599609375,3065640000,15.649999618530272,3.87,3.87,-3.937906806072977e-05,-1.4600009918212908,-0.0853302711712347,0.0,0.00595004934350575,0.006101338827687712,0.012096670984802497,-0.0059759732079761,-0.0031537266931381,-0.0009967877025142018,0.1300000000000003,0.09311826995610127,0.01132993460645672,False,False,False,False,False
2024-08-30,5612.740234375,5651.3701171875,5581.7900390625,5648.39990234375,4185850000,15.0,3.91,3.91,0.0100930517744244,-0.6499996185302717,-0.0415335229631983,0.0,0.005455362514867806,0.006701586417138344,0.01180886325427315,-3.937906806072977e-05,0.001595196086545,0.0007818975934978321,0.0899999999999998,0.08183043772301708,0.011774679969121862,False,False,False,False,False
2024-09-03,5623.89013671875,5623.89013671875,5504.330078125,5528.93017578125,3866350000,20.71999931335449,3.84,3.88,-0.0211510743977116,5.719999313354489,0.3813332875569659,-0.04,0.010388275077939045,0.009010559359040798,0.01204659849244228,0.0100930517744244,-0.0059759732079761,0.0005038337783588922,0.0500000000000003,0.21524505248183456,0.009559313304469404,False,False,False,True,False
2024-09-04,5506.68017578125,5552.990234375,5503.66015625,5520.06982421875,3478140000,21.31999969482422,3.77,3.76,-0.0016025435809103,0.6000003814697301,0.0289575483278619,0.0100000000000002,0.01017606612109843,0.009008736026308946,0.00980484378053764,-0.0211510743977116,-3.937906806072977e-05,-0.0030956357625558074,0.0100000000000002,0.2169537265963296,0.010644969005354787,False,False,False,False,False
2024-09-05,5520.080078125,5546.2998046875,5480.5400390625,5503.41015625,3521650000,19.89999961853028,3.73,3.75,-0.0030180176155847,-1.4200000762939418,-0.066604132111628,-0.02,0.010114394670940203,0.008820003495130218,0.00974201735342882,-0.0016025435809103,0.0100930517744244,-0.0037351836960468677,-0.0299999999999997,0.20127645009337475,0.01062508125245707,False,False,False,False,False
2024-09-06,5507.330078125,5522.47021484375,5402.6201171875,5408.419921875,3822800000,22.3799991607666,3.72,3.66,-0.0172602498592846,2.479999542236325,0.1246230949636313,0.06,0.011329934606456708,0.009770529196008291,0.010402059129697357,-0.0030180176155847,-0.0211510743977116,-0.0031435925775685873,0.06,0.25356392698404157,0.002803826782373584,False,False,True,True,False
2024-09-09,5442.06982421875,5484.2001953125,5434.490234375,5471.0498046875,3825940000,19.450000762939453,3.7,3.68,0.0115800702824842,-2.9299983978271484,-0.1309203980205504,0.02,0.011774679969121848,0.009784800041589194,0.00954544180659468,-0.0172602498592846,-0.0016025435809103,-0.006587766735813361,0.02,0.22901753438278785,0.003133137272467108,False,False,False,True,False
2024-09-10,5490.509765625,5497.91015625,5441.72021484375,5495.52001953125,3848180000,19.07999992370605,3.65,3.59,0.0044726726528396,-0.370000839233402,-0.0190231786488364,0.06,0.009559313304469397,0.010028938694483536,0.009542273373786455,0.0115800702824842,-0.0030180176155847,-0.0062903630342014015,0.1,0.18239169711995834,0.0038709429186279684,False,False,False,False,False
2024-09-11,5496.419921875,5560.41015625,5406.9599609375,5554.1298828125,3839450000,17.690000534057617,3.65,3.62,0.0106650258888965,-1.389999389648434,-0.0728511213420615,0.0299999999999998,0.010644969005354785,0.010711754596943004,0.009737706855693922,0.0044726726528396,-0.0172602498592846,-0.0011656136240911614,0.0199999999999996,0.18830950738975294,0.00371170349711401,False,False,False,True,False
2024-09-12,5557.47998046875,5600.7099609375,5535.5,5595.759765625,3655070000,17.06999969482422,3.68,3.64,0.0074953023589392,-0.6200008392333984,-0.035048096128643,0.04,0.010625081252457072,0.010875222618434809,0.009244462913708609,0.0106650258888965,0.0115800702824842,0.0012879002698701985,0.06,0.18137013373692476,0.00691689824469284,False,False,False,True,False
2024-09-13,5603.33984375,5636.27001953125,5601.64990234375,5626.02001953125,3500790000,16.559999465942383,3.66,3.57,0.0054077114053645,-0.5100002288818359,-0.0298769910954639,0.0900000000000003,0.002803826782373613,0.010989240671450929,0.009270056442527317,0.0074953023589392,0.0044726726528396,0.0033905642647749784,0.030000000000000304,0.046431370018701984,0.007275954487825284,False,False,False,False,False
2024-09-16,5615.2099609375,5636.0498046875,5604.52978515625,5633.08984375,3437070000,17.139999389648438,3.63,3.56,0.0012566297656613,0.5799999237060547,0.0350241511117734,0.0699999999999998,0.003133137272467124,0.010542031105468924,0.008675000924510845,0.0054077114053645,0.0106650258888965,0.007924156517704799,0.049999999999999795,0.05370197093777128,0.0072393969455034285,False,False,False,False,False
2024-09-17,5655.509765625,5670.81005859375,5614.0498046875,5634.580078125,3443600000,17.610000610351562,3.65,3.59,0.0002645500810987,0.470001220703125,0.0274213090688311,0.06,0.0038709429186279784,0.007920929345990696,0.008671550105967391,0.0012566297656613,0.0074953023589392,0.005859468414340219,0.0,0.06816730715967476,0.00712179115282172,False,False,False,False,False
2024-09-18,5641.68017578125,5689.75,5615.080078125,5618.259765625,3691390000,18.229999542236328,3.7,3.61,-0.002896455862498,0.6199989318847656,0.0352072067232249,0.0900000000000003,0.0037117034971140086,0.00798780041590109,0.00846170997680144,0.0002645500810987,0.0054077114053645,0.0050178438999920385,0.0600000000000005,0.06766435305330536,0.006945936870272281,False,False,False,False,False
2024-09-19,5702.6298828125,5733.56982421875,5686.419921875,5713.64013671875,4024530000,16.329999923706055,3.73,3.59,0.0169768531667633,-1.8999996185302732,-0.1042237886034085,0.1400000000000001,0.006916898244692844,0.00897398828495223,0.009170816846921271,-0.002896455862498,0.0012566297656613,0.002305547549713139,0.10000000000000009,0.1129529478081167,0.0025125704575188882,False,False,False,False,False
2024-09-20,5709.64013671875,5715.14013671875,5674.490234375,5702.5498046875,7867260000,16.149999618530273,3.73,3.55,-0.0019410273951238,-0.1800003051757812,-0.0110226764247853,0.1800000000000001,0.007275954487825285,0.00609424450235386,0.009162061532761398,0.0169768531667633,0.0002645500810987,0.004201857711277959,0.0899999999999998,0.11750666220282198,0.0023556135588615906,False,False,False,False,False
2024-09-23,5711.89990234375,5725.35986328125,5704.22021484375,5718.56982421875,3529550000,15.890000343322754,3.75,3.57,0.0028092730585327,-0.2599992752075195,-0.0160990267089047,0.1800000000000001,0.007239396945503429,0.005752941959410367,0.008910162531009711,-0.0019410273951238,-0.002896455862498,0.0027321099511802994,0.1100000000000003,0.11503401994949919,0.0026010906312864818,False,False,False,False,False
2024-09-24,5727.66015625,5735.31982421875,5698.990234375,5732.93017578125,3872710000,15.390000343322754,3.74,3.49,0.002511178844347,-0.5,-0.031466330345934,0.25,0.007121791152821722,0.0057822254576115045,0.008621510995343628,0.0028092730585327,0.0169768531667633,0.003042638609754579,0.19,0.10960436828699925,0.004955125931252544,False,False,False,False,False
2024-09-25,5733.64990234375,5741.02978515625,5712.06005859375,5722.259765625,3624910000,15.40999984741211,3.79,3.53,-0.0018612489301417,0.0199995040893554,0.0012995129072905,0.2600000000000002,0.006945936870272284,0.005612202986916258,0.00859720762218908,0.002511178844347,-0.0019410273951238,0.0034919643624042396,0.16999999999999987,0.10703688611103003,0.004936631108291654,False,False,False,False,False
2024-09-26,5762.22021484375,5767.3701171875,5721.009765625,5745.3701171875,4391180000,15.369999885559082,3.79,3.6,0.0040386757171231,-0.0399999618530273,-0.0025957146170734,0.1899999999999999,0.0025125704575188804,0.005428261599164993,0.00862201823966872,-0.0018612489301417,0.0028092730585327,0.0036990057488754994,0.049999999999999795,0.038618207644524324,0.004401667075924081,False,False,False,False,False
2024-09-27,5755.35986328125,5763.77978515625,5727.33984375,5738.169921875,3898530000,16.959999084472656,3.75,3.55,-0.0012532169669905,1.5899991989135742,0.103448224512185,0.2000000000000001,0.0023556135588615828,0.005458403468687862,0.008496785815257589,0.0040386757171231,0.002511178844347,0.001111370258947459,0.01999999999999999,0.039951203801663816,0.006117257803730731,False,False,False,False,False
2024-09-30,5726.52001953125,5765.14013671875,5703.52978515625,5762.47998046875,4425730000,16.729999542236328,3.81,3.66,0.0042365525811767,-0.2299995422363281,-0.0135612944959943,0.1499999999999999,0.0026010906312864766,0.005491445628517799,0.008514323611433797,-0.0012532169669905,-0.0018612489301417,0.0012489323445741191,-0.030000000000000193,0.04351624507073795,0.006866892483571375,False,False,False,False,False
2024-10-01,5757.72998046875,5757.72998046875,5681.27978515625,5708.75,4025180000,19.26000022888184,3.74,3.61,-0.0093241070946643,2.530000686645512,0.1512253888745367,0.1300000000000003,0.004955125931252534,0.006504783194445802,0.008581498219605823,0.0042365525811767,0.0040386757171231,0.001534388249102919,-0.11999999999999969,0.09543572657006213,0.007179764764265782,False,False,False,False,False
2024-10-02,5698.14013671875,5719.6298828125,5674.0,5709.5400390625,3829050000,18.89999961853028,3.79,3.63,0.0001383909021239,-0.3600006103515625,-0.0186916202530317,0.1600000000000001,0.004936631108291644,0.00636993058003428,0.007085952109685557,-0.0093241070946643,-0.0012532169669905,-0.0008326689386993411,-0.10000000000000009,0.09330232606353679,0.007450987862218977,False,False,False,False,False
2024-10-03,5698.18994140625,5718.77978515625,5677.3701171875,5699.93994140625,3597450000,20.489999771118164,3.85,3.7,-0.001681413492255,1.590000152587887,0.0841269938984015,0.1499999999999999,0.004401667075924066,0.0038275777136468373,0.007087646415871813,0.0001383909021239,0.0042365525811767,-0.00043274097224622107,-0.03999999999999998,0.09019015737822247,0.0075002602571638665,False,False,False,False,False
2024-10-04,5737.47998046875,5753.2099609375,5702.830078125,5751.06982421875,3479400000,19.209999084472656,3.98,3.93,0.0089702493952743,-1.2800006866455078,-0.0624695315248242,0.0499999999999998,0.006117257803730727,0.004651598495418325,0.007178679659328175,-0.001681413492255,-0.0093241070946643,-0.001576758814121841,-0.1500000000000003,0.11751251680915048,0.007102183653415535,False,False,False,False,False
2024-10-07,5737.7998046875,5739.33984375,5686.85009765625,5695.93994140625,3637790000,22.63999938964844,4.03,3.99,-0.0095860221658826,3.430000305175785,0.1785528614599589,0.04,0.006866892483571364,0.0055343493563936004,0.006327461879751977,0.0089702493952743,0.0001383909021239,0.00046793445833111897,-0.1099999999999999,0.15546644163683715,0.004060589773753277,False,False,True,False,False
2024-10-08,5719.14013671875,5757.60009765625,5714.56005859375,5751.1298828125,3393400000,21.420000076293945,4.04,3.98,0.0096893474955819,-1.2199993133544955,-0.0538868969189243,0.06,0.007179764764265779,0.006278424942826093,0.006209828547479866,-0.0095860221658826,-0.001681413492255,-0.002296580491080741,-0.07000000000000031,0.15379056179834558,0.006062422694447337,False,False,False,False,False
2024-10-09,5751.7998046875,5796.7998046875,5745.02001953125,5792.0400390625,3650340000,20.86000061035156,4.06,3.99,0.0071134119874882,-0.5599994659423864,-0.0261437658238924,0.0699999999999994,0.007450987862218978,0.006536239111959355,0.006276913017573696,0.0096893474955819,0.0089702493952743,0.001506110426968499,-0.09000000000000069,0.15542761135360994,0.005740601283479959,False,False,False,False,False
2024-10-10,5778.35986328125,5795.02978515625,5764.759765625,5780.0498046875,3208790000,20.93000030517578,4.09,3.98,-0.0020701228399899,0.0699996948242223,0.0033556899700897,0.1099999999999998,0.007500260257163867,0.00653104723497832,0.006073087058060101,0.0071134119874882,-0.0095860221658826,0.002901114644041359,-0.040000000000000105,0.15698044947133752,0.005534291870760896,False,False,False,False,False
2024-10-11,5775.08984375,5822.1298828125,5775.08984375,5815.02978515625,3208720000,20.459999084472656,4.08,3.95,0.0060518475879536,-0.470001220703125,-0.0224558630602073,0.1299999999999999,0.007102183653415535,0.006686980589517517,0.006017496559448361,-0.0020701228399899,0.0096893474955819,0.0028233727744943786,0.0800000000000001,0.1453106710466385,0.005297046726726311,False,False,False,False,False
2024-10-14,5829.81005859375,5871.41015625,5829.56982421875,5859.85009765625,3005250000,19.700000762939453,4.08,3.95,0.0077076668832223,-0.7599983215332031,-0.037145569674535,0.1299999999999999,0.004060589773753291,0.006913852032318274,0.006101593804206719,0.0060518475879536,0.0071134119874882,0.0022396924130302386,0.08999999999999989,0.07999362164092398,0.004443914353030361,False,False,False,False,False
2024-10-15,5866.740234375,5870.35986328125,5804.47998046875,5815.259765625,3882120000,20.63999938964844,4.03,3.95,-0.0076094663324381,0.939998626708988,0.0477156644824783,0.08,0.006062422694447337,0.006654709268542423,0.006433348870594101,0.0077076668832223,-0.0020701228399899,0.005698430222851219,0.020000000000000004,0.1251284007131839,0.002592361648002909,False,False,False,False,False
2024-10-16,5816.580078125,5846.52001953125,5808.33984375,5842.47021484375,3467230000,19.57999992370605,4.02,3.93,0.0046791459565738,-1.05999946594239,-0.0513565647910828,0.0899999999999994,0.005740601283479958,0.006675783434005169,0.006460392602706611,-0.0076094663324381,0.0060518475879536,0.002238667457247219,0.020000000000000004,0.11240097269256444,0.0042897122060547264,False,False,False,False,False
2024-10-17,5875.6201171875,5878.4599609375,5840.25,5841.47021484375,3480010000,19.11000061035156,4.09,3.96,-0.0001711604789117,-0.4699993133544922,-0.0240040508266524,0.1299999999999999,0.005534291870760897,0.006600059112264418,0.006392819096390761,0.0046791459565738,0.0077076668832223,0.001751814251064339,0.020000000000000087,0.10576032102810441,0.004530675560427134,False,False,False,False,False
2024-10-18,5859.43017578125,5872.169921875,5846.10986328125,5864.669921875,3374490000,18.030000686645508,4.08,3.95,0.0039715527389487,-1.0799999237060511,-0.0565149078603919,0.1299999999999999,0.005297046726726311,0.006270449763933752,0.005462285974978895,-0.0001711604789117,-0.0076094663324381,0.0021316067232799787,0.0,0.09550575612006872,0.003850360389578559,False,False,False,False,False
2024-10-21,5857.81982421875,5866.919921875,5824.7900390625,5853.97998046875,3407010000,18.3700008392334,4.19,4.02,-0.0018227694906369,0.3400001525878906,0.0188574675340817,0.1700000000000008,0.004443914353030354,0.005175748564773113,0.005459044966946856,0.0039715527389487,0.0046791459565738,0.0017155477534789986,0.040000000000000896,0.08163471039464895,0.004268198240214144,False,False,False,False,False
2024-10-22,5832.7001953125,5863.0400390625,5821.169921875,5851.2001953125,3342080000,18.200000762939453,4.2,4.03,-0.0004748538883844,-0.1700000762939453,-0.0092542225654596,0.1699999999999999,0.0025923616480029057,0.0046891147852960125,0.0054595691885109725,-0.0018227694906369,-0.0001711604789117,-0.0001905395212928413,0.0899999999999999,0.04718098397146786,0.004402576898800536,False,False,False,False,False
2024-10-23,5834.5,5834.85009765625,5762.41015625,5797.419921875,3532650000,19.239999771118164,4.24,4.07,-0.0091913234280693,1.039999008178711,0.0571428002517699,0.1699999999999999,0.004289712206054715,0.005327598980655678,0.00586967426735922,-0.0004748538883844,0.0039715527389487,0.0012363829675178988,0.0800000000000005,0.08253406186265551,0.0021743974323336877,False,False,False,False,False
2024-10-24,5817.7998046875,5817.7998046875,5784.919921875,5809.85986328125,3543030000,19.07999992370605,4.21,4.07,0.0021457720113238,-0.1599998474121129,-0.0083160004841733,0.1399999999999996,0.0045306755604271245,0.005305393706628256,0.005853293528248215,-0.0091913234280693,-0.0018227694906369,-0.0015377109094107213,0.009999999999999704,0.0864452893472864,0.007780641306883543,False,False,False,False,False
2024-10-25,5826.75,5862.81982421875,5799.97998046875,5808.1201171875,3501280000,20.32999992370605,4.25,4.11,-0.0002994471699301,1.25,0.0655136270963465,0.1399999999999996,0.0038503603895785436,0.004976123494229137,0.005809649119266473,0.0021457720113238,-0.0004748538883844,-0.0010743244113636213,0.009999999999999704,0.0782778264263726,0.00833096831635505,False,False,False,False,False
2024-10-28,5833.93017578125,5842.919921875,5823.080078125,5823.52001953125,3691280000,19.799999237060547,4.28,4.12,0.0026514435020339,-0.5300006866455043,-0.0260698813888086,0.1600000000000001,0.004268198240214133,0.004377289997324859,0.005811948453859504,-0.0002994471699301,-0.0091913234280693,-0.0019285243931393813,-0.010000000000000703,0.084510321899863,0.007903233576353351,False,False,False,False,False
2024-10-29,5819.68017578125,5847.18994140625,5802.169921875,5832.919921875,3879100000,19.34000015258789,4.28,4.11,0.0016141272481633,-0.4599990844726562,-0.0232322778887614,0.1699999999999999,0.004402576898800528,0.003729508789801928,0.005763021090090985,0.0026514435020339,0.0021457720113238,-0.0010336817946052213,0.0,0.08514583789458213,0.010183256245411866,False,False,False,False,False
2024-10-30,5832.64990234375,5850.93994140625,5811.27978515625,5813.669921875,3851120000,20.350000381469727,4.29,4.15,-0.0033002338893437,1.010000228881836,0.0522233826738975,0.1399999999999996,0.002174397432333679,0.0035591238971239007,0.005400673195092884,0.0016141272481633,-0.0002994471699301,-0.0006158855672956812,-0.030000000000000304,0.04424898857745716,0.014694657682628742,False,False,False,False,False
2024-10-31,5775.33984375,5775.33984375,5702.85986328125,5705.4501953125,4425660000,23.15999984741211,4.28,4.16,-0.0186147008716995,2.809999465942383,0.1380835092514842,0.1200000000000001,0.007780641306883533,0.006489572940703856,0.006815045981208104,-0.0033002338893437,0.0026514435020339,0.0005623323404494388,-0.01999999999999949,0.180199651480191,0.009401779550604467,False,False,True,False,False
2024-11-01,5723.22021484375,5772.52001953125,5723.22021484375,5728.7998046875,3796450000,21.8799991607666,4.37,4.21,0.0040925095436261,-1.2800006866455078,-0.0552677329481301,0.1600000000000001,0.00833096831635504,0.006501412636468627,0.006858434624114026,-0.0186147008716995,0.0016141272481633,-0.003589762236155221,0.02000000000000049,0.18228157977022144,0.009439523814480079,False,False,False,False,False
2024-11-04,5725.14990234375,5741.43017578125,5696.509765625,5712.68994140625,3602060000,21.979999542236328,4.31,4.17,-0.0028120834782999,0.1000003814697265,0.0045704015221827,0.1399999999999996,0.007903233576353341,0.006500621509089287,0.0066003493659248375,0.0040925095436261,-0.0033002338893437,-0.002711370893443981,-0.02000000000000049,0.1737130703904332,0.008558227063552349,False,False,False,False,False
2024-11-05,5722.43017578125,5783.43994140625,5722.10009765625,5782.759765625,3768310000,20.489999771118164,4.26,4.19,0.0122656445452913,-1.489999771118164,-0.0677888899977003,0.0699999999999994,0.010183256245411861,0.007862599882989057,0.006774074049499804,-0.0028120834782999,-0.0186147008716995,-0.003804076289510741,-0.1000000000000005,0.20865491813772663,0.009794317976648578,False,False,False,False,False
2024-11-06,5864.89013671875,5936.14013671875,5864.89013671875,5929.0400390625,6329530000,16.270000457763672,4.42,4.27,0.0252959277864259,-4.219999313354492,-0.2059540927522519,0.1500000000000003,0.014694657682628743,0.010647231002139353,0.0083803644186073,0.0122656445452913,0.0040925095436261,-0.0016737728300851406,0.010000000000000703,0.2390820872230501,0.003483102750272675,False,False,False,True,True
2024-11-07,5947.2099609375,5983.83984375,5947.2099609375,5973.10009765625,4925740000,15.199999809265137,4.31,4.21,0.0074312297274883,-1.0700006484985352,-0.0657652500549227,0.0999999999999996,0.009401779550604476,0.01075688720111905,0.008390792383598003,0.0252959277864259,-0.0028120834782999,0.004045459505068779,-0.020000000000000503,0.1429070473759409,0.0033733870115601936,False,False,False,False,False
2024-11-08,5976.759765625,6012.4501953125,5976.759765625,5995.5400390625,4666740000,14.9399995803833,4.3,4.26,0.0037568333092317,-0.2600002288818359,-0.0171052784305532,0.04,0.009439523814480088,0.010707505094291013,0.008364384342040771,0.0074312297274883,0.0122656445452913,0.009254645624906337,-0.12000000000000008,0.14102648182735067,0.00514891702135601,False,False,False,False,False
2024-11-11,6008.85986328125,6017.31005859375,5986.68994140625,6001.35009765625,4333000000,14.970000267028809,4.3,4.26,0.0009690634297987,0.0300006866455078,0.0020080781451226,0.04,0.00855822706355236,0.010728596704473091,0.008310619064641152,0.0037568333092317,0.0252959277864259,0.00918751037802746,-0.09999999999999959,0.128116661426672,0.005829786401015402,False,False,False,False,False
2024-11-12,6003.60009765625,6009.919921875,5960.080078125,5983.990234375,4243400000,14.710000038146973,4.43,4.34,-0.0028926596513724,-0.2600002288818359,-0.0173680844518407,0.0899999999999998,0.009794317976648585,0.010873955065369315,0.008242156663898263,0.0009690634297987,0.0074312297274883,0.00994373975964718,0.020000000000000406,0.14407441781012426,0.006591305060539692,False,False,False,False,False
2024-11-13,5985.75,6008.18994140625,5965.91015625,5985.3798828125,4220180000,14.020000457763672,4.44,4.27,0.0002322277248243,-0.6899995803833008,-0.0469068374299079,0.1700000000000008,0.003483102750272673,0.010732378254310457,0.008016718243594236,-0.0028926596513724,0.0037568333092317,0.006912078920314438,0.02000000000000049,0.04883310215326078,0.006576127447003099,False,False,False,False,False
2024-11-14,5989.68017578125,5993.8798828125,5942.27978515625,5949.169921875,4184570000,14.3100004196167,4.43,4.34,-0.006049734794859,0.2899999618530273,0.020684732695029,0.0899999999999998,0.003373387011560181,0.008668607759243876,0.008132874415425121,0.0002322277248243,0.0009690634297987,0.0018993389079941185,-0.0099999999999998,0.048273169550955716,0.006839767608848034,False,False,False,False,False
2024-11-15,5912.7900390625,5915.31982421875,5853.009765625,5870.6201171875,4590960000,16.139999389648438,4.43,4.31,-0.0132034898513612,1.8299989700317385,0.1278825238553527,0.1200000000000001,0.005148917021355994,0.010126213083417167,0.008670042918343687,-0.006049734794859,-0.0028926596513724,-0.0007968539964753414,0.0800000000000001,0.08310351758203618,0.001774844770041014,False,False,False,False,False
2024-11-18,5874.169921875,5908.1201171875,5865.9501953125,5893.6201171875,3983860000,15.579999923706056,4.42,4.29,0.003917814394541,-0.559999465942381,-0.0346963746666274,0.1299999999999999,0.005829786401015388,0.009973335478811669,0.00866895922343973,-0.0132034898513612,0.0002322277248243,-0.0041889186285939215,0.08999999999999989,0.09082807168304236,0.001752813530491593,False,False,False,False,False
2024-11-19,5870.0498046875,5923.509765625,5855.2900390625,5916.97998046875,4036940000,16.350000381469727,4.39,4.27,0.00396358482847,0.7700004577636701,0.0494223659521371,0.1200000000000001,0.006591305060539683,0.009516925789169562,0.008689933106361684,0.003917814394541,-0.006049734794859,-0.0035991684356454614,0.030000000000000304,0.10776784025420716,0.002032305966137577,False,False,False,False,False
2024-11-20,5914.33984375,5920.669921875,5860.56005859375,5917.10986328125,3772620000,17.15999984741211,4.41,4.31,2.195086225209586e-05,0.8099994659423828,0.0495412505837244,0.1000000000000005,0.00657612744700309,0.005659904850515628,0.008687793624877649,0.00396358482847,-0.0132034898513612,-0.002227919539676981,-0.07000000000000028,0.11284634598713561,0.003436587055784926,False,False,False,False,False
2024-11-21,5940.580078125,5963.31982421875,5887.259765625,5948.7099609375,4230120000,16.8700008392334,4.43,4.34,0.0053404615405816,-0.2899990081787109,-0.0168997092515968,0.0899999999999998,0.00683976760884803,0.005407684700913994,0.008458349200036947,2.195086225209586e-05,0.003917814394541,-0.0022699749121914228,0.0,0.11538688530142768,0.0034782996675853427,False,False,False,False,False
2024-11-22,5944.35986328125,5972.89990234375,5944.35986328125,5969.33984375,4141420000,15.239999771118164,4.41,4.37,0.0034679590949915,-1.6300010681152344,-0.0966212796103989,0.04,0.0017748447700410234,0.0053861607495237,0.00846959828834434,0.0053404615405816,0.00396358482847,8.064354896697607e-06,-0.0800000000000001,0.027048633889195466,0.003463215524238741,False,False,False,False,False
2024-11-25,5992.27978515625,6020.75,5963.91015625,5987.3701171875,5633150000,14.600000381469728,4.27,4.21,0.0030204803059383,-0.6399993896484357,-0.04199471123755,0.0599999999999996,0.0017528135304916007,0.005473639731429236,0.008468764914138758,0.0034679590949915,2.195086225209586e-05,0.003342354144167238,-0.07000000000000028,0.02559107821382267,0.00355207579831574,False,False,False,False,False
2024-11-26,6000.02978515625,6025.419921875,5992.27001953125,6021.6298828125,3835170000,14.100000381469728,4.3,4.21,0.0057220056476303,-0.5,-0.0342465744476691,0.0899999999999998,0.002032305966137586,0.005659667461770904,0.008514041867491294,0.0030204803059383,0.0053404615405816,0.003162887326446698,-0.030000000000000304,0.02865551489780317,0.0036212902460052375,False,False,False,False,False
2024-11-27,6014.10986328125,6020.16015625,5984.8701171875,5998.740234375,3363340000,14.100000381469728,4.25,4.19,-0.00380123801744,0.0,0.0,0.0599999999999996,0.0034365870557849284,0.005816155263599013,0.008592281409351607,0.0057220056476303,0.0034679590949915,0.0035145714902787575,-0.0400000000000009,0.04845587879752142,0.003018538950832494,False,False,False,False,False
2024-11-29,6003.97998046875,6044.169921875,6003.97998046875,6032.3798828125,2444420000,13.510000228881836,4.18,4.13,0.0056077854888152,-0.5900001525878924,-0.0418439813209702,0.0499999999999998,0.0034782996675853453,0.005603032037348501,0.008570983439376326,-0.00380123801744,0.0030204803059383,0.002749933714340338,-0.04,0.04699182930519763,0.0026152614648524484,False,False,False,False,False
2024-12-02,6040.10986328125,6053.580078125,6035.330078125,6047.14990234375,4412470000,13.34000015258789,4.19,4.17,0.0024484564662998,-0.1700000762939453,-0.0125832770846677,0.0200000000000004,0.0034632155242387427,0.0027766754731776504,0.007255107059799071,0.0056077854888152,0.0057220056476303,0.002803398503987058,-0.0199999999999996,0.04619929562178958,0.004101326593258123,False,False,False,False,False
2024-12-03,6042.97021484375,6052.06982421875,6033.39013671875,6049.8798828125,4095000000,13.300000190734863,4.23,4.17,0.0004514491145146,-0.0399999618530273,-0.0029984978557341,0.0600000000000005,0.00355207579831574,0.0028521722349311818,0.007265640367429033,0.0024484564662998,-0.00380123801744,0.0025994979782487182,8.951173136040325e-16,0.04724260879510403,0.0042824531633016355,False,False,False,False,False
2024-12-04,6069.39013671875,6089.83984375,6061.06005859375,6086.490234375,4003390000,13.449999809265137,4.19,4.13,0.0060514179242647,0.1499996185302734,0.0112781666450476,0.0600000000000005,0.0036212902460052375,0.003014373185165048,0.007194552702547922,0.0004514491145146,0.0056077854888152,0.0020856917399639787,-0.029999999999999305,0.04870635311806414,0.00495821198323682,False,False,False,False,False
2024-12-05,6089.02978515625,6094.5498046875,6072.89990234375,6075.10986328125,4212020000,13.539999961853027,4.17,4.15,-0.0018697756269248,0.0900001525878906,0.0066914612538429,0.0199999999999995,0.003018538950832496,0.0032360619744227904,0.006958073366598704,0.0060514179242647,0.0024484564662998,0.0021515741952908584,-0.040000000000000105,0.04087101727912387,0.005399512607471697,False,False,False,False,False
2024-12-06,6081.3798828125,6099.97021484375,6079.97998046875,6090.27001953125,3924830000,12.770000457763672,4.15,4.1,0.0024954538421815,-0.7699995040893555,-0.0568685012007914,0.0500000000000007,0.0026152614648524476,0.0031090538330075584,0.0047137862900618905,-0.0018697756269248,0.0004514491145146,0.002537866673393898,8.951173136040325e-16,0.03339689010333745,0.005184213406028616,False,False,False,False,False
2024-12-09,6083.009765625,6088.509765625,6048.6298828125,6052.85009765625,4556460000,14.1899995803833,4.2,4.13,-0.0061442139272964,1.419999122619629,0.1111980479026784,0.0700000000000002,0.004101326593258117,0.0039812724828761584,0.004757856250422315,0.0024954538421815,0.0060514179242647,0.0019154003440671585,0.0499999999999998,0.05819782263734755,0.004830658054455672,False,False,False,False,False
2024-12-10,6057.58984375,6065.39990234375,6029.89013671875,6034.91015625,4048410000,14.18000030517578,4.22,4.15,-0.0029638833139443,-0.0099992752075213,-0.0007046705780981,0.0699999999999994,0.004282453163301629,0.004139079710551709,0.004763680657469455,-0.0061442139272964,-0.0018697756269248,0.00019686626534791836,0.009999999999998899,0.060725187162518075,0.004978797731650514,False,False,False,False,False
2024-12-11,6060.14990234375,6092.58984375,6060.14990234375,6084.18994140625,4269950000,13.579999923706056,4.26,4.15,0.0081657860482335,-0.600000381469723,-0.0423131430576005,0.1099999999999994,0.004958211983236815,0.0044805413664623615,0.005048195538189902,-0.0029638833139443,0.0024954538421815,-0.00048620022034386165,0.049999999999998906,0.0673325183540744,0.011692170112418685,False,False,False,False,False
2024-12-12,6074.2900390625,6079.68017578125,6051.25,6051.25,3678010000,13.920000076293944,4.32,4.18,-0.0054140225278102,0.3400001525878871,0.0250368302281329,0.1400000000000005,0.0053995126074716905,0.004676778002291748,0.005160143643613703,0.0081657860482335,-0.0061442139272964,-6.332659555010161e-05,0.12000000000000101,0.07516121590795605,0.011954192006287593,False,False,False,False,False
2024-12-13,6068.169921875,6078.580078125,6035.77001953125,6051.08984375,3584960000,13.8100004196167,4.4,4.25,-2.646663912420077e-05,-0.1099996566772443,-0.0079022741432721,0.1500000000000003,0.0051842134060286075,0.004405108785127931,0.0051611860623483365,-0.0054140225278102,-0.0029638833139443,-0.0007721759757271818,0.0999999999999996,0.0715939893126376,0.013723061800865683,False,False,False,False,False
2024-12-16,6063.7900390625,6085.18994140625,6059.14013671875,6074.080078125,4391100000,14.6899995803833,4.39,4.25,0.0037993543260221,0.8799991607666016,0.0637218779165704,0.1399999999999996,0.004830658054455668,0.004488256764673945,0.00498618971360133,-2.646663912420077e-05,0.0081657860482335,-0.001276560071988322,0.0699999999999994,0.07096236479292897,0.014178354262319866,False,False,False,False,False
2024-12-17,6052.5498046875,6057.68017578125,6035.18994140625,6050.60986328125,4544500000,15.869999885559082,4.4,4.25,-0.0038639949658014,1.1800003051757812,0.0803267759620312,0.1500000000000003,0.004978797731650509,0.004671527129246962,0.004022699245571959,0.0037993543260221,-0.0054140225278102,0.0007121535786753781,0.0800000000000009,0.0790135194315154,0.015254458881490676,False,False,False,False,False
2024-12-18,6047.64990234375,6070.669921875,5867.7900390625,5872.16015625,5246960000,27.6200008392334,4.5,4.35,-0.0294928463516034,11.750000953674316,0.7403907396600702,0.1500000000000003,0.011692170112418675,0.009626697754282508,0.00767757509929567,-0.0038639949658014,-2.646663912420077e-05,0.0005321312483039582,0.040000000000000896,0.32293774831746347,0.005255450018112017,False,False,True,True,True
2024-12-19,5912.7099609375,5935.52001953125,5866.06982421875,5867.080078125,4896880000,24.09000015258789,4.57,4.32,-0.000865112324907,-3.530000686645508,-0.1278059587033482,0.25,0.011954192006287582,0.009648732447801227,0.007623233597234814,-0.0294928463516034,0.0037993543260221,-0.006999595231663422,0.10999999999999949,0.2879764872555328,0.008398249347581658,False,False,True,True,False
2024-12-20,5842.0,5982.06005859375,5832.2998046875,5930.85009765625,8223220000,18.36000061035156,4.52,4.3,0.0108691237689104,-5.729999542236332,-0.2378580118697417,0.2199999999999997,0.013723061800865678,0.01045628584937038,0.007991157226329027,-0.000865112324907,-0.0038639949658014,-0.006089813191082781,0.0699999999999994,0.251955423039786,0.00904471704216892,False,False,False,True,False
2024-12-23,5940.25,5978.25,5902.56982421875,5974.06982421875,3593280000,16.780000686645508,4.59,4.3,0.0072872734685336,-1.5799999237060511,-0.0860566378639023,0.29,0.014178354262319861,0.010771834545148747,0.008061897215332433,0.0108691237689104,-0.0294928463516034,-0.003910695109475861,0.15000000000000038,0.23791279425723053,0.00812112249430225,False,False,False,True,False
2024-12-24,5984.6298828125,6040.10009765625,5981.43994140625,6040.0400390625,1757720000,14.270000457763672,4.59,4.29,0.0110427592553921,-2.510000228881836,-0.149582844229526,0.2999999999999998,0.015254458881490674,0.011352944725334806,0.008362313651729158,0.0072872734685336,-0.000865112324907,-0.0032131112809735607,0.14999999999999952,0.21768113522180904,0.004377537000077427,False,False,False,True,False
2024-12-26,6024.97021484375,6049.75,6007.3701171875,6037.58984375,2904530000,14.729999542236328,4.58,4.3,-0.0004056587864739,0.4599990844726562,0.032235393813347,0.2800000000000002,0.005255450018112029,0.011034517124987708,0.008346831625514058,0.0110427592553921,0.0108691237689104,-0.00023176043673486107,0.1299999999999999,0.07741277636103609,0.008597846826996465,False,False,False,False,False
2024-12-27,6006.169921875,6006.169921875,5932.9501953125,5970.83984375,3159610000,15.949999809265137,4.62,4.31,-0.0110557361012355,1.2200002670288086,0.0828241890660361,0.3100000000000005,0.008398249347581661,0.011398962795674272,0.008601427542533648,-0.0004056587864739,0.0072872734685336,0.005585677076291038,0.0600000000000005,0.13395207549208857,0.00808699204006617,False,False,False,False,False
2024-12-30,5920.669921875,5940.7900390625,5869.16015625,5906.93994140625,3433250000,17.399999618530273,4.55,4.24,-0.0107019957017667,1.4499998092651367,0.0909090800379102,0.3099999999999996,0.009044717042168917,0.011727569517207983,0.008854488324586199,-0.0110557361012355,0.0110427592553921,0.0035475523210253385,0.08999999999999991,0.15737807308345342,0.00819606629379846,False,False,False,False,False
2024-12-31,5919.740234375,5929.740234375,5868.85986328125,5881.6298828125,3128350000,17.350000381469727,4.58,4.25,-0.0042848003949274,-0.0499992370605468,-0.0028735194342935,0.33,0.008121122494302241,0.011553940354854278,0.008769406252096703,-0.0107019957017667,-0.0004056587864739,-0.0007666715731100809,0.040000000000000036,0.14090147837410627,0.007898104933915743,False,False,False,False,False
2025-01-02,5903.259765625,5935.08984375,5829.52978515625,5868.5498046875,3621680000,17.93000030517578,4.57,4.25,-0.0022238866412221,0.5799999237060547,0.0334293896803317,0.3200000000000003,0.004377537000077403,0.011554240616869446,0.008734091077355361,-0.0042848003949274,-0.0110557361012355,-0.003081086345802281,0.020000000000000462,0.07848923974730611,0.010423767592080432,False,False,False,False,False
2025-01-03,5891.06982421875,5949.33984375,5888.66015625,5942.47021484375,3667340000,16.1299991607666,4.6,4.28,0.0125960267214919,-1.8000011444091797,-0.1003904692566893,0.3199999999999994,0.00859784682699646,0.00835343620738539,0.009225016195832367,-0.0022238866412221,-0.0107019957017667,-0.005734415525125122,0.0399999999999992,0.13868326210385268,0.008157659386763091,False,False,False,False,False
2025-01-06,5982.81005859375,6021.0400390625,5960.009765625,5975.3798828125,4940120000,16.040000915527344,4.62,4.28,0.0055380450854503,-0.0899982452392578,-0.0055795567217488,0.3399999999999998,0.008086992040066169,0.008413812894161177,0.009207465152596095,0.0125960267214919,-0.0042848003949274,-0.0031340784235319606,0.029999999999999305,0.12971535972652368,0.00732367244881143,False,False,False,False,False
2025-01-07,5993.259765625,6000.68017578125,5890.68017578125,5909.02978515625,4517330000,17.81999969482422,4.67,4.3,-0.0111039128821078,1.779998779296875,0.1109724861408061,0.3700000000000001,0.00819606629379846,0.008641808257217021,0.009463361736711261,0.0055380450854503,-0.0022238866412221,0.0001846778138051987,0.0600000000000005,0.1460538988542476,0.010665721402453724,False,False,False,False,False
2025-01-08,5910.66015625,5927.89013671875,5874.77978515625,5918.25,4441740000,17.700000762939453,4.67,4.28,0.0015603601909253,-0.1199989318847656,-0.0067339469102022,0.3899999999999997,0.007898104933915743,0.008300998364903958,0.009447707746518133,-0.0111039128821078,0.0125960267214919,0.00010429437773697842,0.059999999999999665,0.1397964633560845,0.010757995047663336,False,False,False,False,False
2025-01-10,5890.35009765625,5890.35009765625,5807.77978515625,5827.0400390625,4751930000,19.540000915527344,4.77,4.4,-0.0154116438030668,1.8400001525878904,0.1039548063998117,0.3699999999999992,0.010423767592080429,0.008287552228704396,0.00986982617808251,0.0015603601909253,0.0055380450854503,0.0012733264949075184,0.049999999999998934,0.20368042829249583,0.007433008367290944,False,False,False,True,False
2025-01-13,5782.02001953125,5838.60986328125,5773.31005859375,5836.22021484375,4421200000,19.190000534057617,4.79,4.4,0.0015754440882007,-0.3500003814697265,-0.0179119941182602,0.3899999999999997,0.008157659386763083,0.008383455997533132,0.009890773529599911,-0.0154116438030668,-0.0111039128821078,-0.0013642249374614217,0.07000000000000028,0.1565454879886437,0.007170982898889501,False,False,False,False,False
2025-01-14,5859.27001953125,5871.919921875,5805.419921875,5842.91015625,4142280000,18.709999084472656,4.78,4.37,0.001146279811244,-0.4800014495849609,-0.0250131024609965,0.4100000000000001,0.007323672448811418,0.008054825362350505,0.00967321323061239,0.0015754440882007,0.0015603601909253,-0.003568341464119662,0.07000000000000028,0.13702590481223925,0.0065787703482508035,False,False,False,False,False
2025-01-15,5905.2099609375,5960.60986328125,5905.2099609375,5949.91015625,4544570000,16.1200008392334,4.66,4.27,0.0183127922796391,-2.589998245239258,-0.1384285607682731,0.3900000000000005,0.010665721402453724,0.009534691836493383,0.010540947870578913,0.001146279811244,-0.0154116438030668,-0.004446694518960921,0.020000000000000406,0.17193143795858365,0.004223131305285496,False,False,False,True,False
2025-01-16,5963.60986328125,5964.68994140625,5930.72021484375,5937.33984375,4285810000,16.600000381469727,4.61,4.23,-0.0021126894641922,0.4799995422363281,0.0297766449904945,0.3799999999999999,0.010757995047663334,0.009441337433721464,0.01054350989091646,0.0183127922796391,0.0015754440882007,0.0014366465133884589,-0.009999999999999787,0.17858272189506078,0.004496592945543669,False,False,False,True,False
2025-01-17,5995.39990234375,6014.9599609375,5978.43994140625,5996.66015625,4366830000,15.970000267028809,4.61,4.27,0.0099910589693537,-0.630000114440918,-0.0379518132508102,0.3400000000000007,0.007433008367290954,0.00973249541861204,0.010753806768005024,-0.0021126894641922,0.001146279811244,0.000702036582364959,-0.029999999999998528,0.11870514561046391,0.008508682659907844,False,False,False,False,False
2025-01-21,6014.1201171875,6051.509765625,6006.8798828125,6049.240234375,4702920000,15.0600004196167,4.57,4.29,0.0087682271055828,-0.9099998474121094,-0.0569818304443531,0.2800000000000002,0.007170982898889514,0.009385541806424359,0.010904004370248261,0.0099910589693537,0.0183127922796391,0.005782577136849059,-0.10999999999999949,0.10799500546634026,0.008596913295315882,False,False,False,False,False
2025-01-22,6081.39013671875,6100.81005859375,6076.1298828125,6086.3701171875,4323040000,15.100000381469728,4.6,4.29,0.0061379415222275,0.0399999618530291,0.0026560398896753,0.3099999999999996,0.00657877034825082,0.009410956636383623,0.008730741489453804,0.0087682271055828,-0.0021126894641922,0.007221133740325479,-0.10000000000000048,0.09933943476818911,0.008298696453649732,False,False,False,False,False
2025-01-23,6076.31982421875,6118.72998046875,6074.669921875,6118.7099609375,4432250000,15.020000457763672,4.65,4.29,0.0053134862204113,-0.0799999237060564,-0.005298008058611,0.3600000000000003,0.004223131305285513,0.00837678402986033,0.008741901196737612,0.0061379415222275,0.0099910589693537,0.008219466082522178,-0.030000000000000193,0.0634314341385845,0.008292441139373984,False,False,False,False,False
2025-01-24,6121.43017578125,6128.18017578125,6088.740234375,6101.240234375,4214250000,14.850000381469728,4.63,4.27,-0.0028551323193988,-0.1700000762939435,-0.0113182470780865,0.3600000000000003,0.004496592945543683,0.008582711291844276,0.008568700512962414,0.0053134862204113,0.0087682271055828,0.005619604870676619,-0.019999999999999574,0.06677440695663778,0.008408320931011237,False,False,False,False,False
2025-01-27,5969.0400390625,6017.169921875,5962.919921875,6012.27978515625,5198750000,17.899999618530273,4.53,4.17,-0.0145807156908095,3.049999237060545,0.2053871487347855,0.3600000000000003,0.008508682659907844,0.008405411031659506,0.009100579476687852,-0.0028551323193988,0.0061379415222275,0.005471116299635299,0.01999999999999963,0.15230541636654554,0.006579332677925041,False,False,False,False,False
2025-01-28,6026.97021484375,6074.5400390625,5994.6298828125,6067.7001953125,4473640000,16.40999984741211,4.55,4.19,0.0092178694499676,-1.489999771118164,-0.0832402124509377,0.3599999999999994,0.008596913295315882,0.008571510084744504,0.009006238254277824,-0.0145807156908095,0.0053134862204113,0.0005567613676026584,0.07999999999999918,0.14107534586434875,0.006010135330180229,False,False,False,False,False
2025-01-29,6057.7001953125,6062.830078125,6012.9599609375,6039.31005859375,4115310000,16.559999465942383,4.55,4.21,-0.0046788957603215,0.1499996185302734,0.0091407446633176,0.3399999999999998,0.008298696453649728,0.008931540438894582,0.009067007673580449,0.0092178694499676,-0.0028551323193988,0.0006466898364796188,0.030000000000000193,0.13742640884045745,0.005930430447782255,False,False,False,False,False
2025-01-30,6050.75,6086.64013671875,6027.4599609375,6071.169921875,4634620000,15.84000015258789,4.52,4.18,0.0052754144053117,-0.7199993133544922,-0.0434782208076308,0.3399999999999998,0.008292441139373982,0.007487224091744838,0.008776423637745879,-0.0046788957603215,-0.0145807156908095,-0.0015166776200301812,-0.020000000000000517,0.13135226891300997,0.005713454677468949,False,False,False,False,False
2025-01-31,6096.7900390625,6120.91015625,6030.93017578125,6040.52978515625,4843770000,16.43000030517578,4.58,4.22,-0.0050468257540199,0.5900001525878906,0.0372474840217409,0.3600000000000003,0.008408320931011232,0.007699009871434305,0.008500808267326694,0.0052754144053117,0.0092178694499676,-0.0015242919830501013,0.0,0.13814871546253046,0.006740568366163549,False,False,False,False,False
2025-02-03,5969.64990234375,6022.1298828125,5923.93017578125,5994.56982421875,4797210000,18.6200008392334,4.54,4.26,-0.0076085976846667,2.190000534057617,0.1332927871807601,0.2800000000000002,0.006579332677925039,0.00762620731704888,0.008629591914977803,-0.0050468257540199,-0.0046788957603215,-0.001962630669974321,-0.08000000000000013,0.12250717998455996,0.006106955167313164,False,False,False,False,False
2025-02-04,5998.14013671875,6042.47998046875,5990.8701171875,6037.8798828125,4410160000,17.209999084472656,4.52,4.21,0.0072248818286797,-1.4100017547607422,-0.0757251176804346,0.3099999999999996,0.006010135330180227,0.0074609090274324755,0.00869877272473328,-0.0076085976846667,0.0052754144053117,-0.0005682070687457613,-0.04999999999999977,0.10343442352995846,0.0056219115209173035,False,False,False,False,False
2025-02-05,6020.4501953125,6062.85986328125,6007.06005859375,6061.47998046875,4756250000,15.770000457763672,4.43,4.17,0.0039086729306143,-1.4399986267089844,-0.0836722082111085,0.2599999999999998,0.005930430447782256,0.007300989299311985,0.008355989809921393,0.0072248818286797,-0.0050468257540199,-0.0009668045930033411,-0.08000000000000002,0.0935228908762618,0.005567951507706534,False,False,False,False,False
2025-02-06,6072.22021484375,6084.02978515625,6046.830078125,6083.56982421875,4847120000,15.5,4.45,4.21,0.0036442987226186,-0.2700004577636719,-0.0171211445736356,0.2400000000000002,0.005713454677468948,0.007187037367091285,0.0083164334889676,0.0039086729306143,-0.0076085976846667,0.0007507091451838189,-0.09999999999999959,0.08855854750076869,0.007004085409593827,False,False,False,False,False
2025-02-07,6083.1298828125,6101.27978515625,6019.9599609375,6025.990234375,4766900000,16.540000915527344,4.49,4.29,-0.0094647701115428,1.0400009155273438,0.0670968332598287,0.2000000000000001,0.006740568366163547,0.007657199903071334,0.008210520502239726,0.0036442987226186,0.0072248818286797,0.00042448600864519894,-0.16000000000000023,0.11148900694751972,0.004861891335680472,False,False,False,False,False
2025-02-10,6046.39990234375,6073.3798828125,6044.83984375,6066.43994140625,4458760000,15.8100004196167,4.51,4.28,0.0067125410858628,-0.7300004959106445,-0.0441354568019,0.2299999999999995,0.006106955167313169,0.006519312516459919,0.008301048626185947,-0.0094647701115428,0.0039086729306143,-0.00045910286285938114,-0.05000000000000068,0.09655096375780158,0.004483989575836575,False,False,False,False,False
2025-02-11,6049.31982421875,6076.27978515625,6042.33984375,6068.5,4324880000,16.020000457763672,4.54,4.29,0.0003395827888592,0.2100000381469726,0.0132827345081161,0.25,0.005621911520917306,0.005904124335953067,0.007431049255887442,0.0067125410858628,0.0036442987226186,0.002405124891246519,-0.05999999999999961,0.0900630251386021,0.004398806557856645,False,False,False,False,False
2025-02-12,6025.080078125,6063.0,6003.0,6051.97021484375,4627960000,15.890000343322754,4.62,4.36,-0.0027238667143857,-0.1300001144409179,-0.0081148633412128,0.2599999999999998,0.005567951507706534,0.00577591764303134,0.007497827639440873,0.0003395827888592,-0.0094647701115428,0.0010280650832824188,0.0,0.08847475136906127,0.004808649235198004,False,False,False,False,False
2025-02-13,6060.58984375,6116.91015625,6050.9501953125,6115.06982421875,4763800000,15.100000381469728,4.52,4.31,0.0104262921222306,-0.7899999618530256,-0.0497167995458852,0.2099999999999999,0.007004085409593829,0.006399274130177777,0.0077189527554359415,-0.0027238667143857,0.0067125410858628,-0.0002984428457175812,-0.030000000000000304,0.10576169235671337,0.007296157028782757,False,False,False,False,False
2025-02-14,6115.52001953125,6127.47021484375,6107.6201171875,6114.6298828125,4335190000,14.770000457763672,4.47,4.26,-7.194380749464546e-05,-0.3299999237060564,-0.0218542990310797,0.2099999999999999,0.004861891335680481,0.006117122701504926,0.006833649559133635,0.0104262921222306,0.0003395827888592,0.001057955834204819,0.009999999999999815,0.07181013725359793,0.007119665295359388,False,False,False,False,False
2025-02-18,6121.60009765625,6129.6298828125,6099.509765625,6129.580078125,4684980000,15.350000381469728,4.55,4.29,0.0024449877750611,0.5799999237060565,0.0392687817014376,0.2599999999999998,0.0044839895758365805,0.005359708144756467,0.006793291997511994,-7.194380749464546e-05,-0.0027238667143857,0.00293652109501445,0.030000000000000276,0.0688292416995978,0.006289922459252144,False,False,False,False,False
2025-02-19,6117.759765625,6147.43017578125,6111.14990234375,6144.14990234375,4562330000,15.270000457763672,4.53,4.28,0.0023769693899173,-0.0799999237060564,-0.0052117212845564,0.25,0.004398806557856653,0.0051002317748811326,0.006530768198573218,0.0024449877750611,0.0104262921222306,0.00208301043285411,0.0,0.06716977815208494,0.00575292021755096,False,False,False,False,False
2025-02-20,6134.5,6134.5,6084.58984375,6117.52001953125,4813690000,15.65999984741211,4.5,4.28,-0.0043341850761716,0.3899993896484375,0.0255402343128385,0.2199999999999997,0.00480864923519801,0.0053463963412606385,0.006400503307836108,0.0023769693899173,-7.194380749464546e-05,0.00249048775306573,-0.04000000000000009,0.0753034462894592,0.006770861278172777,False,False,False,False,False
2025-02-21,6114.10009765625,6114.81982421875,6008.56005859375,6013.1298828125,5434560000,18.209999084472656,4.42,4.19,-0.0170641267025635,2.549999237060547,0.1628352019097845,0.2299999999999995,0.0072961570287827515,0.007480531558065779,0.007283154990488115,-0.0043341850761716,0.0024449877750611,0.00216842408070855,0.0199999999999996,0.13286301281430263,0.010310286283423066,False,False,False,False,False
2025-02-24,6026.68994140625,6043.64990234375,5977.830078125,5983.25,4990120000,18.979999542236328,4.4,4.13,-0.0049691065044024,0.7700004577636719,0.042284486352349,0.2700000000000004,0.007119665295359381,0.007091441230793033,0.007217868968087152,-0.0170641267025635,0.0023769693899173,-0.0033296596842502706,0.0600000000000005,0.1351312440467969,0.012136469933020928,False,False,False,False,False
2025-02-25,5982.72998046875,5992.64990234375,5908.490234375,5955.25,5374690000,19.43000030517578,4.3,4.07,-0.0046797309154723,0.4500007629394531,0.0237092083136283,0.2299999999999995,0.006289922459252134,0.006716486962215562,0.007250113314348681,-0.0049691065044024,-0.0043341850761716,-0.004309092223631821,-0.030000000000000276,0.12221319530280096,0.012537176608427283,False,False,False,False,False
2025-02-26,5970.8701171875,6009.81982421875,5932.68994140625,5956.06005859375,4869580000,19.100000381469727,4.25,4.05,0.0001360242800469,-0.3299999237060547,-0.0169840410974233,0.2000000000000001,0.005752920217550948,0.006710199820805956,0.006597633956982649,-0.0046797309154723,-0.0170641267025635,-0.0057340359617385015,-0.049999999999999906,0.109880778349788,0.014262503530874219,False,False,False,False,False
2025-02-27,5981.8798828125,5993.68994140625,5858.77978515625,5861.56982421875,5057680000,21.1299991607666,4.29,4.07,-0.0158645536555098,2.029998779296875,0.1062826564792283,0.2199999999999997,0.006770861278172762,0.007929392792748815,0.007001761461603083,0.0001360242800469,-0.0049691065044024,-0.006182224983712582,0.0,0.14306829312545755,0.014612037663402718,False,False,False,False,False
2025-02-28,5856.740234375,5959.39990234375,5837.66015625,5954.5,6441140000,19.6299991607666,4.24,3.99,0.0158541446349889,-1.5,-0.0709891178218854,0.25,0.010310286283423063,0.008959666424294835,0.007884355724664472,-0.0158645536555098,-0.0046797309154723,-0.008488298699580222,0.02000000000000049,0.20239091109085813,0.012165717134182732,False,False,False,False,False
2025-03-03,5968.330078125,5986.08984375,5810.91015625,5849.72021484375,5613850000,22.780000686645508,4.16,3.96,-0.0175967394669998,3.1500015258789062,0.1604687549948877,0.2000000000000001,0.012136469933020923,0.009949644877860908,0.008543882309925525,0.0158541446349889,0.0001360242800469,-0.0019046444320697416,-0.07000000000000031,0.27646879340766917,0.014312133310408086,False,False,True,True,False
2025-03-04,5811.97998046875,5865.080078125,5732.58984375,5778.14990234375,6138110000,23.51000022888184,4.22,3.96,-0.0122348266022004,0.7299995422363317,0.0320456330216127,0.2599999999999998,0.012537176608427278,0.009918804824313043,0.008809703222796781,-0.0175967394669998,-0.0158645536555098,-0.004430171024589221,0.030000000000000276,0.29474902493365734,0.014161430061294226,False,False,True,True,False
2025-03-05,5781.35986328125,5860.58984375,5742.35009765625,5842.6298828125,5285970000,21.93000030517578,4.28,3.99,0.0111592778931879,-1.5799999237060582,-0.0672054405922566,0.29,0.014262503530874217,0.010943166518169348,0.009148315930132322,-0.0122348266022004,0.0158541446349889,-0.005941190161934841,0.08999999999999989,0.31277670678464226,0.012686165094830159,False,False,False,True,False
2025-03-06,5785.8701171875,5812.080078125,5711.64013671875,5738.52001953125,5165080000,24.8700008392334,4.29,3.96,-0.0178190070857499,2.940000534057617,0.1340629499838053,0.33,0.014612037663402714,0.011594498576605074,0.009596334906387869,0.0111592778931879,-0.0175967394669998,-0.003736539439306641,0.11000000000000032,0.3634013889517355,0.012189885924210154,False,False,True,True,False
2025-03-07,5726.009765625,5783.009765625,5666.2900390625,5770.2001953125,5705140000,23.3700008392334,4.32,3.99,0.005520617802748,-1.5,-0.0603136288453071,0.33,0.012165717134182725,0.011478382800091117,0.00965255107180174,-0.0178190070857499,-0.0122348266022004,-0.004127430125354662,0.08000000000000002,0.2843128196357264,0.016459804380072763,False,False,True,True,False
2025-03-10,5705.3701171875,5705.3701171875,5564.02001953125,5614.56005859375,6409370000,27.86000061035156,4.22,3.89,-0.0269730913054258,4.4899997711181605,0.1921266414154498,0.3299999999999996,0.014312133310408079,0.01339315268004112,0.010879561406393254,0.005520617802748,0.0111592778931879,-0.006194135491802842,0.12999999999999953,0.39873604276340197,0.012188773006242347,False,False,True,True,True
2025-03-11,5603.64990234375,5636.2998046875,5528.41015625,5572.06982421875,6221240000,26.920000076293945,4.28,3.94,-0.0075678653236531,-0.9400005340576136,-0.0337401476476763,0.3400000000000003,0.014161430061294219,0.013387320497777267,0.01083956988002243,-0.0269730913054258,-0.0178190070857499,-0.008069405859488041,0.08000000000000052,0.38122569833047176,0.012734709010657864,False,False,True,True,False
2025-03-12,5624.83984375,5642.18994140625,5546.08984375,5599.2998046875,5219830000,24.229999542236328,4.32,4.01,0.0048868699294464,-2.690000534057617,-0.0999257253504416,0.3100000000000005,0.012686165094830152,0.013696485751399326,0.010763055216262092,-0.0075678653236531,0.005520617802748,-0.007136013603778582,0.020000000000000517,0.30738577444046905,0.013248590691758972,False,False,True,True,False
2025-03-13,5594.4501953125,5597.77978515625,5504.64990234375,5521.52001953125,5018980000,24.65999984741211,4.27,3.94,-0.0138909842068353,0.4300003051757812,0.0177466080602366,0.3299999999999996,0.012189885924210147,0.013567448715039501,0.010930900497057566,0.0048868699294464,-0.0269730913054258,-0.008390495196526883,-3.885780586188048e-16,0.30060258503099324,0.01092500937647632,False,False,True,True,False
2025-03-14,5563.85009765625,5645.27001953125,5563.85009765625,5638.93994140625,4863180000,21.770000457763672,4.31,4.02,0.0212658690830878,-2.889999389648437,-0.1171938121464231,0.29,0.016459804380072763,0.014498977008632495,0.012226113368950044,-0.0138909842068353,-0.0075678653236531,-0.007604890620743962,-0.040000000000000036,0.35832994888888453,0.007366349879436296,False,False,False,True,False
2025-03-17,5635.60009765625,5703.52001953125,5631.1201171875,5675.1201171875,5031770000,20.51000022888184,4.31,4.06,0.0064161307191059,-1.2600002288818324,-0.0578778228014454,0.25,0.012188773006242349,0.014254120564850828,0.012040363811239792,0.0212658690830878,0.0048868699294464,-0.004455840364676001,-0.07999999999999963,0.24999173714781936,0.009929210346958569,False,False,False,True,False
2025-03-18,5654.52978515625,5654.52978515625,5597.759765625,5614.66015625,4666270000,21.700000762939453,4.29,4.04,-0.0106535121176365,1.1900005340576136,0.0580205032071075,0.25,0.012734709010657866,0.01415839819637694,0.012108567274365904,0.0064161307191059,-0.0138909842068353,0.0022220040402303387,-0.0900000000000003,0.2763431952470876,0.007371000134440749,False,False,False,True,False
2025-03-19,5632.3701171875,5715.330078125,5622.2001953125,5675.2900390625,4660090000,19.89999961853028,4.25,3.99,0.0107984955678945,-1.800001144409176,-0.0829493585771353,0.2599999999999998,0.013248590691758976,0.014123285257876775,0.012445636879493214,-0.0106535121176365,0.0212658690830878,0.0016048746814336593,-0.05000000000000071,0.2636469497120674,0.009325281628119034,False,False,False,True,False
2025-03-20,5646.919921875,5711.14990234375,5632.330078125,5662.89013671875,4678420000,19.799999237060547,4.24,3.95,-0.0021848931523151,-0.1000003814697301,-0.0050251448938025,0.29,0.010925009376476325,0.013210180225718413,0.012379357073513859,0.0107984955678945,0.0064161307191059,0.0027871998091232794,-0.03999999999999965,0.21631517731911057,0.009420441054397717,False,False,False,True,False
2025-03-21,5630.72998046875,5670.83984375,5603.10009765625,5667.56005859375,9367460000,19.280000686645508,4.25,3.94,0.0008246534476661,-0.5199985504150391,-0.026262554063221,0.31,0.0073663498794362976,0.01304399023751024,0.01241744261165351,-0.0021848931523151,-0.0106535121176365,0.00512841802002732,0.020000000000000018,0.14202323073360287,0.012601159919006934,False,False,False,False,False
2025-03-24,5718.080078125,5775.14013671875,5718.080078125,5767.56982421875,4517990000,17.479999542236328,4.34,4.04,0.0176460001466336,-1.8000011444091797,-0.0933610518829477,0.2999999999999998,0.009929210346958572,0.011129276875066743,0.01281294671482022,0.0008246534476661,0.0107984955678945,0.0010401748929429796,0.04999999999999982,0.17356259231960405,0.009070501077912182,False,False,False,False,False
2025-03-25,5775.9599609375,5786.9501953125,5760.419921875,5776.64990234375,4467340000,17.149999618530273,4.31,3.96,0.0015743334544251,-0.3299999237060547,-0.0188787146652199,0.3499999999999996,0.007371000134440759,0.010607070142454706,0.012814115561714513,0.0176460001466336,-0.0021848931523151,0.003286148778448519,0.09999999999999959,0.12641264949384562,0.0094459256244658,False,False,False,False,False
2025-03-26,5771.66015625,5783.6201171875,5694.41015625,5712.2001953125,4183140000,18.32999992370605,4.35,3.98,-0.0111569349226271,1.1800003051757777,0.0688046840479696,0.3699999999999996,0.009325281628119035,0.011478944034004002,0.012961883954776866,0.0015743334544251,0.0008246534476661,0.00573171789286084,0.10999999999999982,0.17093241153195937,0.009807609986851035,False,False,False,False,False
2025-03-27,5695.64013671875,5732.27978515625,5670.93994140625,5693.31005859375,4403460000,18.690000534057617,4.38,3.97,-0.0033069808607638,0.360000610351566,0.0196399679132557,0.4099999999999997,0.009420441054397719,0.010395898928646922,0.012956891857121716,-0.0111569349226271,0.0176460001466336,0.0013406317947565198,0.11999999999999972,0.17606804833775166,0.021351203087562016,False,False,False,False,False
2025-03-28,5679.2001953125,5685.89013671875,5572.419921875,5580.93994140625,4513330000,21.64999961853028,4.27,3.89,-0.019737220708344,2.95999908447266,0.1583734082339292,0.3799999999999994,0.012601159919006932,0.01051661409076612,0.013177705526498601,-0.0033069808607638,0.0015743334544251,0.0011162142530667795,0.0699999999999994,0.27281510743953913,0.029346250802976596,False,False,False,True,False
2025-03-31,5527.91015625,5627.56005859375,5488.72998046875,5611.85009765625,5257250000,22.280000686645508,4.23,3.89,0.0055385215706533,0.6300010681152308,0.029099357007656,0.3400000000000003,0.009070501077912178,0.01045804282077498,0.012676557266639587,-0.019737220708344,-0.0111569349226271,-0.002996160578135241,0.04000000000000048,0.20209077024410216,0.028208024822026393,False,False,False,False,False
2025-04-01,5597.52978515625,5650.56982421875,5558.52001953125,5633.06982421875,4434500000,21.770000457763672,4.17,3.87,0.0037812354559083,-0.5100002288818359,-0.0228904943071894,0.2999999999999998,0.009445925624465794,0.010022168411682535,0.012295061061938981,0.0055385215706533,-0.0033069808607638,-0.005417656293331301,-0.04999999999999977,0.20563780516862193,0.025906558341930758,False,False,False,False,False
2025-04-02,5580.759765625,5695.31005859375,5571.47998046875,5670.97021484375,4243830000,21.51000022888184,4.2,3.91,0.0067281947157926,-0.2600002288818324,-0.0119430511444528,0.29,0.009807609986851035,0.009667046268835163,0.012185498338432169,0.0037812354559083,-0.019737220708344,-0.004976275893034661,-0.07999999999999963,0.2109616930619496,0.054819458847152155,False,False,False,False,False
2025-04-03,5492.740234375,5499.52978515625,5390.830078125,5396.52001953125,7210470000,30.020000457763672,4.06,3.71,-0.0483956333599014,8.510000228881832,0.3956299459939247,0.3499999999999996,0.021351203087562012,0.01748035859400742,0.015537439121316986,0.0067281947157926,0.0055385215706533,-0.0013992499653507208,-0.06000000000000011,0.6409631264624167,0.05294240491531902,True,False,True,True,True
2025-04-04,5292.14013671875,5292.14013671875,5069.89990234375,5074.080078125,8853500000,45.310001373291016,4.01,3.68,-0.059749605345531,15.290000915527344,0.5093271379872046,0.3299999999999996,0.02934625080297659,0.023863473236406443,0.0194350128320383,-0.0483956333599014,0.0037812354559083,-0.01041698046517824,-0.04999999999999977,1.3296786641838119,0.044936808718621296,True,True,True,True,True
2025-04-07,4953.7900390625,5246.56982421875,4835.0400390625,5062.25,8691980000,46.97999954223633,4.15,3.73,-0.0023314724921273,1.6699981689453125,0.0368571643860009,0.4200000000000004,0.02820802482202639,0.022183255235644166,0.019291521421501624,-0.059749605345531,0.0067281947157926,-0.01841945739261564,0.08000000000000007,1.3252129932261907,0.04446127658271218,False,True,True,True,False
2025-04-08,5193.56982421875,5267.47021484375,4910.419921875,4982.77001953125,7408140000,52.33000183105469,4.26,3.71,-0.0157005245629413,5.350002288818359,0.1138782958907558,0.5499999999999998,0.025906558341930747,0.0216706729055564,0.018852966408881736,-0.0023314724921273,-0.0483956333599014,-0.019993456205171758,0.25,1.3556902454695612,0.04290754518973387,False,False,True,True,False
2025-04-09,4965.27978515625,5481.33984375,4948.43017578125,5456.89990234375,9489600000,33.619998931884766,4.34,3.91,0.0951538764490484,-18.71000289916992,-0.3575387396234843,0.4299999999999997,0.054819458847152155,0.03945192214425417,0.028523839973402854,-0.0157005245629413,-0.059749605345531,-0.023889808208941682,0.13999999999999974,1.8430301478877564,0.019387102359289327,True,True,True,True,True
2025-04-10,5353.14990234375,5353.14990234375,5115.27001953125,5268.0498046875,6677140000,40.720001220703125,4.4,3.84,-0.0346075795847269,7.100002288818359,0.2111838939436969,0.5600000000000005,0.05294240491531902,0.04051581172475683,0.029389285099653554,0.0951538764490484,-0.0023314724921273,-0.006204671862290523,0.2100000000000009,2.1558147927787497,0.013380880857521206,False,True,True,True,True
2025-04-11,5255.56005859375,5381.4599609375,5220.77001953125,5363.35986328125,5602550000,37.560001373291016,4.48,3.96,0.0180920952017089,-3.1599998474121094,-0.0776031373448359,0.5200000000000005,0.04493680871862129,0.04090774684441652,0.029586307726323834,-0.0346075795847269,-0.0157005245629413,-0.003447061107255621,0.19000000000000083,1.6878265971827313,0.01288426046780794,False,True,True,True,False
2025-04-14,5441.9599609375,5459.4599609375,5358.02001953125,5405.97021484375,5031440000,30.88999938964844,4.38,3.84,0.0079447123908689,-6.670001983642575,-0.1775825809310439,0.54,0.04446127658271218,0.04096517593792869,0.029243959818339462,0.0180920952017089,0.0951538764490484,0.01212127900219236,0.11999999999999966,1.3734088065029697,0.017904119085244277,False,True,True,True,False
2025-04-15,5411.990234375,5450.41015625,5386.43994140625,5396.6298828125,4317110000,30.1200008392334,4.35,3.84,-0.0017277808903947,-0.7699985504150426,-0.0249271144587033,0.5099999999999998,0.04290754518973387,0.04090851175071483,0.02918920630627127,0.0079447123908689,-0.0346075795847269,0.014176515978791599,-0.040000000000000036,1.2923752971242293,0.019829985808429887,False,True,True,True,False
2025-04-16,5335.75,5367.240234375,5220.7900390625,5275.7001953125,4607750000,32.63999938964844,4.29,3.77,-0.0224083715440897,2.519998550415039,0.0836652881872621,0.52,0.019387102359289317,0.04111623459178937,0.029461707910011608,-0.0017277808903947,0.0180920952017089,0.01697106471330092,0.0900000000000003,0.6327950091742551,0.017659724424859902,False,False,True,True,False
2025-04-17,5305.4501953125,5328.31005859375,5255.580078125,5282.7001953125,4714880000,29.64999961853028,4.34,3.81,0.0013268380955802,-2.9899997711181605,-0.091605386857526,0.5299999999999998,0.013380880857521192,0.038667303587314794,0.02932632954610624,-0.0224083715440897,0.0079447123908689,-0.006541384885326698,-0.030000000000000693,0.3967431123211025,0.017368771437350366,False,False,True,True,False
2025-04-21,5232.93994140625,5232.93994140625,5101.6298828125,5158.2001953125,4226340000,33.81999969482422,4.42,3.75,-0.0235674930238275,4.170000076293942,0.1406408138261097,0.6699999999999999,0.012884260467807915,0.03450719776784141,0.029650270120014886,0.0013268380955802,-0.0017277808903947,0.0006454986507347208,0.14999999999999947,0.43574568508929945,0.008857041880302022,False,False,True,True,True
2025-04-22,5207.669921875,5309.60986328125,5207.669921875,5287.759765625,4666950000,30.56999969482422,4.41,3.76,0.0251172047238952,-3.25,-0.0960969849002505,0.6500000000000004,0.017904119085244263,0.03512240190833463,0.03028320685388458,-0.0235674930238275,-0.0224083715440897,-0.0076864189943725595,0.11000000000000032,0.5473289149720135,0.007233647036048395,False,False,True,True,True
2025-04-23,5395.919921875,5469.68994140625,5356.169921875,5375.85986328125,5371390000,28.450000762939453,4.4,3.81,0.01666113847096,-2.1199989318847656,-0.0693490007539548,0.5900000000000003,0.01982998580842988,0.034555772433179734,0.03025218073741395,0.0251172047238952,0.0013268380955802,-0.004251920527767299,0.08000000000000052,0.5641631113789086,0.0070459487314618935,False,False,True,True,False
2025-04-24,5381.3798828125,5489.39990234375,5371.9599609375,5484.77001953125,4697710000,26.46999931335449,4.32,3.77,0.0202591137082812,-1.9800014495849645,-0.0695958311594924,0.5500000000000003,0.017659724424859902,0.019910567690220354,0.03064276077302159,0.01666113847096,-0.0235674930238275,-0.0005741366554963586,0.03000000000000025,0.4674528934000711,0.002721722051452307,False,False,True,True,False
2025-04-25,5489.72998046875,5528.10986328125,5455.85986328125,5525.2099609375,4236580000,24.84000015258789,4.29,3.74,0.0073731334699984,-1.629999160766598,-0.0615791160955656,0.5499999999999998,0.017368771437350366,0.016078619157359444,0.030633286458403075,0.0202591137082812,0.0251172047238952,0.007959360394977822,0.020000000000000018,0.4314402851540473,0.005004260021623276,False,False,True,True,False
2025-04-28,5529.22021484375,5553.66015625,5468.64013671875,5528.75,4257880000,25.14999961853028,4.23,3.67,0.0006407067039131,0.3099994659423863,0.0124798495989577,0.5600000000000005,0.008857041880302029,0.01548909754763809,0.030631412355060793,0.0073731334699984,0.01666113847096,0.009168619469861462,-0.10999999999999943,0.22275459991090274,0.006884470843206054,False,False,True,False,False
2025-04-29,5508.8701171875,5571.9501953125,5505.7001953125,5560.830078125,4747150000,24.170000076293945,4.19,3.65,0.005802410694099,-0.9799995422363316,-0.0389661851729921,0.5400000000000005,0.007233647036048396,0.015436189852745212,0.03036656762259131,0.0006407067039131,0.0202591137082812,0.014010259415409582,-0.10999999999999988,0.17483724941317322,0.008299831223553555,False,False,True,False,False
2025-04-30,5499.43994140625,5581.83984375,5433.240234375,5569.06005859375,5449490000,24.700000762939453,4.17,3.6,0.0014799913597656,0.5300006866455078,0.0219280382694468,0.5699999999999998,0.007045948731461889,0.015368879927986457,0.030345408519657835,0.005802410694099,0.0073731334699984,0.01014730060945034,-0.020000000000000462,0.17403493904274092,0.00836453089934123,False,False,True,False,False
2025-05-01,5625.14013671875,5658.91015625,5597.35009765625,5604.14013671875,4935270000,24.600000381469727,4.25,3.7,0.0062991021385856,-0.1000003814697265,-0.0040485983150158,0.5499999999999998,0.00272172205145228,0.012765177219076444,0.030364727575411567,0.0014799913597656,0.0006407067039131,0.007111071187211461,-4.440892098500626e-16,0.06695436350398065,0.00831855903115483,False,False,True,False,False
2025-05-02,5645.8798828125,5700.7001953125,5642.27978515625,5686.669921875,4854380000,22.68000030517578,4.33,3.83,0.0147265741296347,-1.920000076293945,-0.0780487823788901,0.5,0.0050042600216232665,0.012892346477357914,0.0304939987572275,0.0062991021385856,0.005802410694099,0.004319068873272341,-0.04999999999999982,0.11349661881759465,0.005452318151358443,False,False,True,False,False
2025-05-05,5655.31982421875,5683.3798828125,5634.47998046875,5650.3798828125,4358260000,23.63999938964844,4.36,3.83,-0.0063815975889338,0.9599990844726598,0.0423280013913218,0.5300000000000002,0.006884470843206043,0.009278014028418336,0.02852945358938515,0.0147265741296347,0.0014799913597656,0.005789757005199602,-0.03000000000000025,0.16274888653144334,0.013689368313971663,False,False,True,False,False
2025-05-06,5605.8701171875,5649.580078125,5586.0400390625,5606.91015625,4717260000,24.76000022888184,4.3,3.78,-0.0076932396518555,1.1200008392333984,0.0473773632889273,0.52,0.00829983122355354,0.008860255260600613,0.0250551199514412,-0.0063815975889338,0.0062991021385856,0.004385296146630221,-0.020000000000000462,0.2055038229948663,0.011667882872400805,False,False,True,False,False
2025-05-07,5614.18017578125,5654.72998046875,5578.64013671875,5631.27978515625,4987440000,23.549999237060547,4.26,3.78,0.0043463562331358,-1.2100009918212926,-0.048869183385946,0.48,0.008364530899341216,0.008104934851051635,0.025001490641565986,-0.0076932396518555,0.0147265741296347,0.001686166077439321,-0.08999999999999986,0.196984696297855,0.012050561187638755,False,False,True,False,False
2025-05-08,5663.60009765625,5720.10009765625,5635.3798828125,5663.93994140625,5627400000,22.479999542236328,4.37,3.9,0.0057997750948355,-1.0699996948242188,-0.045435232674673,0.4700000000000002,0.008318559031154816,0.006282432057100582,0.024553168352034877,0.0043463562331358,-0.0063815975889338,0.0022594390521133607,-0.07999999999999963,0.18700120321242614,0.012162156203932848,False,False,True,False,False
2025-05-09,5679.64990234375,5691.68994140625,5644.14990234375,5659.91015625,4645090000,21.89999961853028,4.37,3.88,-0.0007114809122162,-0.5799999237060511,-0.025800708875297,0.4900000000000002,0.005452318151358415,0.006218310549813323,0.014471447585887663,0.0057997750948355,-0.0076932396518555,0.002159573643363341,-0.009999999999999787,0.11940576543485501,0.01131065619764099,False,False,False,False,False
2025-05-12,5807.2001953125,5845.3701171875,5786.080078125,5844.18994140625,6014580000,18.38999938964844,4.45,3.98,0.0325587827490083,-3.510000228881836,-0.160273985845731,0.4700000000000002,0.013689368313971662,0.010905432567891218,0.013447303864398599,-0.0007114809122162,0.0043463562331358,-0.0009280373650068389,-0.06000000000000005,0.25174747493861155,0.0027639231989655994,False,False,False,True,True
2025-05-13,5854.14990234375,5906.64013671875,5845.02001953125,5886.5498046875,5516290000,18.21999931335449,4.49,4.02,0.0072482009835321,-0.1700000762939524,-0.0092441588872288,0.4700000000000006,0.011667882872400809,0.010916435387434809,0.01314108465223254,0.0325587827490083,0.0057997750948355,0.00686003870258158,-0.049999999999999434,0.21258881792344334,0.003640048091982364,False,False,False,True,False
2025-05-14,5896.740234375,5906.5498046875,5872.10986328125,5892.580078125,5233450000,18.6200008392334,4.53,4.05,0.0010244155978598,0.4000015258789098,0.021953981391521,0.4800000000000004,0.012050561187638755,0.010935166889624556,0.013138048901566392,0.0072482009835321,-0.0007114809122162,0.009848326829659101,4.440892098500626e-16,0.22438145942706703,0.008118016354224985,False,False,False,True,False
2025-05-15,5869.81982421875,5924.2099609375,5865.16015625,5916.93017578125,4991290000,17.829999923706055,4.45,3.96,0.0041323320741357,-0.7900009155273438,-0.0424275445714678,0.4900000000000002,0.012162156203932848,0.010943043035471908,0.013071270298501586,0.0010244155978598,0.0325587827490083,0.009183938702603903,0.020000000000000018,0.2168512441882238,0.007665408983945677,False,False,False,True,False
2025-05-16,5929.08984375,5958.6201171875,5907.35986328125,5958.3798828125,4850850000,17.239999771118164,4.43,3.98,0.0070052722948985,-0.5900001525878906,-0.0330903059513449,0.4499999999999997,0.011310656197640991,0.010529737078426502,0.011609404385478158,0.0041323320741357,0.0072482009835321,0.008850450098463941,-0.040000000000000535,0.19499571025852694,0.006051564095511043,False,False,False,True,False
2025-05-19,5902.8798828125,5968.60986328125,5895.68994140625,5963.60009765625,4144010000,18.13999938964844,4.46,3.97,0.0008761131291423,0.899999618530277,0.0522041549001659,0.4899999999999997,0.0027639231989655677,0.00997411252718006,0.011618212728165565,0.0070052722948985,0.0010244155978598,0.01039380073988688,0.019999999999999518,0.050137565142270565,0.012084430910270668,False,False,False,False,False
2025-05-20,5944.66015625,5953.06005859375,5909.259765625,5940.4599609375,4416850000,18.09000015258789,4.48,3.97,-0.0038802294486252,-0.0499992370605504,-0.0027562976153726,0.5100000000000002,0.003640048091982329,0.009526897444954469,0.009868653640960847,0.0008761131291423,0.0041323320741357,0.004057266815913682,0.03999999999999965,0.0658484705393876,0.012174067142283694,False,False,False,False,False
2025-05-21,5910.18017578125,5938.3701171875,5830.91015625,5844.60986328125,5254250000,20.8700008392334,4.58,4.0,-0.0161351306610142,2.780000686645508,0.1536761007847649,0.5800000000000001,0.008118016354224962,0.011603198357639994,0.010128238801330165,-0.0038802294486252,0.0070052722948985,0.0018315807294822216,0.09999999999999964,0.16942300812558542,0.009831656445079025,False,False,False,False,False
2025-05-22,5841.259765625,5878.080078125,5825.81982421875,5842.009765625,5157050000,20.280000686645508,4.54,4.0,-0.0004448710379429,-0.5900001525878906,-0.0282702505444443,0.54,0.007665408983945652,0.011646287141444429,0.009827373901479088,-0.0161351306610142,0.0008761131291423,-0.0016003285222925784,0.04999999999999982,0.15545449945783646,0.009812042079278657,False,False,False,False,False
2025-05-23,5781.89013671875,5829.509765625,5767.41015625,5802.81982421875,4662820000,22.290000915527344,4.51,4.0,-0.0067082978253216,2.010000228881836,0.0991124339658149,0.5099999999999998,0.006051564095511003,0.011980178784175897,0.009372293878256995,-0.0004448710379429,-0.0038802294486252,-0.0025157691447082985,0.06000000000000011,0.13488936922931266,0.008688732289006039,False,False,False,False,False
2025-05-27,5854.06982421875,5924.330078125,5854.06982421875,5921.5400390625,5366380000,18.959999084472656,4.43,3.92,0.0204590558452733,-3.3300018310546875,-0.1493944232516827,0.5099999999999998,0.012084430910270652,0.00917191948313578,0.010069304679722932,-0.0067082978253216,-0.0161351306610142,-0.005258483168752318,0.020000000000000073,0.22912079899510462,0.004097700152254039,False,False,False,True,False
2025-05-28,5925.5400390625,5939.919921875,5881.8798828125,5888.5498046875,4665050000,19.309999465942383,4.47,3.96,-0.0055712254172688,0.3500003814697265,0.0184599366229063,0.5099999999999998,0.012174067142283678,0.009154883668428032,0.01023457038498089,0.0204590558452733,-0.0004448710379429,-0.001341894625526119,-4.440892098500626e-16,0.23508123001584452,0.002362045275702567,False,False,False,True,False
2025-05-29,5939.9599609375,5943.1298828125,5873.7998046875,5912.169921875,4569750000,19.18000030517578,4.43,3.92,0.0040111942619043,-0.1299991607666015,-0.0067322198012426,0.5099999999999998,0.009831656445079013,0.009229380582487377,0.010218800360613964,-0.0055712254172688,-0.0067082978253216,-0.0016800938192548388,-0.07000000000000028,0.1885711736169989,0.003848863274434106,False,False,False,False,False
2025-05-30,5903.669921875,5922.14013671875,5843.66015625,5911.68994140625,6378540000,18.56999969482422,4.41,3.89,-8.118516130162234e-05,-0.6100006103515625,-0.0318039937771509,0.52,0.009812042079278644,0.00914398693490518,0.010235060220310569,0.0040111942619043,0.0204590558452733,0.002349171165328861,-0.020000000000000018,0.1822096184178068,0.005275277503257623,False,False,False,False,False
2025-06-02,5896.68017578125,5937.39990234375,5861.43017578125,5935.93994140625,4832240000,18.36000061035156,4.46,3.94,0.0041020419271569,-0.2099990844726598,-0.0113085130815155,0.52,0.008688732289006029,0.008959701471088013,0.01021097112703716,-8.118516130162234e-05,-0.0055712254172688,0.0024219083406571166,0.010000000000000231,0.15952513012933198,0.005295345428422899,False,False,False,False,False
2025-06-03,5938.56005859375,5981.35009765625,5929.0,5970.3701171875,5026680000,17.690000534057617,4.46,3.96,0.0058002904546055,-0.6700000762939418,-0.0364923776699761,0.5,0.004097700152254007,0.00914622839695239,0.009886034710986178,0.0041020419271569,0.0040111942619043,0.004583976291152816,-0.009999999999999787,0.07248831788178137,0.00525548080276542,False,False,False,False,False
2025-06-04,5978.93994140625,5990.47998046875,5966.10986328125,5970.81005859375,4767050000,17.610000610351562,4.37,3.87,7.36874595066439e-05,-0.0799999237060546,-0.0045223245500776,0.5,0.0023620452757025195,0.009048170139973532,0.009707910017066718,0.0058002904546055,-8.118516130162234e-05,0.001652223213019257,-0.009999999999999787,0.041595618746799394,0.005603112841767051,False,False,False,False,False
2025-06-05,5985.669921875,5999.7001953125,5921.2001953125,5939.2998046875,5091850000,18.479999542236328,4.4,3.92,-0.0052773834030941,0.8699989318847656,0.0494036855043242,0.4800000000000004,0.003848863274434069,0.007499716660909808,0.009598034175920438,7.36874595066439e-05,0.0041020419271569,0.002781205788374346,-0.02999999999999936,0.07112699154967181,0.004373624039884815,False,False,False,False,False
2025-06-06,5987.06005859375,6016.8701171875,5978.6298828125,6000.35986328125,4355710000,16.770000457763672,4.51,4.04,0.0102806830100679,-1.7099990844726562,-0.0925324202830431,0.4699999999999997,0.005275277503257602,0.00788255780150139,0.009726148529250387,-0.0052773834030941,0.0058002904546055,0.0009234902553746655,-0.05000000000000032,0.08846640614446039,0.00596232818315485,False,False,False,False,False
2025-06-09,6004.6298828125,6021.31005859375,5994.18017578125,6005.8798828125,4642360000,17.15999984741211,4.49,4.01,0.0009199480792858,0.3899993896484375,0.0232557769232431,0.4800000000000004,0.005295345428422875,0.007280419680962288,0.009716547392037473,0.0102806830100679,7.36874595066439e-05,0.00299586388964857,-0.03999999999999959,0.09086812674373095,0.007262151624662335,False,False,False,False,False
2025-06-10,6009.91015625,6043.009765625,6000.27978515625,6038.81005859375,4882880000,16.950000762939453,4.47,4.01,0.0054829894076784,-0.2099990844726562,-0.0122377089941714,0.4599999999999999,0.005255480802765397,0.004723263679264199,0.009698201643217988,0.0009199480792858,-0.0052773834030941,0.00235944512007435,-0.04000000000000009,0.08908040361648714,0.007627374805431844,False,False,False,False,False
2025-06-11,6049.3798828125,6059.39990234375,6002.31982421875,6022.240234375,5111550000,17.260000228881836,4.41,3.94,-0.0027438889546078,0.3099994659423828,0.0182890532146868,0.4700000000000002,0.005603112841767028,0.004331515622113312,0.007187135694653615,0.0054829894076784,0.0102806830100679,0.00229598491068893,-0.029999999999999805,0.09670972893134966,0.007631551673625236,False,False,False,False,False
2025-06-12,6009.89990234375,6045.43017578125,6003.8798828125,6045.259765625,4669500000,18.020000457763672,4.36,3.9,0.0038224199557175,0.7600002288818359,0.0440324576363619,0.4600000000000004,0.004373624039884791,0.004324233956765472,0.007092061813635188,-0.0027438889546078,0.0009199480792858,0.0017324696278660414,-0.020000000000000018,0.07881270720081014,0.007182625230415021,False,False,False,False,False
2025-06-13,6000.56005859375,6026.16015625,5963.2099609375,5976.97021484375,5258910000,20.81999969482422,4.41,3.96,-0.0112963798792506,2.799999237060547,0.1553828615944461,0.4500000000000002,0.005962328183154821,0.005934743985924212,0.0075826564081294175,0.0038224199557175,0.0054829894076784,0.0035524302996283613,-0.019999999999999518,0.12413567095372523,0.006954049692126189,False,False,False,False,False
2025-06-16,6004.0,6050.830078125,6004.0,6033.10986328125,5111710000,19.11000061035156,4.46,3.97,0.0093926598961591,-1.7099990844726598,-0.0821325220719267,0.4899999999999997,0.0072621516246623155,0.006395270020194676,0.007776123904343272,-0.0112963798792506,-0.0027438889546078,-0.0007629822782353385,0.009999999999999287,0.1387797219797624,0.007362386687672922,False,False,False,False,False
2025-06-17,6012.14990234375,6023.25,5974.7998046875,5982.72021484375,4955700000,21.600000381469727,4.39,3.94,-0.0083521847901663,2.489999771118168,0.1302982570167672,0.4499999999999997,0.007627374805431819,0.006867729041430797,0.007894135720177706,0.0093926598961591,0.0038224199557175,0.0009315600851393213,-0.010000000000000231,0.16475129870693986,0.005555211111755932,False,False,False,False,False
2025-06-18,5987.93017578125,6018.25,5971.89013671875,5980.8701171875,5106470000,20.13999938964844,4.38,3.94,-0.000309240210107,-1.4600009918212855,-0.0675926373165157,0.4399999999999999,0.007631551673625212,0.00686956257888326,0.007893517864406452,-0.0083521847901663,-0.0112963798792506,-0.001835474754429619,-0.030000000000000304,0.1536994460488823,0.005364545794018499,False,False,False,False,False
2025-06-20,5999.669921875,6018.2001953125,5952.56005859375,5967.83984375,7451500000,20.6200008392334,4.38,3.9,-0.0021786584865058,0.4800014495849574,0.0238332405229202,0.48,0.007182625230414992,0.006683223706156396,0.007860201540102661,-0.000309240210107,0.0093926598961591,-0.0013485450055294589,0.019999999999999574,0.14810573827905613,0.003919860272633628,False,False,False,False,False
2025-06-23,5969.669921875,6028.77001953125,5943.22998046875,6025.169921875,5597000000,19.82999992370605,4.34,3.84,0.0096065041331563,-0.7900009155273473,-0.0383123609783867,0.5,0.00695404969212617,0.00658694520019623,0.007187835038044743,-0.0021786584865058,-0.0083521847901663,-0.0025487606939741192,0.04999999999999982,0.13789880486431005,0.0036773586701973585,False,False,False,False,False
2025-06-24,6061.2099609375,6101.759765625,6059.25,6092.18017578125,5443690000,17.479999542236328,4.3,3.75,0.0111217201797018,-2.350000381469723,-0.1185073318462488,0.5499999999999998,0.007362386687672905,0.007331122464278153,0.007457666139483947,0.0096065041331563,-0.000309240210107,0.001631816108507261,0.06000000000000011,0.12869451593028922,0.0034569057855696555,False,False,False,False,False
2025-06-25,6104.22998046875,6108.509765625,6080.08984375,6092.16015625,5171110000,16.760000228881836,4.29,3.74,-3.2861029504172024e-06,-0.7199993133544922,-0.0411898931470097,0.5499999999999998,0.005555211111755915,0.007213467198040598,0.007216502604898101,0.0111217201797018,-0.0021786584865058,0.001977628165215801,0.10000000000000014,0.09310533950451606,0.0029977804047468196,False,False,False,False,False
2025-06-26,6112.08984375,6146.52001953125,6107.27001953125,6141.02001953125,5308140000,16.59000015258789,4.26,3.7,0.0080201212752302,-0.1700000762939453,-0.0101432025043168,0.5599999999999996,0.005364545794018486,0.007389482054109943,0.0061348870462637865,-3.2861029504172024e-06,0.0096065041331563,0.003647407902658978,0.11999999999999972,0.0889978155413314,0.0030763406491532705,False,False,False,False,False
2025-06-27,6150.7001953125,6187.68017578125,6132.35009765625,6173.06982421875,7889350000,16.31999969482422,4.29,3.73,0.0052189708852221,-0.2700004577636719,-0.0162748918191875,0.56,0.003919860272633618,0.007435988320273857,0.005948949672128849,0.0080201212752302,0.0111217201797018,0.005313280199726418,0.08000000000000007,0.06397211845313422,0.005737846062714504,False,False,False,False,False
2025-06-30,6193.35986328125,6215.080078125,6174.97021484375,6204.9501953125,5782900000,16.729999542236328,4.24,3.72,0.0051644274245326,0.4099998474121094,0.0251225401396384,0.52,0.0036773586701973437,0.005958574530371236,0.005970080742600621,0.0052189708852221,-3.2861029504172024e-06,0.006792806074071999,0.020000000000000018,0.061522208869040355,0.0055378449195931405,False,False,False,False,False
2025-07-01,6187.25,6210.77978515625,6177.97021484375,6198.009765625,6275310000,16.829999923706055,4.26,3.78,-0.0011185310871218,0.1000003814697265,0.0059773092771022,0.48,0.003456905785569627,0.005798630459107217,0.005994005265385246,0.0051644274245326,0.0080201212752302,0.005904390732347258,-0.06999999999999984,0.05817972410739584,0.005810249985407387,False,False,False,False,False
2025-07-02,6193.8798828125,6227.60009765625,6188.2900390625,6227.419921875,5645710000,16.639999389648438,4.3,3.78,0.004745096791088,-0.1900005340576172,-0.0112893960141966,0.52,0.0029977804047467923,0.004479665265194816,0.0060049052615990545,-0.0011185310871218,0.0052189708852221,0.0034563404789825377,-0.029999999999999805,0.04988306410528667,0.0056828039122371835,False,False,False,False,False
2025-07-03,6246.4599609375,6284.64990234375,6246.4599609375,6279.35009765625,3378110000,16.3799991607666,4.35,3.88,0.0083389552066073,-0.2600002288818359,-0.01562501432804,0.4699999999999997,0.003076340649153244,0.004393060801807871,0.006098906090779342,0.004745096791088,0.0051644274245326,0.004406017057790221,-0.08999999999999991,0.05039045725136232,0.004808551192118304,False,False,False,False,False
2025-07-07,6259.0400390625,6262.06982421875,6201.0,6229.97998046875,5236740000,17.790000915527344,4.4,3.9,-0.0078622972791287,1.4100017547607422,0.0860806976192025,0.5000000000000004,0.005737846062714481,0.005499382011698124,0.006467568055475786,0.0083389552066073,-0.0011185310871218,0.004469783844065642,-0.05999999999999961,0.10207628670884558,0.003161138060390012,False,False,False,False,False
2025-07-08,6234.02978515625,6242.7001953125,6217.75,6225.52001953125,5739030000,16.809999465942383,4.42,3.9,-0.0007158868810946,-0.9800014495849608,-0.0550872062479549,0.52,0.005537844919593113,0.0053782458648168096,0.006292174026541181,-0.0078622972791287,0.004745096791088,0.0018535302111954814,0.0,0.09309117014083196,0.0037694279386229637,False,False,False,False,False
2025-07-09,6243.330078125,6269.16015625,6231.43017578125,6263.259765625,4813340000,15.9399995803833,4.34,3.86,0.0060621034026635,-0.869999885559082,-0.0517549026293385,0.48,0.005810249985407365,0.004827560782818009,0.006097335514347393,-0.0007158868810946,0.0083389552066073,0.0006774673500700414,0.0,0.09261538232931547,0.0030412533515225414,False,False,False,False,False
2025-07-10,6266.7998046875,6290.22021484375,6251.43994140625,6280.4599609375,5367350000,15.779999732971191,4.35,3.86,0.0027462050044453,-0.1599998474121093,-0.0100376318459264,0.4899999999999997,0.00568280391223716,0.004738402748926474,0.006093439809827984,0.0060621034026635,-0.0078622972791287,0.0021135942480271014,-0.030000000000000304,0.08967464421763002,0.0036360088984250536,False,False,False,False,False
2025-07-11,6255.68017578125,6269.43994140625,6237.60009765625,6259.75,4656210000,16.399999618530273,4.43,3.9,-0.0032975229626984,0.619999885559082,0.0392902342237455,0.5299999999999998,0.004808551192118268,0.004770001085192547,0.006151340256217374,0.0027462050044453,-0.0007158868810946,0.0017138158906985612,0.06000000000000011,0.07886023771642288,0.0031524516004044593,False,False,False,False,False
2025-07-14,6255.14990234375,6273.31005859375,6239.22021484375,6268.56005859375,4722250000,17.200000762939453,4.43,3.9,0.0014074138094573,0.8000011444091797,0.0487805587205785,0.5299999999999998,0.003161138060389967,0.004642391479674593,0.006070514583724214,-0.0032975229626984,0.0060621034026635,-0.0006134797431625785,0.02999999999999936,0.05437157705046437,0.0031523368384740076,False,False,False,False,False
2025-07-15,6295.2900390625,6302.0400390625,6241.68017578125,6243.759765625,5133670000,17.3799991607666,4.5,3.95,-0.0039562982147312,0.1799983978271484,0.0104650226652889,0.5499999999999998,0.003769427938622923,0.0047370841901333855,0.006180025847634307,0.0014074138094573,0.0027462050044453,0.0012404624745546214,0.029999999999999805,0.06551265440983658,0.001966817634640907,False,False,False,False,False
2025-07-16,6254.5,6268.1201171875,6201.58984375,6263.7001953125,5177460000,17.15999984741211,4.46,3.88,0.0031936574173276,-0.2199993133544922,-0.0126581889515343,0.5800000000000001,0.003041253351522487,0.0047540791236489926,0.005474909520839464,-0.0039562982147312,-0.0032975229626984,0.0005923802078273014,0.10000000000000009,0.052187907048067445,0.003048956627480524,False,False,False,False,False
2025-07-17,6263.39990234375,6304.68994140625,6262.27001953125,6297.35986328125,5512290000,16.520000457763672,4.47,3.91,0.0053737674089093,-0.6399993896484375,-0.0372960020594029,0.5599999999999996,0.0036360088984250106,0.00480618443239364,0.005288930733882773,0.0031936574173276,0.0014074138094573,1.8691010760121372e-05,0.0699999999999999,0.06006686866641396,0.0028989136887523255,False,False,False,False,False
2025-07-18,6312.9501953125,6315.60986328125,6285.27001953125,6296.7900390625,5184700000,16.40999984741211,4.44,3.88,-9.048620868445932e-05,-0.1100006103515625,-0.0066586324033585,0.5600000000000005,0.003152451600404414,0.004164041253863012,0.004783068003838892,0.0053737674089093,-0.0039562982147312,0.0005442034916529214,0.030000000000000693,0.05173173028161049,0.002738609240451796,False,False,False,False,False
2025-07-21,6304.740234375,6336.080078125,6303.7900390625,6305.60009765625,5010840000,16.649999618530273,4.38,3.85,0.0013991348828683,0.239999771118164,0.014625214707483,0.5299999999999998,0.0031523368384739616,0.003156866953496699,0.004749845811090234,-9.048620868445932e-05,0.0031936574173276,0.0011856108424557095,0.0,0.05248640715807039,0.0029111624764993705,False,False,False,False,False
2025-07-22,6306.60009765625,6316.1201171875,6281.7099609375,6309.6201171875,5662040000,16.5,4.35,3.83,0.0006375316336257,-0.1499996185302734,-0.00900898630432,0.5199999999999996,0.0019668176346408434,0.003099800258657668,0.004653733520911169,0.0013991348828683,0.0053737674089093,0.0011839550571379096,-0.03000000000000025,0.03245249097157392,0.0036680446772229284,False,False,False,False,False
2025-07-23,6326.89990234375,6360.64013671875,6317.490234375,6358.91015625,5642510000,15.369999885559082,4.4,3.88,0.0078118869515191,-1.130000114440918,-0.0684848554206617,0.5200000000000005,0.003048956627480489,0.0033962049182111984,0.004540605402807811,0.0006375316336257,-9.048620868445932e-05,0.00210272102680929,-0.05999999999999961,0.04686246301544972,0.0023044045183170216,False,False,False,False,False
2025-07-24,6368.60009765625,6381.31005859375,6360.56982421875,6363.35009765625,5282720000,15.390000343322754,4.43,3.91,0.0006982236416543,0.0200004577636718,0.0013012659669868,0.5199999999999996,0.002898913688752282,0.003377939489462114,0.004131078097938579,0.0078118869515191,0.0013991348828683,0.0030263669336475897,-0.040000000000000036,0.044614282665160654,0.0027196090656949477,False,False,False,False,False
2025-07-25,6370.009765625,6395.81982421875,6368.52978515625,6388.64013671875,4470720000,14.93000030517578,4.4,3.91,0.0039743277792958,-0.4600000381469744,-0.0298895404733733,0.4900000000000002,0.0027386092404517557,0.003075283894490301,0.004122190970318013,0.0006982236416543,0.0006375316336257,0.0020912581801965898,-0.07000000000000028,0.04088743679570192,0.005783299571426206,False,False,False,False,False
2025-07-28,6397.68994140625,6401.06982421875,6375.7900390625,6389.77001953125,4565620000,15.029999732971191,4.42,3.91,0.0001768581088181,0.0999994277954119,0.0066978851809362,0.5099999999999998,0.002911162476499331,0.003122587302295047,0.003935733493116204,0.0039743277792958,0.0078118869515191,0.002904220977792642,-0.020000000000000018,0.0437547712444207,0.00979923530527838,False,False,False,False,False
2025-07-29,6405.6201171875,6409.259765625,6363.919921875,6370.85986328125,5076120000,15.979999542236328,4.34,3.86,-0.0029594423887242,0.9499998092651368,0.0632069079270261,0.48,0.0036680446772228937,0.0029441554100544482,0.003992310320811539,0.0001768581088181,0.0006982236416543,0.002659765622982602,-0.03999999999999959,0.05861535226292424,0.009872081498349831,False,False,False,False,False
2025-07-30,6381.22998046875,6396.5400390625,6336.3798828125,6362.89990234375,5375070000,15.479999542236328,4.38,3.94,-0.0012494327466496,-0.5,-0.0312891122855456,0.4399999999999999,0.00230440451831695,0.0030664615090387278,0.003946196200663609,-0.0029594423887242,0.0039743277792958,0.001940370818512622,-0.08000000000000057,0.035672180888673716,0.010601237949411634,False,False,False,False,False
2025-07-31,6427.02001953125,6427.02001953125,6327.64013671875,6339.39013671875,6077080000,16.719999313354492,4.37,3.94,-0.003694819341153,1.239999771118164,0.0801033467562382,0.4300000000000001,0.002719609065694881,0.0031494264321971204,0.004055082905578964,-0.0012494327466496,0.0001768581088181,0.00012810687887888174,-0.08999999999999947,0.045471861711011065,0.010489650634046466,False,False,False,False,False
2025-08-01,6287.27978515625,6287.27978515625,6212.68994140625,6238.009765625,5827150000,20.3799991607666,4.23,3.69,-0.0159921331401484,3.659999847412109,0.218899521394646,0.5400000000000005,0.005783299571426161,0.00592421304065926,0.005358487564274934,-0.003694819341153,-0.0029594423887242,-0.0007505017176825783,0.050000000000000266,0.117863640412127,0.006906590167410088,False,False,False,False,False
2025-08-04,6271.7099609375,6330.68994140625,6271.7099609375,6329.93994140625,4842580000,17.520000457763672,4.22,3.69,0.014737100330916,-2.8599987030029297,-0.1403336025895768,0.5299999999999998,0.00979923530527836,0.007569237591206869,0.005965998965118595,-0.0159921331401484,-0.0012494327466496,-0.004743793901571418,0.020000000000000018,0.1716826070342108,0.005191993780993826,False,False,False,False,False
2025-08-05,6336.6298828125,6346.0,6289.3701171875,6299.18994140625,5517410000,17.850000381469727,4.22,3.72,-0.0048578659963033,0.3299999237060547,0.0188356115915409,0.4999999999999995,0.00987208149834981,0.007730823714982092,0.005799859636556353,0.014737100330916,-0.003694819341153,-0.0018317454571518375,0.019999999999999518,0.17621665851144436,0.005339100764495819,False,False,False,False,False
2025-08-06,6309.2998046875,6352.830078125,6301.10986328125,6345.06005859375,5408560000,16.770000457763672,4.22,3.69,0.0072819072950924,-1.079999923706055,-0.0605041961134753,0.5299999999999998,0.010601237949411618,0.007677793989435455,0.005964925007492002,-0.0048578659963033,-0.0159921331401484,-0.002211430178667658,0.08999999999999991,0.17778276526449444,0.005179457521936956,False,False,False,True,False
2025-08-07,6374.31982421875,6389.7099609375,6310.31982421875,6340.0,5306090000,16.56999969482422,4.23,3.72,-0.0007974800154801,-0.2000007629394531,-0.0119261036064469,0.5100000000000002,0.01048965063404645,0.007673630090394581,0.005861530892865478,0.0072819072950924,0.014737100330916,-0.0005051621703192578,0.08000000000000013,0.17381350780496235,0.004999015717891351,False,False,False,True,False
2025-08-08,6355.22021484375,6395.16015625,6355.22021484375,6389.4501953125,4769910000,15.149999618530272,4.27,3.76,0.0077997153489748,-1.420000076293947,-0.0856970490311774,0.5099999999999998,0.006906590167410077,0.007968749078271692,0.006045658426779135,-0.0007974800154801,-0.0048578659963033,7.430569481532241e-05,-0.030000000000000693,0.10463483840160759,0.005214292502249161,False,False,False,False,False
2025-08-11,6389.669921875,6407.25,6364.06005859375,6373.4501953125,4652400000,16.25,4.27,3.76,-0.0025041278217863,1.1000003814697283,0.0726072877338093,0.5099999999999998,0.005191993780993798,0.008004801793628528,0.006022130389810878,0.0077997153489748,0.0072819072950924,0.004832675392639962,-0.020000000000000018,0.08436989894114921,0.004887074630026428,False,False,False,False,False
2025-08-12,6395.169921875,6446.5498046875,6385.759765625,6445.759765625,5135300000,14.729999542236328,4.29,3.72,0.0113454358466127,-1.520000457763672,-0.0935384897085336,0.5699999999999998,0.005339100764495804,0.008640977810803061,0.006422493872639522,-0.0025041278217863,-0.0007974800154801,0.0013844297620995017,0.07000000000000034,0.07864495181697682,0.0030847911848755627,False,False,False,False,False
2025-08-13,6462.669921875,6480.27978515625,6445.02001953125,6466.580078125,5195950000,14.489999771118164,4.24,3.67,0.0032300788824048,-0.239999771118164,-0.0162932639902666,0.5700000000000003,0.005179457521936937,0.008618112800369627,0.0063213585853924,0.0113454358466127,0.0077997153489748,0.004625090130682702,0.04000000000000048,0.07505033830738247,0.002217818643318783,False,False,False,False,False
2025-08-14,6453.4599609375,6473.919921875,6441.06982421875,6468.5400390625,4462050000,14.829999923706056,4.29,3.74,0.0003030908012924,0.3400001525878924,0.0234644691482734,0.5499999999999998,0.004999015717891332,0.008451799780642796,0.0063186130203625734,0.0032300788824048,-0.0025041278217863,0.003814724448145182,0.03999999999999959,0.07413540271493384,0.0018920493394698824,False,False,False,False,False
2025-08-15,6477.3798828125,6481.33984375,6441.85009765625,6449.7998046875,4575060000,15.09000015258789,4.33,3.75,-0.0028971350972291,0.2600002288818341,0.0175320451934877,0.5800000000000001,0.005214292502249135,0.006292989199866992,0.006325979293280504,0.0003030908012924,0.0113454358466127,0.004034838611499681,0.07000000000000028,0.07868367465457735,0.0075543811135578166,False,False,False,False,False
2025-08-18,6445.02001953125,6455.35009765625,6437.7001953125,6449.14990234375,4162290000,14.989999771118164,4.34,3.77,-0.0001007631807854,-0.1000003814697265,-0.0066269304478818,0.5699999999999998,0.004887074630026401,0.005066164421815673,0.006326076380990721,-0.0028971350972291,0.0032300788824048,0.0018954685222589015,0.06000000000000005,0.07325724758553313,0.007806618908482319,False,False,False,False,False
2025-08-19,6446.240234375,6456.47998046875,6400.22021484375,6411.3701171875,4377440000,15.56999969482422,4.3,3.75,-0.0058581031187567,0.5799999237060565,0.038692457142232,0.5499999999999998,0.0030847911848754985,0.005206151602661737,0.006499378438901433,-0.0001007631807854,0.0003030908012924,0.0023761414504590815,-0.020000000000000018,0.04803019780710796,0.007389341897722234,False,False,False,False,False
2025-08-20,6406.6201171875,6408.39990234375,6343.85986328125,6395.77978515625,4470390000,15.6899995803833,4.29,3.74,-0.0024316693228262,0.1199998855590802,0.0077071218953825,0.5499999999999998,0.002217818643318683,0.004990761970724809,0.006536098681820175,-0.0058581031187567,-0.0028971350972291,-0.0010645663426147984,-0.020000000000000462,0.034797573583036395,0.007092799399109815,False,False,False,False,False
2025-08-21,6380.830078125,6393.64990234375,6352.7099609375,6370.169921875,4013560000,16.600000381469727,4.33,3.79,-0.0040041815293089,0.9100008010864258,0.0579987779110058,0.54,0.0018920493394697564,0.005182992197767287,0.006404105914475829,-0.0024316693228262,-0.0001007631807854,-0.0021969159836609984,-0.009999999999999787,0.0314080197569575,0.006272404080740576,False,False,False,False,False
2025-08-22,6384.58984375,6478.89013671875,6384.58984375,6466.91015625,5046860000,14.220000267028809,4.26,3.68,0.0151864448768934,-2.380000114440918,-0.1433734975751969,0.5799999999999996,0.007554381113557795,0.006525008399840984,0.007165970895471932,-0.0040041815293089,-0.0058581031187567,-0.003058370449781258,-4.440892098500626e-16,0.10742330145202923,0.0042829242474036,False,False,False,False,False
2025-08-25,6457.669921875,6466.89013671875,6438.06005859375,6439.31982421875,4059070000,14.789999961853027,4.28,3.73,-0.0042663855480634,0.5699996948242188,0.0400843659719085,0.5500000000000003,0.007806618908482295,0.006646069765255269,0.007206623902921251,0.0151864448768934,-0.0024316693228262,0.0005583455450432418,-0.019999999999999574,0.11545989335865427,0.004878077467120596,False,False,False,False,False
2025-08-26,6435.490234375,6468.3701171875,6429.2099609375,6465.93994140625,4867680000,14.619999885559082,4.26,3.61,0.0041339951911349,-0.1700000762939453,-0.0114942580616914,0.6499999999999999,0.007389341897722214,0.005831181684939698,0.007249871940554893,-0.0042663855480634,-0.0040041815293089,-0.0002747789284123584,0.10000000000000009,0.1080321776990557,0.005081702573334362,False,False,False,False,False
2025-08-27,6462.259765625,6487.06005859375,6457.83984375,6481.39990234375,4143680000,14.850000381469728,4.24,3.59,0.0023909843081744,0.2300004959106463,0.0157319081881683,0.6500000000000004,0.0070927993991097985,0.005794763261584994,0.00721456220854638,0.0041339951911349,0.0151864448768934,0.0017236407335659613,0.10000000000000053,0.10532807378246876,0.006202238475066284,False,False,False,False,False
2025-08-28,6483.83984375,6508.22998046875,6466.9599609375,6501.85986328125,4283760000,14.43000030517578,4.22,3.62,0.0031567194195349,-0.4200000762939488,-0.0282828326939329,0.5999999999999996,0.00627240408074056,0.005860457710140268,0.007214657456869331,0.0023909843081744,-0.0042663855480634,0.0026881714597660816,0.05999999999999961,0.09051079279927209,0.006208064559194766,False,False,False,False,False
2025-08-29,6489.27978515625,6491.759765625,6444.56982421875,6460.259765625,4234840000,15.359999656677246,4.23,3.59,-0.0063981842935716,0.9299993515014666,0.0644490181450581,0.6400000000000006,0.004282924247403559,0.00615211614068478,0.00732159098532888,0.0031567194195349,0.0041339951911349,0.004120351649534842,0.06000000000000094,0.06578571496969332,0.0055149326322505715,False,False,False,False,False
2025-09-02,6401.509765625,6416.5400390625,6360.580078125,6415.5400390625,4784000000,17.170000076293945,4.28,3.66,-0.0069222799368615,1.8100004196166992,0.1178385716193595,0.6200000000000001,0.004878077467120559,0.006513122574483686,0.00653621676179643,-0.0063981842935716,0.0023909843081744,-0.0001965741845581584,0.06999999999999984,0.08375659048262778,0.003792089609033191,False,False,False,False,False
2025-09-03,6445.81982421875,6453.669921875,6416.169921875,6448.259765625,4465360000,16.350000381469727,4.22,3.61,0.0051000736279842,-0.8199996948242188,-0.0477576989621779,0.6099999999999999,0.005081702573334327,0.0064411085579329,0.005886843898371418,-0.0069222799368615,0.0031567194195349,-0.0007277530623177783,-0.040000000000000036,0.08308583901253193,0.0036512363595198835,False,False,False,False,False
2025-09-04,6456.60009765625,6502.5400390625,6445.97998046875,6502.080078125,4670770000,15.300000190734863,4.17,3.59,0.0083464864096993,-1.0500001907348633,-0.064220193653627,0.5800000000000001,0.006202238475066259,0.006739409536166902,0.005943224685009287,0.0051000736279842,-0.0063981842935716,-0.0005345373749479183,-0.07000000000000028,0.09489424985149686,0.003695338616984898,False,False,False,False,False
2025-09-05,6529.080078125,6532.64990234375,6443.97998046875,6481.5,5066120000,15.18000030517578,4.1,3.51,-0.0031651529783888,-0.1199998855590838,-0.0078431296773284,0.5899999999999999,0.0062080645591947375,0.006673113276295756,0.0058776734283152495,0.0083464864096993,-0.0069222799368615,0.0006565630453570618,-0.009999999999999787,0.09423842190312706,0.0029325588296692786,False,False,False,False,False
2025-09-08,6498.08984375,6508.669921875,6483.2900390625,6495.14990234375,5211500000,15.109999656677246,4.05,3.49,0.0021059789159529,-0.0700006484985333,-0.0046113733261695,0.5599999999999996,0.005514932632250545,0.00497943019757774,0.005867179506772253,-0.0031651529783888,0.0051000736279842,-0.0006078114342276781,-0.08000000000000096,0.08333063017990387,0.0029308004065529514,False,False,False,False,False
2025-09-09,6503.330078125,6518.22998046875,6483.080078125,6512.60986328125,4798350000,15.039999961853027,4.08,3.54,0.0026881536531127,-0.0699996948242187,-0.0046326734887307,0.54,0.003792089609033161,0.004752898461248474,0.005690417738131964,0.0021059789159529,0.0083464864096993,0.0010930212076772218,-0.08000000000000007,0.057033027575202004,0.00356238830681912,False,False,False,False,False
2025-09-10,6550.2900390625,6555.97021484375,6516.33984375,6532.0400390625,5253010000,15.350000381469728,4.04,3.54,0.0029834699435626,0.310000419616701,0.020611730079985,0.5,0.0036512363595198505,0.00469266345670678,0.005652790173967466,0.0026881536531127,-0.0031651529783888,0.003015107925672062,-0.10999999999999988,0.056046479511465845,0.003876809327583486,False,False,False,False,False
2025-09-11,6554.41015625,6592.89013671875,6545.7998046875,6587.47021484375,5426460000,14.710000038146973,4.01,3.52,0.0084858903879598,-0.6400003433227557,-0.0416938324050697,0.4899999999999997,0.003695338616984866,0.005198566153118514,0.00543675931283356,0.0029834699435626,0.0021059789159529,0.0025917871887877414,-0.09000000000000036,0.054358431196813356,0.0027855089101700152,False,False,False,False,False
2025-09-12,6590.66015625,6600.2099609375,6579.490234375,6584.2900390625,4641640000,14.760000228881836,4.06,3.56,-0.0004827613146674,0.0500001907348632,0.0033990612240109,0.4999999999999995,0.0029325588296692413,0.005206901950191146,0.0054233698735946505,0.0084858903879598,0.0026881536531127,0.002619667984439842,-0.09000000000000036,0.04328456899712745,0.0029038431300390565,False,False,False,False,False
2025-09-15,6603.490234375,6619.6201171875,6602.06982421875,6615.27978515625,5045020000,15.6899995803833,4.05,3.54,0.0047066192269626,0.9299993515014648,0.0630080851680257,0.5099999999999998,0.0029308004065529175,0.0046011233104474554,0.005482053507748388,-0.0004827613146674,0.0029834699435626,0.003156146317184122,-0.04999999999999982,0.045984257149002485,0.0028593120313663654,False,False,False,False,False
2025-09-16,6624.1298828125,6626.990234375,6600.10986328125,6606.759765625,5359510000,16.360000610351562,4.04,3.51,-0.0012879303382402,0.6700010299682617,0.0427024249768586,0.5300000000000002,0.003562388306819088,0.003679642564090824,0.005436934177622874,0.0047066192269626,0.0084858903879598,0.003676274379386062,-0.009999999999999787,0.05828067487386955,0.004144325765541568,False,False,False,False,False
2025-09-17,6604.8701171875,6624.39013671875,6551.14990234375,6600.35009765625,5805340000,15.720000267028809,4.06,3.52,-0.0009701681605103,-0.6400003433227539,-0.0391198239270115,0.5399999999999996,0.0038768093275834523,0.003774050025603796,0.005449674653449173,-0.0012879303382402,-0.0004827613146674,0.002881057581115482,0.03999999999999959,0.06094344366483165,0.004428285932084861,False,False,False,False,False
2025-09-18,6626.85009765625,6656.7998046875,6611.89013671875,6631.9599609375,5292400000,15.699999809265137,4.11,3.57,0.0047891191851283,-0.0200004577636718,-0.0012722937292578,0.5400000000000005,0.002785508910169963,0.0033331199658937207,0.0052692757137222865,-0.0009701681605103,0.0047066192269626,0.0020903299603009023,0.050000000000000766,0.04373248935837476,0.00454935021784895,False,False,False,False,False
2025-09-19,6647.10986328125,6671.81982421875,6630.31005859375,6664.35986328125,9125960000,15.449999809265137,4.14,3.57,0.0048854188708296,-0.25,-0.0159235670724318,0.5699999999999998,0.0029038431300390135,0.0029410693310291435,0.005231228379698756,0.0047891191851283,-0.0012879303382402,0.001350975719734602,0.07000000000000034,0.04486437580523864,0.004814401371733495,False,False,False,False,False
2025-09-22,6654.27978515625,6698.8798828125,6648.06982421875,6693.75,5642620000,16.100000381469727,4.15,3.61,0.004410046474333,0.6500005722045898,0.042071234966281,0.5400000000000005,0.0028593120313663216,0.0029685507314120463,0.0050779559740523885,0.0048854188708296,-0.0009701681605103,0.002424611756834002,0.030000000000000693,0.04603492479573876,0.004485489780918576,False,False,False,False,False
2025-09-23,6692.43994140625,6699.52001953125,6645.580078125,6656.919921875,5633620000,16.639999389648438,4.12,3.53,-0.0055021591970121,0.5399990081787109,0.0335403102723042,0.5900000000000003,0.004144325765541535,0.003923579477354312,0.004467001210635159,0.004410046474333,0.0047891191851283,0.002365297206308082,0.06000000000000005,0.06896157820911543,0.004174956107093582,False,False,False,False,False
2025-09-24,6669.7900390625,6672.66015625,6621.759765625,6637.97021484375,5459180000,16.18000030517578,4.16,3.57,-0.0028466178433332,-0.4599990844726562,-0.027644176763541,0.5900000000000003,0.004428285932084827,0.00418832605183083,0.004390978962091343,-0.0055021591970121,0.0048854188708296,0.0015224514345537018,0.05000000000000071,0.07164966773253813,0.003765073817560499,False,False,False,False,False
2025-09-25,6608.18994140625,6619.0,6569.22021484375,6604.72021484375,5874670000,16.739999771118164,4.18,3.64,-0.0050090613431266,0.5599994659423828,0.0346105967478409,0.5399999999999996,0.00454935021784891,0.00392402255044716,0.004554259379867868,-0.0028466178433332,0.004410046474333,0.0011471614979891218,-8.881784197001252e-16,0.07615612160552712,0.0017339786582006322,False,False,False,False,False
2025-09-26,6615.3798828125,6648.97021484375,6604.43017578125,6643.7001953125,5103110000,15.289999961853027,4.2,3.63,0.0059018367471712,-1.4499998092651367,-0.0866188667318172,0.5700000000000003,0.004814401371733457,0.004255158350401761,0.004664545587508057,-0.0050090613431266,-0.0055021591970121,-0.0008124746076618582,4.440892098500626e-16,0.07361219679014971,0.0015655827991335977,False,False,False,False,False
2025-09-29,6661.580078125,6677.31005859375,6644.490234375,6661.2099609375,5358760000,16.1200008392334,4.15,3.63,0.0026355442163621,0.8300008773803711,0.054283903168812,0.5200000000000005,0.004485489780918534,0.004113252872908321,0.0046553893745486736,0.0059018367471712,-0.0028466178433332,-0.0006091910323935383,-0.020000000000000018,0.07230609903277961,0.0016751417865882897,False,False,False,False,False
2025-09-30,6656.18994140625,6691.25,6641.0,6688.4599609375,6057210000,16.280000686645508,4.16,3.6,0.0040908483833717,0.1599998474121093,0.0099255483301647,0.56,0.004174956107093546,0.004169350864667505,0.004371205102959005,0.0026355442163621,-0.0050090613431266,-0.0009640914839877182,-0.03000000000000025,0.06796828829019778,0.0027092025040947538,False,False,False,False,False
2025-10-01,6664.919921875,6718.47998046875,6656.2001953125,6711.2001953125,6037950000,16.290000915527344,4.12,3.55,0.0033999208349619,0.0100002288818359,0.0006142646474234,0.5700000000000003,0.0037650738175604654,0.004143896619378407,0.003936836178966592,0.0040908483833717,0.0059018367471712,0.0009545100320890417,-0.020000000000000018,0.06133305593508801,0.003289881485118356,False,False,False,False,False
2025-10-02,6731.31005859375,6731.93994140625,6693.22998046875,6715.35009765625,5416130000,16.6299991607666,4.1,3.55,0.0006183547238911,0.3399982452392578,0.0208715915365711,0.5499999999999998,0.0017339786582005715,0.004017488139732585,0.0038926555983330954,0.0033999208349619,0.0026355442163621,0.002203817767748062,0.010000000000000231,0.0288360636306627,0.003677392341096716,False,False,False,False,False
2025-10-03,6722.14013671875,6750.8701171875,6705.669921875,6715.7900390625,5713110000,16.649999618530273,4.13,3.58,6.551280273581206e-05,0.0200004577636718,0.0012026734078771,0.5499999999999998,0.0015655827991335161,0.003838577876925011,0.0036348044611065645,0.0006183547238911,0.0040908483833717,0.0033293009811516013,-0.020000000000000462,0.026066953008350602,0.011723920568880672,False,False,False,False,False
2025-10-06,6733.85986328125,6749.52001953125,6717.77978515625,6740.27978515625,5604460000,16.3700008392334,4.18,3.6,0.0036465919796933,-0.279998779296875,-0.0168167438866038,0.5799999999999996,0.0016751417865882158,0.0037725742494086486,0.003501237638536301,6.551280273581206e-05,0.0033999208349619,0.0021620361922645237,0.059999999999999165,0.02742207245228403,0.01417334958405097,False,False,False,False,False
2025-10-07,6746.14013671875,6754.490234375,6699.9599609375,6714.58984375,5546150000,17.239999771118164,4.14,3.57,-0.0038114057910215,0.8699989318847656,0.0531459308053101,0.5699999999999998,0.002709202504094697,0.0035202704818520845,0.003703360045408629,0.0036465919796933,0.0006183547238911,0.002364245744930764,0.009999999999999787,0.04670665055050533,0.014158689138837327,False,False,False,False,False
2025-10-08,6723.8701171875,6755.64013671875,6718.08984375,6753.72021484375,5383130000,16.299999237060547,4.13,3.58,0.005827663640568,-0.9400005340576172,-0.0545243936506532,0.5499999999999998,0.0032898814851183115,0.0035662110245528386,0.0038065902863881965,-0.0038114057910215,6.551280273581206e-05,0.0007837949100521239,-0.020000000000000462,0.0536250656974481,0.01397662185538885,False,False,False,False,False
2025-10-09,6760.5,6764.580078125,6716.169921875,6735.10986328125,5385020000,16.43000030517578,4.14,3.6,-0.0027555704071953,0.1300010681152343,0.0079755260245446,0.5399999999999996,0.003677392341096673,0.003183496881346949,0.003912047712283926,0.005827663640568,0.0036465919796933,0.0012693434711733439,-0.010000000000000231,0.060419557286469416,0.014067965810824585,False,False,False,False,False
2025-10-10,6740.490234375,6762.39990234375,6550.77978515625,6552.509765625,6596610000,21.65999984741211,4.05,3.52,-0.0271116732114136,5.229999542236328,0.3183201123002275,0.5299999999999998,0.011723920568880648,0.0090670218899538,0.006998259766554501,-0.0027555704071953,-0.0038114057910215,0.000594558444956064,-0.020000000000000018,0.25394011773302655,0.0073664707822413324,False,False,False,True,True
2025-10-13,6622.52978515625,6668.68017578125,6620.7099609375,6654.72021484375,5303960000,19.030000686645508,4.05,3.52,0.0155986717875575,-2.6299991607666016,-0.1214219381022215,0.5299999999999998,0.014173349584050955,0.010374985484457264,0.007766259047578374,-0.0271116732114136,0.005827663640568,-0.004840878757873819,-0.04999999999999982,0.2697188523165565,0.005841595218107114,False,False,False,True,False
2025-10-14,6602.490234375,6680.7001953125,6555.06982421875,6644.31005859375,5666920000,20.809999465942383,4.03,3.48,-0.0015643266604626,1.779998779296875,0.0935364537609295,0.5500000000000003,0.014158689138837312,0.010288000983850002,0.00772062894645772,0.0155986717875575,-0.0027555704071953,-0.0024504627963009783,-0.019999999999999574,0.2946423134176487,0.005655596753576818,False,False,False,True,False
2025-10-15,6688.27001953125,6724.1201171875,6612.10986328125,6671.06005859375,5633060000,20.63999938964844,4.05,3.5,0.0040260011595036,-0.1700000762939417,-0.0081691533232455,0.5499999999999998,0.013976621855388834,0.010314076623706477,0.007753462457717631,-0.0015643266604626,-0.0271116732114136,-0.0020010469701891983,0.0,0.2884774665645726,0.006418938640722039,False,False,False,True,False
2025-10-16,6689.02001953125,6709.33984375,6593.990234375,6629.06982421875,6048180000,25.309999465942383,3.99,3.41,-0.0062943870998294,4.670000076293942,0.2262597003096851,0.5800000000000001,0.01406796581082457,0.010443711742218172,0.00788308389477529,0.0040260011595036,0.0155986717875575,-0.0023613794664020787,0.04000000000000048,0.3560602071588656,0.005475471370837226,False,False,True,True,False
2025-10-17,6613.27001953125,6678.8798828125,6603.759765625,6664.009765625,5358120000,20.780000686645508,4.02,3.46,0.0052707155502571,-4.529998779296875,-0.1789805956097521,0.5599999999999996,0.00736647078224132,0.010623834523255153,0.007896978428020571,-0.0062943870998294,-0.0015643266604626,-0.0030691428049288982,0.029999999999999805,0.1530752679131287,0.005759402915278227,False,False,False,False,False
2025-10-20,6690.0498046875,6744.35009765625,6690.0498046875,6735.1298828125,4672170000,18.229999542236328,4.0,3.46,0.0106722708532569,-2.55000114440918,-0.1227141992371523,0.54,0.005841595218107097,0.011110328230858378,0.0081504361104997,0.0052707155502571,0.0040260011595036,0.0034073349474052416,0.010000000000000231,0.10649227815202231,0.006166361916987269,False,False,False,False,False
2025-10-21,6736.75,6752.16015625,6722.02978515625,6735.35009765625,5245020000,17.8700008392334,3.98,3.45,3.2696450934288634e-05,-0.3599987030029297,-0.0197475980275734,0.5299999999999998,0.005655596753576801,0.011038567298872783,0.008104554134448865,0.0106722708532569,-0.0062943870998294,0.002422054760545122,-0.020000000000000462,0.10106551873278312,0.00592704790822301,False,False,False,False,False
2025-10-22,6741.33984375,6741.75,6655.68994140625,6699.39990234375,5710010000,18.600000381469727,3.97,3.45,-0.0053375392208654,0.7299995422363281,0.0408505600421473,0.52,0.006418938640722018,0.010994671531422005,0.008098988726647417,3.2696450934288634e-05,0.0052707155502571,0.0027414593828244994,-0.029999999999999805,0.1193922611660603,0.00431080887461862,False,False,False,False,False
2025-10-23,6703.64990234375,6749.52978515625,6700.14013671875,6738.43994140625,5565750000,17.299999237060547,4.01,3.48,0.0058273934429324,-1.3000011444091797,-0.0698925332122201,0.5299999999999998,0.005475471370837211,0.011138392225088172,0.008147186216682863,-0.0053375392208654,0.0106722708532569,0.0008687513067506996,-0.050000000000000266,0.09472565053803061,0.007555464121226603,False,False,False,False,False
2025-10-24,6772.06982421875,6807.10986328125,6772.06982421875,6791.68994140625,5058220000,16.3700008392334,4.02,3.48,0.0079024225878738,-0.9299983978271484,-0.0537571351930975,0.5399999999999996,0.005759402915278213,0.0066151542933362,0.008176580929655605,0.0058273934429324,3.2696450934288634e-05,0.0032931074153030593,-0.020000000000000018,0.09428143055658762,0.00708146078307857,False,False,False,False,False
2025-10-27,6845.4599609375,6877.27978515625,6843.93994140625,6875.16015625,5290650000,15.789999961853027,4.01,3.48,0.0122900508656711,-0.5800008773803711,-0.035430717632604,0.5299999999999998,0.0061663619169872565,0.006067499013027916,0.008453882767588641,0.0079024225878738,-0.0053375392208654,0.0038194488228263995,-0.010000000000000231,0.09736685443400074,0.004710613005888928,False,False,False,False,False
2025-10-28,6897.740234375,6911.2998046875,6870.72998046875,6890.89013671875,5695930000,16.420000076293945,3.99,3.47,0.0022879438603986,0.630000114440918,0.039898677388406,0.52,0.005927047908222998,0.005866503452754249,0.008452312458820698,0.0122900508656711,0.0058273934429324,0.004143004825309239,-0.009999999999999787,0.0973221271052195,0.00609087750220349,False,False,False,False,False
2025-10-29,6910.9501953125,6920.33984375,6851.91015625,6890.58984375,6280130000,16.920000076293945,4.08,3.59,-4.3578255173426506e-05,0.5,0.030450669773252,0.4900000000000002,0.0043108088746186095,0.005967814919948107,0.00844134512185071,0.0022879438603986,0.0079024225878738,0.004594054307202102,-0.029999999999999805,0.07293888648743549,0.006659726951747829,False,False,False,False,False
2025-10-30,6860.5,6880.75,6820.68994140625,6822.33984375,6052700000,16.90999984741211,4.11,3.61,-0.0099048124395192,-0.0100002288818359,-0.0005910300730935,0.5000000000000004,0.007555464121226589,0.006609662431257348,0.008764665360296959,-4.3578255173426506e-05,0.0122900508656711,0.005652846500340497,-0.02999999999999936,0.1277628971370693,0.006947370167809279,False,False,False,False,False
2025-10-31,6879.169921875,6879.169921875,6814.259765625,6840.2001953125,6398280000,17.440000534057617,4.11,3.6,0.0026179217059763,0.5300006866455078,0.0313424418348897,0.5100000000000002,0.007081460783078553,0.006562245243625662,0.008772803279511774,-0.0099048124395192,0.0022879438603986,0.002506405323850177,-0.02999999999999936,0.12350067983879803,0.0067469412619427975,False,False,False,False,False
2025-11-03,6882.31982421875,6882.31982421875,6820.6201171875,6851.97021484375,6065720000,17.170000076293945,4.13,3.6,0.0017207127269924,-0.2700004577636719,-0.015481677149975,0.5299999999999998,0.004710613005888895,0.0059903791360761995,0.008772240749611967,0.0026179217059763,-4.3578255173426506e-05,0.001449505147470677,0.0,0.08088122567050358,0.010133968933664373,False,False,False,False,False
2025-11-04,6788.52001953125,6820.2099609375,6766.7099609375,6771.5498046875,5739510000,19.0,4.1,3.58,-0.0117368300845838,1.829999923706055,0.1065812414428974,0.5199999999999996,0.0060908775022034565,0.007236631337966624,0.00915423382953526,0.0017207127269924,-0.0099048124395192,-0.0006643624802650631,-4.440892098500626e-16,0.11572667254186568,0.008440879268131052,False,False,False,False,False
2025-11-05,6769.77001953125,6829.77978515625,6763.10986328125,6796.2900390625,5939600000,18.010000228881836,4.17,3.63,0.0036535556982648,-0.989999771118164,-0.0521052511114823,0.54,0.0066597269517478,0.007002505831991766,0.009134048223435498,-0.0117368300845838,0.0026179217059763,-0.003469317269261543,0.04999999999999982,0.11994168392526841,0.008426448731897372,False,False,False,False,False
2025-11-06,6787.58984375,6796.68017578125,6707.509765625,6720.31982421875,6051900000,19.5,4.11,3.57,-0.011178189042419,1.489999771118164,0.0827318018979654,0.5400000000000005,0.0069473701678092505,0.007759715596352158,0.00938663635856416,0.0036535556982648,0.0017207127269924,-0.002729890478573898,0.040000000000000036,0.13547371827228039,0.010159096766980623,False,False,False,False,False
2025-11-07,6696.18017578125,6730.10986328125,6631.43994140625,6728.7998046875,5926070000,19.07999992370605,4.11,3.55,0.001261841800771,-0.4200000762939488,-0.0215384654509717,0.5600000000000005,0.006746941261942768,0.007305414627186379,0.009373363754818642,-0.011178189042419,-0.0117368300845838,-0.0029845657991538583,0.050000000000000266,0.12873163876311722,0.01015929673865815,False,False,False,False,False
2025-11-10,6785.35986328125,6841.31982421875,6770.56005859375,6832.43017578125,5366050000,17.600000381469727,4.13,3.58,0.0154010186217099,-1.4799995422363246,-0.0775681104902673,0.5499999999999998,0.010133968933664358,0.007902457272149842,0.007749596524273001,0.001261841800771,0.0036535556982648,-0.0032557817801949175,0.020000000000000018,0.17835785709829505,0.007105370001317824,False,False,False,False,False
2025-11-11,6815.64013671875,6855.1298828125,6806.8701171875,6846.60986328125,4983490000,17.280000686645508,4.13,3.58,0.0020753505173405,-0.3199996948242187,-0.0181818004482052,0.5499999999999998,0.00844087926813104,0.00789496329484387,0.007132096929897008,0.0154010186217099,-0.011178189042419,-0.0005197206012514187,0.03000000000000025,0.14585839954919622,0.006289023446595875,False,False,False,False,False
2025-11-12,6867.77001953125,6869.91015625,6829.6201171875,6850.919921875,5293610000,17.510000228881836,4.08,3.56,0.0006295171887717,0.2299995422363281,0.0133101581653338,0.52,0.008426448731897358,0.007902399391310433,0.0071042169472558606,0.0020753505173405,0.001261841800771,0.0022427155191334417,-0.020000000000000018,0.1475471192241838,0.007096510125572194,False,False,False,False,False
2025-11-13,6826.47021484375,6828.0498046875,6724.72021484375,6737.490234375,5473720000,20.0,4.11,3.58,-0.0165568549615969,2.489999771118164,0.1422044396670561,0.5300000000000002,0.010159096766980607,0.008881522482587006,0.008043702949731502,0.0006295171887717,0.0154010186217099,0.0016379078172348218,-0.010000000000000231,0.20318193533961215,0.006811439184512711,False,False,False,False,False
2025-11-14,6672.14013671875,6774.31005859375,6646.8701171875,6734.10986328125,5042660000,19.82999992370605,4.14,3.62,-0.0005017255648851,-0.1700000762939488,-0.0085000038146973,0.5199999999999996,0.010159296738658135,0.008795921808839353,0.007903934763024176,-0.0165568549615969,0.0020753505173405,0.000562174633399242,-0.040000000000000924,0.20145885355249793,0.009270347815490321,False,False,False,False,False
2025-11-17,6713.60986328125,6754.5,6638.89990234375,6672.41015625,5204220000,22.3799991607666,4.13,3.6,-0.0091622661768078,2.5499992370605504,0.1285930028679485,0.5299999999999998,0.00710537000131779,0.008998175969912283,0.008108442916039547,-0.0005017255648851,0.0006295171887717,0.00020946116026802209,-0.020000000000000018,0.15901817466642834,0.011444446039606784,False,False,True,False,False
2025-11-18,6641.18994140625,6666.6298828125,6574.31982421875,6617.31982421875,5159390000,24.690000534057617,4.12,3.58,-0.0082564366909679,2.310001373291016,0.1032172234099355,0.54,0.00628902344659583,0.008700883657258981,0.007932484150382916,-0.0091622661768078,-0.0165568549615969,-0.004703195799435518,-0.009999999999999787,0.15527599225515193,0.01070211163082824,False,False,True,False,False
2025-11-19,6625.83984375,6689.75,6603.5,6642.16015625,5021610000,23.65999984741211,4.13,3.58,0.0037538357962292,-1.0300006866455078,-0.0417173213595,0.5499999999999998,0.007096510125572155,0.00870775243238297,0.007990643565522721,-0.0082564366909679,-0.0005017255648851,-0.006769553241097198,0.029999999999999805,0.1679034284881957,0.010731959605602045,False,False,True,False,False
2025-11-20,6737.93017578125,6770.35009765625,6534.0498046875,6538.759765625,5596080000,26.420000076293945,4.1,3.55,-0.0155672835632704,2.760000228881836,0.1166525886171432,0.5499999999999998,0.0068114391845126715,0.009240837762671098,0.008554615539399294,0.0037538357962292,-0.0091622661768078,-0.006144689519605699,0.019999999999999574,0.17995822377449636,0.00345412770832011,False,False,True,False,False
2025-11-21,6555.77001953125,6660.0498046875,6521.919921875,6602.990234375,5929930000,23.43000030517578,4.06,3.51,0.0098230354153194,-2.989999771118164,-0.1131718305255048,0.5499999999999998,0.009270347815490297,0.009937805644706296,0.008749207063526231,-0.0155672835632704,-0.0082564366909679,-0.005946775239940398,0.03000000000000025,0.2172042521460233,0.00675319121030852,False,False,True,False,False
2025-11-24,6636.5400390625,6715.75,6630.7001953125,6705.1201171875,6039740000,20.520000457763672,4.04,3.46,0.0154672170012934,-2.9099998474121094,-0.1241997357878513,0.5800000000000001,0.011444446039606771,0.009949300998973759,0.00924694242664862,0.0098230354153194,0.0037538357962292,-0.003881823043899499,0.050000000000000266,0.2348400379715826,0.0049946698394128875,False,False,False,True,False
2025-11-25,6697.02978515625,6776.39990234375,6659.97998046875,6765.8798828125,5003330000,18.559999465942383,4.01,3.43,0.0090616968172205,-1.960000991821289,-0.0955166154043495,0.5799999999999996,0.010702111630828232,0.010432526849012627,0.009056780521407935,0.0154672170012934,-0.0155672835632704,0.0010440735917207418,0.03999999999999959,0.19863118615262776,0.004219057495828273,False,False,False,True,False
2025-11-26,6793.5498046875,6831.43994140625,6783.8701171875,6812.60986328125,4485000000,17.190000534057617,4.0,3.45,0.0069067115110126,-1.3699989318847656,-0.0738145997470913,0.5499999999999998,0.010731959605602038,0.010704860158752473,0.009182408095415855,0.0090616968172205,0.0098230354153194,0.004507700293358422,0.0,0.18448239135178382,0.003592167913974815,False,False,False,True,False
2025-11-28,6822.52001953125,6850.85986328125,6819.75,6849.08984375,2558540000,16.350000381469727,4.02,3.47,0.0053547731634202,-0.8400001525878906,-0.048865626904644,0.5499999999999994,0.00345412770832011,0.009351602461721354,0.00926681122210737,0.0069067115110126,0.0154672170012934,0.0051382754363151015,-4.440892098500626e-16,0.05647498934867895,0.003040146896465982,False,False,False,False,False
2025-12-01,6812.2998046875,6843.64990234375,6799.93994140625,6812.6298828125,4549370000,17.239999771118164,4.09,3.54,-0.0053233293429156,0.8899993896484375,0.0544342121641243,0.5499999999999998,0.006753191210308513,0.00957373132230064,0.009089041348449645,0.0053547731634202,0.0090616968172205,0.009322686781653221,0.0,0.11642501492003597,0.0023226091909647035,False,False,False,False,False
2025-12-02,6830.9599609375,6851.5498046875,6806.7099609375,6829.3701171875,4582290000,16.59000015258789,4.09,3.51,0.0024572352619998,-0.6499996185302734,-0.0377029946148378,0.5800000000000001,0.004994669839412868,0.008928221737706311,0.009086879296403077,-0.0053233293429156,0.0069067115110126,0.006293413830006223,0.0,0.08286157339798562,0.0022854392315663167,False,False,False,False,False
2025-12-03,6815.2900390625,6862.419921875,6810.43017578125,6849.72021484375,4736780000,16.079999923706055,4.06,3.49,0.0029797912994984,-0.5100002288818359,-0.0307414240018726,0.5699999999999994,0.0042190574958282465,0.008197606382566468,0.009102400529860053,0.0024572352619998,0.0053547731634202,0.0036914174821475027,-0.010000000000000231,0.06784244421102967,0.0033903863173757884,False,False,False,False,False
2025-12-04,6866.47021484375,6866.47021484375,6827.1201171875,6857.1201171875,4872440000,15.779999732971191,4.11,3.52,0.0010803218396737,-0.3000001907348633,-0.0186567283680508,0.5900000000000003,0.0035921679139747763,0.008228225764932682,0.008714673641036935,0.0029797912994984,-0.0053233293429156,0.002475036378603082,0.04000000000000048,0.056684408723309654,0.0034137231797314775,False,False,False,False,False
2025-12-05,6866.31982421875,6895.77978515625,6858.2900390625,6870.39990234375,4944560000,15.40999984741211,4.14,3.56,0.001936641757662,-0.369999885559082,-0.0234473949188981,0.5799999999999996,0.0030401468964659333,0.0054308619248462486,0.008694011484675442,0.0010803218396737,0.0024572352619998,0.001309758444335302,0.03000000000000025,0.046848663210650426,0.005810228850608093,False,False,False,False,False
2025-12-08,6875.2001953125,6878.27001953125,6827.18994140625,6846.509765625,4757130000,16.65999984741211,4.17,3.57,-0.003477255626794,1.25,0.0811161591419431,0.6000000000000001,0.0023226091909646423,0.005702405700246419,0.008346880696318889,0.001936641757662,0.0029797912994984,0.000626132163183662,0.050000000000000266,0.0386946687670689,0.00571313330043205,False,False,False,False,False
2025-12-09,6840.60986328125,6864.919921875,6837.43017578125,6840.509765625,4508050000,16.93000030517578,4.18,3.61,-0.0008763589340257,0.2700004577636719,0.0162065102182826,0.5699999999999998,0.0022854392315662495,0.004232265091564793,0.008355140870912168,-0.003477255626794,0.0010803218396737,0.000995346906407982,-0.010000000000000231,0.038692486887877305,0.005745647931437805,False,False,False,False,False
2025-12-10,6833.490234375,6900.669921875,6824.68994140625,6886.68017578125,5526570000,15.770000457763672,4.13,3.54,0.0067495569392015,-1.1599998474121094,-0.0685174144419523,0.5899999999999999,0.0033903863173757472,0.0038900277153978186,0.007822292574933946,-0.0008763589340257,0.001936641757662,0.00032862806720288207,0.020000000000000462,0.05346639377701122,0.005365363097450018,False,False,False,False,False
2025-12-11,6861.2998046875,6903.4599609375,6833.4501953125,6901.0,5021060000,14.850000381469728,4.14,3.52,0.0020793508415142,-0.9200000762939436,-0.0583386207729006,0.6199999999999997,0.003413723179731437,0.0035041083650575395,0.007822333241244147,0.0067495569392015,-0.003477255626794,0.001082581195143502,0.02999999999999936,0.0506937905212439,0.007103282124921198,False,False,False,False,False
2025-12-12,6886.85009765625,6899.85009765625,6801.7900390625,6827.41015625,4910160000,15.739999771118164,4.19,3.52,-0.010663649289958,0.8899993896484357,0.0599326172919836,0.6700000000000004,0.005810228850608063,0.004729594800982167,0.008169092447367785,0.0020793508415142,-0.0008763589340257,0.0012823869955116021,0.09000000000000075,0.09145300077871506,0.0075238584795137625,False,False,False,False,False
2025-12-15,6860.18994140625,6861.58984375,6801.490234375,6816.509765625,4975600000,16.5,4.18,3.51,-0.0015965630269072,0.7600002288818359,0.0482846404023706,0.6699999999999999,0.00571313330043202,0.004458610012533671,0.007312983304835181,-0.010663649289958,0.0067495569392015,-0.0012376712140123977,0.06999999999999984,0.09426669945712833,0.007813130812907578,False,False,False,False,False
2025-12-16,6800.1201171875,6819.27001953125,6759.740234375,6800.259765625,4983180000,16.479999542236328,4.15,3.48,-0.0023839179519623,-0.0200004577636718,-0.001212148955374,0.6700000000000004,0.005745647931437774,0.004435552172703253,0.007337212144955163,-0.0015965630269072,0.0020793508415142,-0.0008615326940350379,0.10000000000000053,0.09468827527994561,0.007550860689437661,False,False,False,False,False
2025-12-17,6802.8798828125,6812.259765625,6720.43017578125,6721.43017578125,5122120000,17.6200008392334,4.16,3.49,-0.0115921439122413,1.1400012969970703,0.069174837904296,0.6699999999999999,0.005365363097449972,0.00537444586274785,0.0075057800421961035,-0.0023839179519623,-0.010663649289958,-0.0011630444976223578,0.08000000000000007,0.09453770227986041,0.002074141165237685,False,False,False,False,False
2025-12-18,6778.06005859375,6816.1298828125,6758.5,6774.759765625,5101190000,16.8700008392334,4.12,3.46,0.0079342622699418,-0.75,-0.0425652647149721,0.6600000000000001,0.007103282124921168,0.006096134279623313,0.0074103223254222885,-0.0115921439122413,-0.0015965630269072,-0.004831384667910918,0.04000000000000048,0.1198323754087317,0.0030693598373769952,False,False,False,False,False
2025-12-19,6792.6201171875,6840.02001953125,6792.6201171875,6834.5,8554470000,14.90999984741211,4.16,3.48,0.0088180594503322,-1.960000991821289,-0.1161826256263751,0.6800000000000002,0.0075238584795137425,0.006762136119108607,0.00757184809989072,0.0079342622699418,-0.0023839179519623,-0.0036604023822253973,0.009999999999999787,0.1121807287815002,0.00355296443748503,False,False,False,False,False
2025-12-22,6865.2099609375,6882.02978515625,6855.740234375,6878.490234375,4465030000,14.079999923706056,4.17,3.44,0.0064364963603775,-0.8299999237060529,-0.0556673328102088,0.73,0.007813130812907562,0.0069764224419884766,0.006614912667245417,0.0088180594503322,-0.0115921439122413,0.00023593936583264223,0.06000000000000005,0.11000888124964392,0.0029635021839146025,False,False,False,False,False
2025-12-23,6872.41015625,6910.8798828125,6868.81005859375,6909.7900390625,3820560000,14.0,4.18,3.48,0.0045503887657032,-0.0799999237060564,-0.0056818127940017,0.6999999999999997,0.007550860689437649,0.007059561138012659,0.006427192831885683,0.0064364963603775,0.0079342622699418,0.001842551243289582,0.02999999999999936,0.10571204965212708,0.003503254417255435,False,False,False,False,False
2025-12-24,6904.91015625,6937.31982421875,6904.91015625,6932.0498046875,1798270000,13.470000267028809,4.15,3.47,0.0032214822012188,-0.5299997329711914,-0.0378571237836565,0.6800000000000002,0.0020741411652376645,0.006850117029874997,0.0057113828309329805,0.0045503887657032,0.0088180594503322,0.0032294125868226825,0.010000000000000231,0.027938682049606787,0.0031395498119154795,False,False,False,False,False
2025-12-26,6936.02001953125,6945.77001953125,6921.60009765625,6929.93994140625,2586550000,13.600000381469728,4.14,3.46,-0.0003043635491226,0.1300001144409197,0.0096510847708835,0.6799999999999997,0.0030693598373769714,0.006838752867986205,0.005472171716614578,0.0032214822012188,0.0064364963603775,0.006192137809514702,0.019999999999999574,0.041743294959194675,0.004669569288203738,False,False,False,False,False
2025-12-29,6903.60009765625,6920.2099609375,6888.759765625,6905.740234375,3541750000,14.199999809265137,4.12,3.45,-0.0034920514803681,0.5999994277954084,0.044117603747491,0.6699999999999999,0.003552964437484996,0.005955530771247519,0.005399443344805708,-0.0003043635491226,0.0045503887657032,0.004544412645701822,-0.010000000000000231,0.05045209433461276,0.005135483000739097,False,False,False,False,False
2025-12-30,6900.43994140625,6913.25,6893.47021484375,6896.240234375,3309930000,14.329999923706056,4.14,3.45,-0.0013756671519022,0.1300001144409197,0.0091549377596538,0.6899999999999995,0.0029635021839145522,0.005945670065624279,0.005310358833185942,-0.0034920514803681,0.0032214822012188,0.0020823904595617627,-0.04000000000000048,0.04246698606939826,0.0053976087116294836,False,False,False,False,False
2025-12-31,6898.81982421875,6901.419921875,6844.5498046875,6845.5,3261830000,14.949999809265137,4.18,3.47,-0.0073576663008461,0.6199998855590803,0.0432658680293094,0.7099999999999995,0.0035032544172553795,0.006412790514757688,0.005430010818161419,-0.0013756671519022,-0.0003043635491226,0.0005199577571058224,0.009999999999999787,0.05237365286977517,0.003732026779536066,False,False,False,False,False
2026-01-02,6878.10986328125,6894.8701171875,6824.31005859375,6858.47021484375,4184120000,14.510000228881836,4.19,3.47,0.0018947067188299,-0.4399995803833008,-0.029431410434575,0.7200000000000002,0.0031395498119154157,0.0049377591592152156,0.0054204055302258134,-0.0073576663008461,-0.0034920514803681,-0.0018616532562040378,0.040000000000000036,0.04555486848947861,0.004086060010527674,False,False,False,False,False
2026-01-05,6892.18994140625,6920.3798828125,6891.56005859375,6902.0498046875,5771930000,14.899999618530272,4.17,3.46,0.0063541268648263,0.3899993896484357,0.0268779726737806,0.71,0.004669569288203701,0.004768761241470288,0.0055484206708323845,0.0018947067188299,-0.0013756671519022,-0.002127008352681818,0.03000000000000025,0.06957658061293581,0.0037671221706558114,False,False,False,False,False
2026-01-06,6908.02978515625,6948.68994140625,6904.02001953125,6944.81982421875,5509680000,14.75,4.18,3.47,0.0061967126783413,-0.1499996185302716,-0.010067088749702,0.7099999999999995,0.00513548300073907,0.004440635819909182,0.005684578635782852,0.0063541268648263,-0.0073576663008461,-0.0007953102698920377,0.03999999999999959,0.07574837426090128,0.0034207252339829813,False,False,False,False,False
2026-01-07,6945.06982421875,6965.68994140625,6919.18994140625,6920.93017578125,5214480000,15.380000114440918,4.15,3.47,-0.0034399234310139,0.630000114440918,0.042711872165486,0.6800000000000002,0.0053976087116294575,0.0043553701398585404,0.005740385204695641,0.0061967126783413,0.0018947067188299,0.001142442561849842,-0.009999999999999343,0.08301522260256836,0.003911130198167649,False,False,False,False,False
2026-01-08,6914.10986328125,6931.27978515625,6899.330078125,6921.4599609375,5333200000,15.449999809265137,4.19,3.49,7.65482590914246e-05,0.0699996948242187,0.0045513455333783,0.7000000000000002,0.003732026779536036,0.004154287792082184,0.005676634469271863,-0.0034399234310139,0.0063541268648263,0.0007295913060275021,-0.009999999999999343,0.05765981303200413,0.004025497070555288,False,False,False,False,False
2026-01-09,6927.830078125,6978.35986328125,6917.64013671875,6966.27978515625,5163900000,14.489999771118164,4.18,3.54,0.0064754870318832,-0.9600000381469728,-0.0621359255662433,0.6399999999999997,0.00408606001052765,0.004493570313396567,0.005804084551956037,7.65482590914246e-05,0.0061967126783413,0.0022164342180150073,-0.08000000000000052,0.05920700861732073,0.0027906658688852774,False,False,False,False,False
2026-01-12,6944.1201171875,6986.330078125,6934.06982421875,6977.27001953125,5019040000,15.119999885559082,4.19,3.54,0.0015776332151369,0.630000114440918,0.0434782694542652,0.6500000000000004,0.003767122170655781,0.0044952345643937365,0.005657891462816601,0.0064754870318832,-0.0034399234310139,0.003132590280625667,-0.05999999999999961,0.05695888678920249,0.008123244834138607,False,False,False,False,False
2026-01-13,6977.41015625,6985.830078125,6938.77001953125,6963.740234375,5091730000,15.979999542236328,4.18,3.53,-0.0019391230550597,0.8599996566772461,0.0568782846022783,0.6499999999999999,0.003420725233982939,0.004373212044787213,0.005673857729093432,0.0015776332151369,7.65482590914246e-05,0.0021772915506877875,-0.05999999999999961,0.05466318767316362,0.010623818374864107,False,False,False,False,False
2026-01-14,6937.41015625,6941.2998046875,6885.740234375,6926.60009765625,5530830000,16.75,4.15,3.51,-0.0053333604454995,0.7700004577636719,0.048185261565778,0.6400000000000006,0.00391113019816761,0.0047215933404374764,0.0052764392454135185,-0.0019391230550597,0.0064754870318832,0.0005501244040075872,-0.03999999999999959,0.06551143081930746,0.010921531212660682,False,False,False,False,False
2026-01-15,6969.4599609375,6979.33984375,6937.93017578125,6944.47021484375,5114050000,15.84000015258789,4.17,3.56,0.0025799262171273,-0.9099998474121094,-0.0543283490992304,0.6099999999999999,0.004025497070555252,0.003957594925545375,0.005264788378332288,-0.0053333604454995,0.0015776332151369,0.00017143700111046725,-0.0900000000000003,0.0637638742118373,0.010838637529797536,False,False,False,False,False
2026-01-16,6960.5400390625,6967.2998046875,6925.08984375,6940.009765625,5356550000,15.859999656677246,4.24,3.59,-0.0006423023039563,0.0199995040893554,0.0012625949429734,0.6500000000000004,0.002790665868885216,0.004001660186593967,0.005225981183798706,0.0025799262171273,-0.0019391230550597,0.0006721125927176423,0.010000000000000675,0.04425995972242043,0.011084986097461166,False,False,False,False,False
2026-01-20,6865.240234375,6871.169921875,6789.0498046875,6796.85986328125,5769500000,20.09000015258789,4.3,3.6,-0.0206267580562774,4.2300004959106445,0.2667087381764075,0.6999999999999997,0.008123244834138578,0.007325773996425945,0.006467816848241615,-0.0006423023039563,-0.0053333604454995,-0.0007514452744502578,0.04999999999999938,0.16319598995735282,0.0036296836255315145,False,False,False,False,False
2026-01-21,6810.7099609375,6910.39013671875,6804.9599609375,6875.6201171875,5835520000,16.899999618530273,4.26,3.6,0.0115877413232745,-3.190000534057617,-0.1587854907829206,0.6599999999999997,0.010623818374864088,0.008036752778319712,0.006708684978311581,-0.0206267580562774,0.0025799262171273,-0.005192323528733118,0.009999999999999787,0.179542526482538,0.002367223800566923,False,False,False,True,False
2026-01-22,6914.43994140625,6934.75,6893.6201171875,6913.35009765625,5307580000,15.640000343322754,4.26,3.61,0.0054875021926288,-1.2599992752075195,-0.0745561718135172,0.6499999999999999,0.010921531212660669,0.00820667130302528,0.00655308589696317,0.0115877413232745,-0.0006423023039563,-0.0024869506530662776,0.009999999999999343,0.17081275191562303,0.0024729436227756874,False,False,False,True,False
2026-01-23,6907.85009765625,6932.9599609375,6895.5,6915.60986328125,4871930000,16.09000015258789,4.24,3.6,0.0003268698377891,0.4499998092651367,0.0287723656897014,0.6400000000000001,0.01083863752979752,0.008207479155464003,0.006420364745514152,0.0054875021926288,-0.0206267580562774,-0.0003227781254406179,0.03000000000000025,0.17439367950828694,0.0034519178576919753,False,False,False,True,False
2026-01-26,6923.22998046875,6964.66015625,6921.60009765625,6950.22998046875,4968050000,16.149999618530273,4.22,3.56,0.0050060830312763,0.0599994659423828,0.0037289910113973,0.6599999999999997,0.011084986097461154,0.008101798223421108,0.0064355234353799555,0.0003268698377891,0.0115877413232745,-0.000773389401308258,0.009999999999999343,0.17902252124541101,0.0035504433209062733,False,False,False,True,False
2026-01-27,6965.9599609375,6988.81982421875,6958.830078125,6978.60009765625,5331720000,16.350000381469727,4.24,3.53,0.0040818961771371,0.2000007629394531,0.0123839484621395,0.7100000000000004,0.003629683625531501,0.008191011778987276,0.006456704858146405,0.0050060830312763,0.0054875021926288,0.000356287665738262,0.010000000000000675,0.05934532866205446,0.004577705819662539,False,False,False,False,False
2026-01-28,7002.0,7002.27978515625,6963.4599609375,6978.02978515625,5507670000,16.350000381469727,4.26,3.56,-8.172305219089626e-05,0.0,0.0,0.6999999999999997,0.002367223800566884,0.00816475295847711,0.006455821302575043,0.0040818961771371,0.0003268698377891,0.005298018512421163,0.040000000000000036,0.038704110042292766,0.004651291611426531,False,False,False,False,False
2026-01-29,6977.740234375,6992.83984375,6870.7998046875,6969.009765625,6877780000,16.8799991607666,4.24,3.53,-0.0012926312740076,0.529998779296875,0.0324158267236218,0.7100000000000004,0.0024729436227756397,0.007976823845340849,0.006410316577155958,-8.172305219089626e-05,0.0050060830312763,0.0029641256373280833,0.0600000000000005,0.041743286277075915,0.005875527522453688,False,False,False,False,False
2026-01-30,6947.27001953125,6964.08984375,6893.47998046875,6939.02978515625,6697340000,17.440000534057617,4.26,3.52,-0.0043018996208942,0.5600013732910156,0.0331754384557436,0.7399999999999998,0.0034519178576919362,0.00807624237496152,0.006480022888080048,-0.0012926312740076,0.0040818961771371,0.001608098944000803,0.09999999999999964,0.06020144928167039,0.011518260518113893,False,False,False,False,False
2026-02-02,6916.64013671875,6991.919921875,6914.33984375,6976.43994140625,5772050000,16.34000015258789,4.29,3.57,0.0053912661291679,-1.1000003814697266,-0.0630734144372069,0.7200000000000002,0.003550443320906235,0.00823297658641013,0.006328113756229904,-0.0043018996208942,-8.172305219089626e-05,0.000682345052264143,0.0600000000000005,0.05801424440536254,0.01145438591093864,False,False,False,False,False
2026-02-03,6985.4501953125,6993.080078125,6862.0498046875,6917.81005859375,7017660000,18.0,4.28,3.57,-0.0084039830206983,1.6599998474121094,0.1015911769835082,0.7100000000000004,0.0045777058196625,0.0054259249823359525,0.006625848143744012,0.0053912661291679,-0.0012926312740076,0.000759381671842463,0.0,0.082398704753925,0.010898023675251228,False,False,False,False,False
2026-02-04,6924.5,6936.08984375,6838.7998046875,6882.72021484375,7475750000,18.63999938964844,4.29,3.57,-0.0050723919062231,0.639999389648441,0.0355555216471357,0.7200000000000002,0.004651291611426488,0.004662808572112442,0.006586267406961679,-0.0084039830206983,-0.0043018996208942,-0.001737794167724617,0.020000000000000462,0.08670007279806664,0.010540456199408996,False,False,False,False,False
2026-02-05,6837.39013671875,6857.85009765625,6780.1298828125,6798.39990234375,6989120000,21.770000457763672,4.21,3.47,-0.0122510155676747,3.130001068115231,0.167918517736296,0.7399999999999998,0.005875527522453647,0.00556753920171799,0.00690864628534521,-0.0050723919062231,0.0053912661291679,-0.0027359279385310575,0.02999999999999936,0.12791023685341896,0.01149208996355325,False,False,False,False,False
2026-02-06,6816.740234375,6944.89013671875,6816.740234375,6932.2998046875,6283680000,20.3700008392334,4.22,3.5,0.0196957966973359,-1.3999996185302734,-0.0643086627970649,0.7199999999999998,0.011518260518113879,0.008512180828619959,0.008161284449005539,-0.0122510155676747,-0.0084039830206983,-0.004927604797264477,-0.020000000000000018,0.23462697642048863,0.006931403057650886,False,False,False,True,False
2026-02-09,6917.259765625,6980.10009765625,6905.8701171875,6964.81982421875,5650260000,17.360000610351562,4.22,3.48,0.0046910867168872,-3.010000228881836,-0.1477663281723809,0.7399999999999998,0.011454385910938626,0.008495188788945666,0.008219301350151554,0.0196957966973359,-0.0050723919062231,-0.0001280655336184572,0.019999999999999574,0.19884814640509688,0.006266801202697837,False,False,False,True,False
2026-02-10,6974.490234375,6986.830078125,6937.52978515625,6941.81005859375,5595950000,17.790000915527344,4.16,3.45,-0.0033037129754581,0.4300003051757812,0.0247696019618441,0.71,0.010898023675251216,0.008450494957809064,0.00813458939006136,0.0046910867168872,-0.0122510155676747,-0.00026810141607459744,-4.440892098500626e-16,0.1938758511601578,0.007248794639011337,False,False,False,True,False
2026-02-11,6976.47998046875,6993.47998046875,6911.97021484375,6941.47021484375,6175510000,17.649999618530273,4.18,3.52,-4.895607156218951e-05,-0.1400012969970703,-0.0078696621580763,0.6599999999999997,0.010540456199408984,0.008450660116485152,0.008125657716529434,-0.0033037129754581,0.0196957966973359,0.0007519525929734424,-0.0600000000000005,0.18603904789870362,0.007205475103921626,False,False,False,True,False
2026-02-12,6957.5400390625,6973.22021484375,6824.0400390625,6832.759765625,7118700000,20.81999969482422,4.09,3.47,-0.0156610121277019,3.1700000762939453,0.1796034076378021,0.6199999999999997,0.011492089963553238,0.009607378138416955,0.008764860631604452,-4.895607156218951e-05,0.0046910867168872,0.0017566397599056247,-0.1200000000000001,0.23926530953407088,0.0035571591251727813,False,False,False,True,False
2026-02-13,6834.27001953125,6881.9599609375,6794.5498046875,6836.169921875,5718360000,20.600000381469727,4.04,3.4,0.0004990891480125,-0.2199993133544922,-0.0105667299029396,0.6400000000000001,0.006931403057650855,0.009596629542850517,0.00871112230579896,-0.0156610121277019,-0.0033037129754581,0.0010746404479001846,-0.07999999999999963,0.14278690563172802,0.006261134323081924,False,False,False,False,False
2026-02-17,6819.85986328125,6866.990234375,6775.5,6843.22021484375,5418480000,20.290000915527344,4.05,3.43,0.0010313220779065,-0.3099994659423828,-0.0150485174855257,0.6199999999999997,0.0062668012026978,0.009372500460692788,0.008690526438808615,0.0004990891480125,-4.895607156218951e-05,-0.0027647010619644952,-0.1200000000000001,0.12715340214016624,0.006983620929227596,False,False,False,False,False
2026-02-18,6855.47998046875,6909.1201171875,6849.66015625,6881.31005859375,5098160000,19.6200008392334,4.09,3.47,0.0055660701474107,-0.6700000762939453,-0.0330211949759555,0.6199999999999997,0.007248794639011311,0.009337394978060213,0.008791161297269237,0.0010313220779065,-0.0156610121277019,-0.0034966539897606347,-0.0900000000000003,0.14222135690083249,0.0073567338538732974,False,False,False,False,False
2026-02-19,6861.33984375,6879.1201171875,6833.06005859375,6861.89013671875,5151690000,20.229999542236328,4.08,3.47,-0.0028221256867719,0.6099987030029297,0.0310906563155255,0.6099999999999999,0.007205475103921597,0.00925085265187724,0.0075699983028259185,0.0055660701474107,0.0004990891480125,-0.001722697365186875,-0.04999999999999982,0.14576675805392916,0.007743697891905232,False,False,False,False,False
2026-02-20,6843.259765625,6915.85986328125,6836.330078125,6909.509765625,5432480000,19.09000015258789,4.08,3.48,0.0069397247635067,-1.1399993896484375,-0.0563519236502373,0.6000000000000001,0.003557159125172747,0.008526541794233315,0.007305378850078618,-0.0028221256867719,0.0010313220779065,-0.002277331288228817,-0.019999999999999574,0.06790616824232715,0.007436749169977467,False,False,False,False,False
2026-02-23,6901.25,6916.9599609375,6819.81982421875,6837.75,5638350000,21.01000022888184,4.03,3.43,-0.0103856522472848,1.9200000762939489,0.1005762211077649,0.6000000000000001,0.006261134323081898,0.006754709891307456,0.007542801764151353,0.0069397247635067,0.0055660701474107,0.0022428160900129024,-0.040000000000000036,0.13154643356101062,0.0057292917459976596,False,False,False,False,False
2026-02-24,6837.3701171875,6899.169921875,6815.43017578125,6890.06982421875,5266090000,19.549999237060547,4.04,3.43,0.0076516140863223,-1.4600009918212926,-0.0694907651554553,0.6099999999999999,0.006983620929227576,0.00707046998559898,0.007739535651836857,-0.0103856522472848,-0.0028221256867719,6.586781095344261e-05,-0.009999999999999787,0.13652978383831918,0.006010584878836457,False,False,False,False,False
2026-02-25,6915.14990234375,6952.509765625,6915.14990234375,6946.1298828125,5328060000,17.93000030517578,4.05,3.45,0.0081363556573399,-1.6199989318847656,-0.082864398726613,0.5999999999999996,0.00735673385387328,0.007524724682403237,0.007866435770226842,0.0076516140863223,0.0069397247635067,0.0013899262126366024,-0.020000000000000018,0.1319062402450449,0.005881293661621107,False,False,False,False,False
2026-02-26,6944.740234375,6947.25,6859.72998046875,6908.85986328125,5889550000,18.6299991607666,4.02,3.42,-0.0053655805693283,0.6999988555908203,0.0390406493963502,0.5999999999999996,0.0077436978919052145,0.007701552137871566,0.007890402812392594,0.0081363556573399,-0.0103856522472848,0.001903983314622442,-0.010000000000000231,0.14426508522742426,0.005912558756546634,False,False,False,False,False
2026-02-27,6856.5400390625,6882.9599609375,6831.740234375,6878.8798828125,6665660000,19.86000061035156,3.97,3.38,-0.0043393528110311,1.2300014495849574,0.066022625066739,0.5900000000000003,0.007436749169977443,0.006032162819479498,0.007932995619694648,-0.0053655805693283,0.0076516140863223,0.0013952923381111621,-0.009999999999999787,0.14769384305478347,0.007428986283733961,False,False,False,False,False
2026-03-02,6824.35986328125,6901.009765625,6796.85009765625,6881.6201171875,6079080000,21.440000534057617,4.05,3.47,0.0003983547353176,1.5799999237060582,0.0795568920014293,0.5799999999999996,0.005729291745997636,0.006032559233419841,0.007934643967430476,-0.0043393528110311,0.0081363556573399,-0.000860523176796398,-0.020000000000000462,0.12283601809396122,0.008901344559291825,False,False,False,False,False
2026-03-03,6800.259765625,6840.0498046875,6710.419921875,6816.6298828125,6442080000,23.56999969482422,4.06,3.51,-0.0094440310956254,2.1299991607666016,0.0993469733073504,0.5499999999999998,0.006010584878836423,0.00674788459806628,0.008123158108247309,0.0003983547353176,-0.0053655805693283,0.0012962782197240821,-0.06000000000000005,0.14166948375988955,0.008207751194449693,False,False,True,False,False
2026-03-04,6831.68994140625,6885.93994140625,6811.64013671875,6869.5,5252170000,21.14999961853028,4.09,3.54,0.0077560492642863,-2.4200000762939418,-0.1026728938322962,0.5499999999999998,0.005881293661621073,0.006968788399113386,0.00822416438931383,-0.0094440310956254,-0.0043393528110311,-0.002122850816665458,-0.04999999999999982,0.12438935869975025,0.0070061283692081045,False,False,False,False,False
2026-03-05,6851.080078125,6870.43017578125,6770.77978515625,6830.7099609375,5989300000,23.75,4.13,3.57,-0.005646704863891,2.600000381469723,0.122931462334012,0.56,0.005912558756546601,0.0071269216741786665,0.008121516044474225,0.0077560492642863,0.0003983547353176,-0.0021989120952761775,-0.03999999999999959,0.14042327046798175,0.008659988089346872,False,False,True,False,False
2026-03-06,6769.02978515625,6773.419921875,6711.56005859375,6740.02001953125,5793120000,29.489999771118164,4.15,3.56,-0.0132767958125692,5.739999771118164,0.2416842008891859,0.5900000000000003,0.007428986283733929,0.007601248686635332,0.008516430334481347,-0.005646704863891,-0.0094440310956254,-0.0022551369541887177,0.0,0.21908080380695355,0.007640677647727408,False,False,True,False,False
2026-03-09,6699.7998046875,6810.43994140625,6636.0400390625,6795.990234375,6709410000,25.5,4.12,3.56,0.0083041615131052,-3.989999771118164,-0.1353000950181722,0.56,0.008901344559291802,0.0077174812250015,0.008342025864541901,-0.0132767958125692,0.0077560492642863,-0.004042625554496337,-0.019999999999999574,0.22698428626194095,0.008204468073413308,False,False,True,False,False
2026-03-10,6796.56005859375,6845.080078125,6759.740234375,6781.47998046875,5944950000,24.93000030517578,4.15,3.57,-0.0021351198877325,-0.5699996948242188,-0.0223529292087928,0.5800000000000005,0.008207751194449673,0.0072154370761217685,0.0070915713119002405,0.0083041615131052,-0.005646704863891,-0.0024614641989388173,0.030000000000000693,0.20461923978243723,0.00848652483926986,False,False,True,False,False
2026-03-11,6790.08984375,6811.14990234375,6745.58984375,6775.7998046875,5511090000,24.229999542236328,4.21,3.64,-0.0008376012017449,-0.7000007629394531,-0.0280786503959297,0.5699999999999998,0.007006128369208075,0.006473422200112609,0.006976288854609436,-0.0021351198877325,-0.0132767958125692,-0.0009996819573602374,0.020000000000000018,0.1697584871787606,0.009627391844467297,False,False,True,False,False
2026-03-12,6740.8798828125,6740.8798828125,6670.39990234375,6672.6201171875,6292170000,27.290000915527344,4.27,3.76,-0.0152276765067085,3.060001373291016,0.1262897825465081,0.5099999999999998,0.008659988089346845,0.007509483408642773,0.007576889930103318,-0.0008376012017449,0.0083041615131052,-0.0027184120505664776,-0.050000000000000266,0.23633108288673127,0.007989000069219807,False,False,True,False,False
2026-03-13,6673.490234375,6733.2998046875,6623.919921875,6632.18994140625,5337120000,27.190000534057617,4.28,3.73,-0.0060591154705643,-0.1000003814697265,-0.0036643597696923,0.5500000000000003,0.007640677647727381,0.00754759449384317,0.0076167552020167655,-0.0152276765067085,-0.0021351198877325,-0.004634606379129978,-0.040000000000000036,0.20775002932226957,0.009586777690489694,False,False,True,False,False
2026-03-16,6674.3701171875,6729.7900390625,6674.3701171875,6699.3798828125,5176290000,23.51000022888184,4.23,3.68,0.0101308831622519,-3.6800003051757777,-0.1353438849905974,0.5500000000000003,0.008204468073413282,0.008561938292635381,0.007414078483375456,-0.0060591154705643,-0.0008376012017449,-0.0031910703107289975,-0.009999999999999787,0.1928870462838,0.009977007306216392,False,False,True,False,False
2026-03-17,6722.35009765625,6754.2998046875,6710.7998046875,6716.08984375,5063390000,22.3700008392334,4.2,3.68,0.0024942548757938,-1.139999389648441,-0.0484899778200751,0.52,0.00848652483926984,0.008360425697761418,0.007444258518551625,0.0101308831622519,-0.0152276765067085,-0.002825725980899657,-0.0600000000000005,0.1898435677766414,0.009528211093072798,False,False,False,False,False
2026-03-18,6697.16015625,6705.18017578125,6621.66015625,6624.7001953125,5275480000,25.09000015258789,4.26,3.76,-0.0136075678800734,2.719999313354492,0.1215913818198901,0.5,0.009627391844467273,0.008463993475592681,0.007909520144960977,0.0024942548757938,-0.0060591154705643,-0.0018998510281943975,-0.06999999999999984,0.2415512628467073,0.009019354532896592,False,False,True,False,False
2026-03-19,6583.1201171875,6636.740234375,6557.81982421875,6606.490234375,5973390000,24.059999465942383,4.25,3.79,-0.0027487977418789,-1.0300006866455078,-0.0410522391543018,0.4599999999999999,0.007989000069219782,0.008438051997529441,0.0077517890399484484,-0.0136075678800734,0.0101308831622519,-0.004453844363860098,-0.04999999999999988,0.1922153373988416,0.011236579581070931,False,False,True,False,False
2026-03-20,6594.66015625,6594.66015625,6473.52001953125,6506.47998046875,10025820000,26.780000686645508,4.39,3.88,-0.0151381823567792,2.720001220703125,0.1130507598120842,0.5099999999999998,0.009586777690489672,0.008673410405630962,0.008248677457317563,-0.0027487977418789,0.0024942548757938,-0.001958068610894177,-0.04000000000000048,0.25673391313403127,0.011566840800666578,False,False,True,False,False
2026-03-23,6574.9599609375,6651.6201171875,6565.5498046875,6581.0,6020650000,26.14999961853028,4.34,3.83,0.0114532004639904,-0.6300010681152308,-0.0235250579522724,0.5099999999999998,0.00997700730621637,0.009140232188114557,0.008545187884412489,-0.0151381823567792,-0.0136075678800734,-0.0037738819881371574,-0.04000000000000048,0.2608987372516319,0.008678549935499874,False,False,True,False,False
2026-03-24,6552.08984375,6595.75,6525.10986328125,6556.3701171875,5278580000,26.950000762939453,4.39,3.9,-0.0037425745042546,0.8000011444091761,0.0305927784351585,0.4899999999999997,0.009528211093072773,0.009134794596432452,0.008360239377330403,0.0114532004639904,-0.0027487977418789,-0.003509418527789457,-0.030000000000000304,0.2567852962277594,0.017167824939851525,False,False,True,False,False
2026-03-25,6598.35009765625,6633.93994140625,6568.41015625,6591.89990234375,4936720000,25.32999992370605,4.33,3.84,0.0054191243815093,-1.620000839233402,-0.0601113466928416,0.4900000000000002,0.009019354532896573,0.009491280926105574,0.008250768393284397,-0.0037425745042546,-0.0151381823567792,-0.004756784403799137,-0.009999999999999787,0.22846024963014802,0.01730633009609355,False,False,True,False,False
2026-03-26,6555.85986328125,6573.22021484375,6473.7900390625,6477.16015625,4845560000,27.440000534057617,4.42,3.96,-0.0174061723924167,2.110000610351566,0.0833004586145631,0.4599999999999999,0.01123657958107091,0.009796360827361785,0.008534309621996942,0.0054191243815093,0.0114532004639904,-0.0009514459514825971,0.0,0.3083317497055667,0.015101815253255348,False,False,True,True,False
2026-03-27,6453.89013671875,6453.89013671875,6356.080078125,6368.85009765625,5303490000,31.049999237060547,4.44,3.88,-0.0167218435210743,3.6099987030029297,0.1315597169366786,0.5600000000000005,0.011566840800666557,0.010625176542553011,0.008996202875219156,-0.0174061723924167,-0.0037425745042546,-0.0038829208815901574,0.05000000000000071,0.35915039803589743,0.011394094303773958,False,False,True,True,False
2026-03-30,6403.3701171875,6427.31005859375,6316.91015625,6343.72021484375,5458640000,30.61000061035156,4.35,3.82,-0.0039457488286226,-0.4399986267089879,-0.0141706485513795,0.5299999999999998,0.00867854993549984,0.00953846019884492,0.008995526737737005,-0.0167218435210743,0.0054191243815093,-0.004199653114449177,0.020000000000000018,0.2656504188226166,0.010567652033075954,False,False,True,False,False
2026-03-31,6395.8798828125,6539.0498046875,6395.8798828125,6528.52001953125,6396100000,25.25,4.3,3.79,0.0291311404710259,-5.360000610351559,-0.1751061909008566,0.5099999999999998,0.017167824939851514,0.014030871567667995,0.011396173396604784,-0.0039457488286226,-0.0174061723924167,-0.007279442972971777,0.020000000000000073,0.43348757973125074,0.008995201692807639,False,False,True,True,True
2026-04-01,6556.56005859375,6609.669921875,6554.2900390625,6575.31982421875,5637260000,24.540000915527344,4.33,3.81,0.0071685166848673,-0.7099990844726562,-0.0281187756226795,0.52,0.017306330096093545,0.013802822137932554,0.01145897017582553,0.0291311404710259,-0.0167218435210743,-0.0007046999779156765,0.029999999999999805,0.424697356402554,0.009016095874667862,False,False,True,True,False
2026-04-02,6512.60986328125,6601.91015625,6474.93994140625,6582.68994140625,4740740000,23.8700008392334,4.31,3.79,0.0011208758485563,-0.6700000762939453,-0.0273023655785608,0.5199999999999996,0.01510181525325534,0.013792885320745088,0.011285439355713711,0.0071685166848673,-0.0039457488286226,-0.0003548215172440774,0.059999999999999665,0.3604803427691527,0.009374566660928117,False,False,True,True,False
2026-04-06,6587.66015625,6618.1298828125,6579.72021484375,6611.830078125,3906440000,24.170000076293945,4.34,3.84,0.0044267825126402,0.2999992370605469,0.0125680446800595,0.5,0.011394094303773956,0.012903507196070042,0.011332755356143226,0.0011208758485563,0.0291311404710259,0.003350588130950522,-0.0600000000000005,0.27539526019151694,0.009333478780146998,False,False,True,True,False
2026-04-07,6601.93017578125,6618.259765625,6534.5498046875,6616.85009765625,4555680000,25.780000686645508,4.33,3.81,0.0007592481161695,1.6100006103515625,0.0666115269039928,0.52,0.010567652033075955,0.012486481466264512,0.011027421861160139,0.0044267825126402,0.0071685166848673,0.007580313337693423,-0.009999999999999787,0.27243407666892894,0.008585299944650066,False,False,True,True,False
2026-04-08,6754.35986328125,6793.5,6740.27978515625,6782.81005859375,5904880000,21.040000915527344,4.29,3.79,0.0250814146441498,-4.739999771118164,-0.1838634462711076,0.5,0.008995201692807639,0.01433636918943917,0.012204257031276516,0.0007592481161695,0.0011208758485563,0.008521312726651843,-0.009999999999999787,0.18925905185202582,0.0044904733983480985,False,False,False,False,True
2026-04-09,6783.68994140625,6835.31005859375,6761.5498046875,6824.66015625,4912410000,19.489999771118164,4.29,3.78,0.0061700235292931,-1.5500011444091797,-0.0736692527073652,0.5100000000000002,0.009016095874667862,0.01434816856249816,0.012263674744879388,0.0250814146441498,0.0044267825126402,0.007711367561276622,-0.009999999999999787,0.17572370653365607,0.004833600859488524,False,False,False,False,False
2026-04-10,6839.240234375,6845.77001953125,6808.4599609375,6816.89013671875,4393220000,19.229999542236328,4.31,3.81,-0.0011385210916523,-0.2600002288818359,-0.0133401863486486,0.4999999999999995,0.009374566660928117,0.012704849695646791,0.012265261456521423,0.0061700235292931,0.0007592481161695,0.007511668930161783,-0.020000000000000073,0.18027291259831163,0.0034702200367195076,False,False,False,False,False
2026-04-13,6806.47021484375,6887.0,6790.02001953125,6886.240234375,4785840000,19.1200008392334,4.3,3.78,0.0101732749487482,-0.1099987030029296,-0.0057201614987734,0.52,0.009333478780147,0.0104196182739383,0.011915629075748908,-0.0011385210916523,0.0250814146441498,0.007059789542120064,0.020000000000000018,0.17845612210937775,0.005561060739104139,False,False,False,False,False
2026-04-14,6910.2001953125,6969.419921875,6905.169921875,6967.3798828125,5032380000,18.36000061035156,4.26,3.76,0.0117828663647927,-0.7600002288818395,-0.0397489642010031,0.5,0.008585299944650073,0.009674022451240964,0.011977124182664953,0.0101732749487482,0.0061700235292931,0.008209088029341663,-0.020000000000000018,0.15762611222382655,0.006673427674787245,False,False,False,False,False
2026-04-15,6978.169921875,7026.240234375,6967.1298828125,7022.9501953125,5278610000,18.170000076293945,4.29,3.76,0.0079757833553877,-0.1900005340576136,-0.0103486126220763,0.5300000000000002,0.004490473398348096,0.007118154846753225,0.011919727712251185,0.0117828663647927,-0.0011385210916523,0.010413811679066302,0.03000000000000025,0.08159190199058083,0.0071193085775812966,False,False,False,False,False
2026-04-16,7037.77978515625,7051.22998046875,7008.52001953125,7041.27978515625,5173650000,17.940000534057617,4.32,3.78,0.0026099558353673,-0.2299995422363281,-0.0126582026015731,0.5400000000000005,0.004833600859488519,0.007259867731429152,0.01191983400681579,0.0079757833553877,0.0101732749487482,0.0069926854213138824,0.03000000000000025,0.0867148020006454,0.00773044234898165,False,False,False,False,False
2026-04-17,7074.5498046875,7147.52001953125,7074.5498046875,7126.06005859375,6145300000,17.479999542236328,4.26,3.71,0.0120404636691509,-0.460000991821289,-0.0256410801631814,0.5499999999999998,0.0034702200367195167,0.007129114818165125,0.011532470422812824,0.0026099558353673,0.0117828663647927,0.006280671882528723,0.05000000000000032,0.060659444653316484,0.006779198870056121,False,False,False,False,False
2026-04-20,7117.0498046875,7122.64990234375,7084.41015625,7109.14013671875,4661130000,18.8700008392334,4.26,3.72,-0.0023743726176704,1.3900012969970703,0.0795195270822781,0.5399999999999996,0.005561060739104136,0.007735085412140526,0.011523009776039098,0.0120404636691509,0.0079757833553877,0.008916468834689363,0.019999999999999574,0.10493722081392295,0.006557731798488185,False,False,False,False,False
2026-04-21,7122.64013671875,7137.27001953125,7050.2001953125,7064.009765625,5160270000,19.5,4.3,3.78,-0.0063482179596729,0.6299991607666016,0.0333862815446592,0.52,0.006673427674787231,0.008584114328512839,0.010983049745932649,-0.0023743726176704,0.0026099558353673,0.006406939321405643,0.020000000000000018,0.130131839658351,0.006211396466867136,False,False,False,False,False
2026-04-22,7102.91015625,7138.64013671875,7102.91015625,7137.89990234375,4919460000,18.920000076293945,4.3,3.79,0.0104600841689539,-0.5799999237060547,-0.0297435858310797,0.5099999999999998,0.007119308577581285,0.00623497796223599,0.010952877506108741,-0.0063482179596729,0.0120404636691509,0.002780722456512523,-0.020000000000000462,0.13469731883099806,0.004610458728815951,False,False,False,False,False
2026-04-23,7118.7998046875,7147.77978515625,7046.5498046875,7108.39990234375,5307260000,19.309999465942383,4.34,3.83,-0.0041328682670813,0.3899993896484375,0.0206130754796927,0.5099999999999998,0.007730442348981636,0.006804112095353544,0.010966213040238296,0.0104600841689539,-0.0023743726176704,0.003277582619225762,-0.030000000000000693,0.14927483763033378,0.005549456761834593,False,False,False,False,False
2026-04-24,7136.47998046875,7168.58984375,7112.81982421875,7165.080078125,4608830000,18.709999084472656,4.31,3.78,0.0079736897979756,-0.6000003814697266,-0.0310720040426705,0.5299999999999998,0.006779198870056101,0.006649295077944541,0.010996331123885183,-0.0041328682670813,-0.0063482179596729,0.001929017798736042,-0.020000000000000018,0.1268388046522077,0.0049486419190667786,False,False,False,False,False
2026-04-27,7152.72021484375,7178.740234375,7146.72021484375,7173.91015625,4783750000,18.020000457763672,4.35,3.78,0.0012323767534654,-0.6899986267089844,-0.0368786029114032,0.5699999999999998,0.006557731798488167,0.006495050293848864,0.009930153079045894,0.0079736897979756,0.0104600841689539,0.0011156630245009827,0.03000000000000025,0.11817033001064815,0.005497372311325252,False,False,False,False,False
2026-04-28,7133.740234375,7152.52001953125,7115.169921875,7138.7998046875,4900650000,17.829999923706055,4.36,3.84,-0.0048941721875219,-0.1900005340576172,-0.0105438695466713,0.5200000000000005,0.006211396466867119,0.006454813028569332,0.00897592812005806,0.0012323767534654,-0.0041328682670813,0.0018370128987281425,4.440892098500626e-16,0.11074919853034879,0.005279667266479745,False,False,False,False,False
2026-04-29,7131.60986328125,7145.6298828125,7107.85986328125,7135.9501953125,5123100000,18.809999465942383,4.42,3.92,-0.0003991720531409,0.979999542236328,0.0549635191491706,0.5,0.004610458728815919,0.006223240185896735,0.008828980704396706,-0.0048941721875219,0.0079736897979756,0.0021278220531583424,-0.009999999999999787,0.08672272622677683,0.006422494712654925,False,False,False,False,False
2026-04-30,7161.75,7219.830078125,7126.14990234375,7209.009765625,5723790000,16.889999389648438,4.4,3.88,0.0102382399418219,-1.920000076293945,-0.1020733721853804,0.5200000000000005,0.005549456761834577,0.006743970163742961,0.007204377196572317,-0.0003991720531409,0.0012323767534654,-4.4029191260617303e-05,0.010000000000000675,0.09373032132026639,0.007143243188363751,False,False,False,False,False
2026-05-01,7234.5400390625,7272.52001953125,7229.31982421875,7230.1201171875,4847390000,16.989999771118164,4.39,3.88,0.0029283288896571,0.1000003814697265,0.0059206859137612,0.5099999999999998,0.004948641919066756,0.0059453943992271345,0.007193410876220954,0.0102382399418219,-0.0048941721875219,0.002830192450520023,-0.020000000000000018,0.08407742507228994,0.007381386875838267,False,False,False,False,False
2026-05-04,7228.3798828125,7244.5400390625,7174.1201171875,7200.75,5215480000,18.290000915527344,4.45,3.95,-0.0040621893843342,1.3000011444091797,0.0765156657988361,0.5,0.005497372311325227,0.006074642067061003,0.007393198943232429,0.0029283288896571,-0.0003991720531409,0.0018211202688563227,-0.06999999999999984,0.10054694460713308,0.00627835698585353,False,False,False,False,False
2026-05-05,7233.6201171875,7273.259765625,7233.6201171875,7259.22021484375,5279760000,17.3799991607666,4.43,3.93,0.0081200173376037,-0.9100017547607422,-0.0497540573652018,0.4999999999999995,0.005279667266479731,0.005797486212016019,0.007437686306010386,-0.0040621893843342,0.0102382399418219,0.0007622070412964026,-0.02000000000000096,0.09176061266054461,0.006758984051689492,False,False,False,False,False
2026-05-06,7294.14013671875,7369.22021484375,7294.14013671875,7365.1201171875,6579640000,17.389999389648438,4.36,3.87,0.0145883303177942,0.0100002288818359,0.000575387190145,0.4900000000000002,0.006422494712654922,0.00644309192671807,0.007686652407277672,0.0081200173376037,0.0029283288896571,0.003365044946321523,-0.009999999999999787,0.11168717913308941,0.004531296060627083,False,False,False,False,False
2026-05-07,7376.77978515625,7385.02001953125,7321.25,7337.10986328125,6237040000,17.079999923706055,4.41,3.92,-0.0038030953277848,-0.3099994659423828,-0.0178263068903218,0.4900000000000002,0.007143243188363741,0.006406424268127313,0.0064866218936314645,0.0145883303177942,-0.0040621893843342,0.006362545420508544,-0.03000000000000025,0.12200659311226648,0.003775681459893335,False,False,False,False,False
2026-05-08,7362.97021484375,7401.5,7362.97021484375,7398.93017578125,5302740000,17.190000534057617,4.38,3.9,0.0084257035334009,0.1100006103515625,0.0064403167940818,0.48,0.007381386875838259,0.00644149959191549,0.006543921116285475,-0.0038030953277848,0.0081200173376037,0.0035542783665872026,-0.029999999999999805,0.12688604433774556,0.007090466829538509,False,False,False,False,False
2026-05-11,7385.31005859375,7428.97021484375,7384.2001953125,7412.83984375,5821910000,18.3799991607666,4.42,3.95,0.0018799566475542,1.1899986267089844,0.0692262123175218,0.4699999999999997,0.006278356985853525,0.0064242487541487266,0.006464871117470279,0.0084257035334009,0.0145883303177942,0.004653753295335962,-0.030000000000000304,0.11539619613098093,0.007049776915299778,False,False,False,False,False
2026-05-12,7390.6298828125,7409.56982421875,7338.5400390625,7400.9599609375,5624790000,17.989999771118164,4.46,4.0,-0.0016026088601545,-0.3899993896484375,-0.0212186837571199,0.4599999999999999,0.006758984051689481,0.006070444373982187,0.006417341238590552,0.0018799566475542,-0.0038030953277848,0.0058421825017136424,-0.03999999999999959,0.12159412154288508,0.007522580423280556,False,False,False,False,False
2026-05-13,7409.1201171875,7460.0400390625,7375.1298828125,7444.25,5716600000,17.8700008392334,4.46,3.98,0.0058492464884265,-0.1199989318847656,-0.0066703131412717,0.48,0.004531296060627059,0.0059436741041383615,0.006170504569493754,-0.0016026088601545,0.0084257035334009,0.003897657262162002,-0.010000000000000231,0.08097426440622053,0.00863383305762145,False,False,False,False,False
2026-05-14,7454.39990234375,7517.1201171875,7454.39990234375,7501.240234375,5267050000,17.260000228881836,4.47,4.0,0.0076556045773583,-0.6100006103515625,-0.0341354550477867,0.4699999999999997,0.00377568145989332,0.0057304164880286465,0.006159011994953032,0.0058492464884265,0.0018799566475542,0.0021498404962884627,-0.020000000000000517,0.0651682628619436,0.007833678722881722,False,False,False,False,False
2026-05-15,7445.10986328125,7454.85009765625,7397.5,7408.5,5582070000,18.43000030517578,4.59,4.09,-0.0123633201280517,1.170000076293945,0.0677867937878782,0.5,0.007090466829538489,0.007560024602032995,0.00699194387046158,0.0076556045773583,-0.0016026088601545,0.004441580477317083,0.020000000000000018,0.1306773058322331,0.005707574133984503,False,False,False,False,False
2026-05-18,7415.06982421875,7434.06005859375,7353.169921875,7403.0498046875,5489500000,17.81999969482422,4.61,4.07,-0.0007356678561787,-0.6100006103515625,-0.0330982420103516,0.54,0.007049776915299756,0.007335176707056697,0.006679696690649221,-0.0123633201280517,0.0058492464884265,0.0002837757450265627,0.07000000000000034,0.12562702247922047,0.005764329384305671,False,False,False,False,False
2026-05-19,7375.75,7395.31982421875,7333.68017578125,7353.60986328125,5441140000,18.059999465942383,4.67,4.13,-0.0066783207881359,0.239999771118164,0.0134680008545606,0.54,0.007522580423280533,0.007600835489678393,0.006869194106129411,-0.0007356678561787,0.0076556045773583,-0.00023934915572001734,0.08000000000000013,0.13585779842695506,0.003723474562544428,False,False,False,False,False
2026-05-20,7369.18994140625,7435.68994140625,7357.4599609375,7432.97021484375,5384150000,17.440000534057617,4.57,4.04,0.0107920263704455,-0.6199989318847656,-0.034329952946785,0.5300000000000002,0.00863383305762143,0.006999775147991121,0.006890424087857704,-0.0066783207881359,-0.0123633201280517,-0.0012544915413162973,0.050000000000000266,0.15057405313588207,0.0022909240171536303,False,False,False,False,False
2026-05-21,7410.77978515625,7465.9599609375,7389.47998046875,7445.72021484375,5440620000,16.760000228881836,4.57,4.08,0.0017153304306989,-0.6800003051757812,-0.0389908419926848,0.4900000000000002,0.007833678722881699,0.006819133770894768,0.006654007511054579,0.0107920263704455,-0.0007356678561787,-0.0002659355649124971,0.020000000000000517,0.13129245718848404,0.0022263598165139474,False,False,False,False,False
2026-05-22,7468.81982421875,7506.31982421875,7463.2900390625,7473.47021484375,4952440000,16.700000762939453,4.56,4.13,0.0037269732409066,-0.0599994659423828,-0.0035799203534011,0.4299999999999997,0.005707574133984482,0.006478686415840587,0.006516193032674742,0.0017153304306989,-0.0066783207881359,-0.001453990394244377,-0.07000000000000028,0.09531649239207435,0.0022557485305762766,False,False,False,False,False
2026-05-26,7511.7900390625,7539.08984375,7501.10009765625,7519.1201171875,5496060000,17.010000228881836,4.5,4.01,0.0061082604240638,0.3099994659423828,0.0185628414239555,0.4900000000000002,0.005764329384305655,0.006656302451466741,0.006452127547030144,0.0037269732409066,0.0107920263704455,0.0017640682795472824,-0.04999999999999982,0.0980512441463895,0.0018747403701751988,False,False,False,False,False
2026-05-27,7526.009765625,7530.72021484375,7499.72021484375,7520.35986328125,5524250000,16.290000915527344,4.48,4.0,0.0001648791446908,-0.7199993133544922,-0.0423280013913216,0.4800000000000004,0.003723474562544413,0.006596179324825922,0.006464689778943073,0.0061082604240638,0.0017153304306989,0.003132853935595782,-0.05999999999999961,0.060655404032791266,0.004398501842252195,False,False,False,False,False
2026-05-28,7519.81982421875,7568.72021484375,7508.0400390625,7563.6298828125,5494860000,15.739999771118164,4.45,3.99,0.0057537166196686,-0.5500011444091797,-0.0337631131674724,0.4599999999999999,0.002290924017153595,0.00659011881854498,0.006298391141575871,0.0001648791446908,0.0037269732409066,0.004501493922161122,-0.07000000000000034,0.03605914350564669,0.00406282337180177,False,False,False,False,False
2026-05-29,7579.330078125,7599.3798828125,7563.5498046875,7580.06005859375,7858290000,15.31999969482422,4.45,3.98,0.0021722606785117,-0.4200000762939435,-0.0266836138755615,0.4700000000000002,0.0022263598165139123,0.006285698493203339,0.006260346621075158,0.0057537166196686,0.0061082604240638,0.0034938319720057426,-0.020000000000000018,0.034107831709562046,0.011358830530174339,False,False,False,False,False
2026-06-01,7582.2900390625,7617.66015625,7562.60986328125,7599.9599609375,6583960000,16.049999237060547,4.47,4.05,0.0026252961308912,0.7299995422363263,0.0476501016173618,0.4199999999999999,0.0022557485305762398,0.004412828297799166,0.006041434279362612,0.0021722606785117,0.0001648791446908,0.0035852180215683025,-0.009999999999999842,0.0362047621947491,0.01140802311335479,False,False,False,False,False
2026-06-02,7595.39990234375,7620.89990234375,7582.990234375,7609.77978515625,5904410000,15.770000457763672,4.46,4.05,0.0012920889411551,-0.279998779296875,-0.0174454076390445,0.4100000000000001,0.0018747403701751437,0.004301713353125551,0.006046424095618348,0.0026252961308912,0.0057537166196686,0.0033648825995652226,-0.08000000000000013,0.029564656495850054,0.011074689590013993,False,False,False,False,False
2026-06-03,7605.31005859375,7605.35009765625,7551.22021484375,7553.68017578125,5753860000,16.059999465942383,4.49,4.08,-0.0073720411048462,0.2899990081787109,0.0183892834344174,0.4100000000000001,0.004398501842252164,0.0044562952223217885,0.006253918172894696,0.0012920889411551,0.0021722606785117,0.002401648302983482,-0.07000000000000034,0.07063993723751634,0.011849580045490625,False,False,False,False,False
2026-06-04,7516.5400390625,7598.18994140625,7516.5400390625,7584.31005859375,5398910000,15.399999618530272,4.47,4.05,0.0040549615683631,-0.6599998474121112,-0.0410958822764433,0.4199999999999999,0.0040628233718017345,0.003610724574009818,0.006132533882593374,-0.0073720411048462,0.0026252961308912,0.0008942642530760823,-0.040000000000000036,0.06256747837590258,0.015244281995780191,False,False,False,False,False
2026-06-05,7537.35986328125,7541.81005859375,7368.6298828125,7383.740234375,5591290000,21.51000022888184,4.55,4.17,-0.0264453618943868,6.110000610351568,0.3967532962143467,0.3799999999999999,0.011358830530174313,0.009281647868399625,0.008074215353249547,0.0040549615683631,0.0012920889411551,0.0005545132428149824,-0.0900000000000003,0.24432844730387948,0.010963510811988689,False,False,False,True,True
2026-06-08,7440.56982421875,7466.81005859375,7395.1298828125,7405.72998046875,4898180000,18.920000076293945,4.56,4.15,0.0029781310549599,-2.590000152587894,-0.1204091178534836,0.4099999999999992,0.011408023113354766,0.009247846878653678,0.008045084483043112,-0.0264453618943868,-0.0073720411048462,-0.005169011271764718,-0.010000000000000675,0.21583979817503526,0.012585878187321115,False,False,False,True,False
2026-06-09,7438.66015625,7483.14990234375,7237.85009765625,7386.64990234375,6006390000,19.8700008392334,4.53,4.13,-0.0025763939780845,0.9500007629394532,0.0502114566125064,0.4000000000000003,0.011074689590013965,0.008955199456651682,0.007866588357269274,0.0029781310549599,0.0040549615683631,-0.005098444286950978,-0.009999999999999787,0.22005409144782687,0.012969144133314608,False,False,False,True,False
2026-06-10,7350.5400390625,7396.56005859375,7265.93017578125,7266.990234375,5247300000,22.21999931335449,4.55,4.13,-0.0161994502989484,2.34999847412109,0.1182686650662343,0.4199999999999999,0.011849580045490596,0.00990343155888131,0.008566657369220793,-0.0025763939780845,-0.0264453618943868,-0.005872140870798898,0.009999999999999787,0.2632976604743401,0.011789955051514143,False,False,False,True,False
2026-06-11,7287.669921875,7412.68017578125,7257.330078125,7394.2998046875,5658920000,19.440000534057617,4.45,4.05,0.0175188855642447,-2.7799987792968714,-0.1251124601802331,0.4000000000000003,0.015244281995780174,0.011489475594446158,0.009418387382074239,-0.0161994502989484,0.0029781310549599,-0.007637622709619337,-0.019999999999999574,0.2963488501392915,0.010521702960278694,False,False,False,True,False
2026-06-12,7410.85009765625,7456.39990234375,7363.009765625,7431.4599609375,4950530000,17.68000030517578,4.48,4.09,0.005025513873057,-1.760000228881836,-0.090534988710439,0.3900000000000005,0.010963510811988677,0.011628973170879714,0.009395640182905552,0.0175188855642447,-0.0025763939780845,-0.004944837910443018,0.01000000000000062,0.1938348745017578,0.01074831876425348,False,False,False,True,False
2026-06-15,7516.75,7577.919921875,7516.75,7554.2900390625,5674670000,16.200000762939453,4.47,4.07,0.0165283912946634,-1.479999542236328,-0.0837103799032775,0.3999999999999994,0.01258587818732111,0.012854576597879887,0.00991711946669763,0.005025513873057,-0.0161994502989484,0.001349337243045742,-0.009999999999999787,0.203891236236865,0.008854451230104848,False,False,False,True,False
2026-06-16,7548.77978515625,7564.9599609375,7508.68017578125,7511.35009765625,5286210000,16.40999984741211,4.43,4.05,-0.0056841796097597,0.2099990844726562,0.012962905838441,0.3799999999999999,0.012969144133314599,0.012926431217204921,0.00960536714311719,0.0165283912946634,0.0175188855642447,0.0040593892909864425,-0.020000000000000406,0.21282365324875824,0.008981721781030705,False,False,False,True,False
2026-06-17,7524.5,7532.169921875,7402.60986328125,7420.10009765625,5883740000,18.440000534057617,4.49,4.2,-0.0121482821082288,2.030000686645508,0.1237051008849121,0.29,0.011789955051514138,0.013229708671741176,0.00998668291580204,-0.0056841796097597,0.005025513873057,0.003437832164651403,-0.1299999999999999,0.217406777446436,0.008060308053226823,False,False,False,True,False
2026-06-18,7487.35986328125,7511.06982421875,7468.31982421875,7500.580078125,9061110000,16.399999618530273,4.46,4.19,0.0108462122356234,-2.040000915527344,-0.1106291136900772,0.2699999999999996,0.010521702960278684,0.013674270525235893,0.010111829487068113,-0.0121482821082288,0.0165283912946634,0.004248065802795321,-0.13000000000000073,0.17255592453485927,0.005370545087613667,False,False,False,True,False
2026-06-22,7500.43994140625,7530.009765625,7460.009765625,7472.7900390625,5976740000,17.280000686645508,4.51,4.24,-0.0037050519790526,0.8800010681152344,0.0536586029624615,0.2699999999999996,0.010748318764253466,0.010856829023572207,0.009912251556079516,0.0108462122356234,-0.0056841796097597,0.0029135311370710624,-0.12000000000000094,0.18573095562658468,0.00827139550735341,False,False,False,True,False
2026-06-23,7366.509765625,7424.169921875,7347.60009765625,7365.4599609375,5640530000,19.489999771118164,4.5,4.16,-0.0143627851932081,2.209999084472656,0.1278934604545825,0.3399999999999998,0.008854451230104818,0.01178855293101058,0.01038339877625632,-0.0037050519790526,-0.0121482821082288,0.0011674179666491425,-0.05999999999999961,0.17257325244811986,0.005222080530049848,False,False,False,False,False
2026-06-24,7370.8798828125,7428.06005859375,7336.81982421875,7358.22021484375,5994860000,18.6299991607666,4.41,4.11,-0.0009829319733113,-0.8600006103515625,-0.0441252242406887,0.2999999999999998,0.008981721781030677,0.011769835613644234,0.010341280450513012,-0.0143627851932081,0.0108462122356234,-0.005010817330925158,-0.08000000000000007,0.16732946924284062,0.005444282601929234,False,False,False,False,False
2026-06-25,7404.91015625,7419.080078125,7323.5,7357.490234375,5565760000,18.88999938964844,4.4,4.09,-9.92061187945481e-05,0.2600002288818395,0.0139559978848191,0.3100000000000005,0.008060308053226797,0.010522088041881515,0.010230975518759917,-0.0009829319733113,-0.0037050519790526,-0.004070567803635478,0.020000000000000517,0.1522592142058326,0.005431525612021406,False,False,False,False,False
2026-06-26,7312.740234375,7392.9501953125,7294.18017578125,7354.02001953125,9105600000,18.40999984741211,4.38,4.07,-0.0004716574175711,-0.4799995422363317,-0.025410246572023,0.3099999999999996,0.0053705450876136195,0.009025717049178641,0.010228476328922213,-9.92061187945481e-05,-0.0143627851932081,-0.0016607526057486274,0.040000000000000036,0.0988717342434866,0.005200473561624938,False,False,False,False,False
2026-06-29,7391.8798828125,7444.31982421875,7348.8798828125,7440.43017578125,5794570000,17.649999618530273,4.38,4.1,0.011750057250389,-0.7600002288818359,-0.0412819247789765,0.2800000000000002,0.008271395507353388,0.00964219335712793,0.010493624391869714,-0.0004716574175711,-0.0009829319733113,-0.003924326536387527,0.01000000000000062,0.1459901275495003,0.004999963500183768,False,False,False,False,False
2026-06-30,7441.27001953125,7508.2900390625,7438.0400390625,7499.35986328125,6037540000,16.450000762939453,4.44,4.14,0.0079201989814805,-1.1999988555908203,-0.0679886051856325,0.3000000000000007,0.005222080530049832,0.008454151490981054,0.010639611522756097,0.011750057250389,-9.92061187945481e-05,-0.0008333046904992075,-0.03999999999999909,0.08590322870345099,0.00409633041755397,False,False,False,False,False
2026-07-01,7478.83984375,7521.81005859375,7449.6298828125,7483.22998046875,5782730000,16.59000015258789,4.48,4.17,-0.002150834618762,0.1399993896484375,0.0085106007997182,0.3100000000000005,0.005444282601929217,0.008310818964042257,0.010622417740151976,0.0079201989814805,-0.0004716574175711,0.0036232921444385125,0.010000000000000675,0.09032064919673731,0.0051645750784486575,False,False,False,False,False
2026-07-02,7495.14013671875,7540.75,7427.5498046875,7483.240234375,5463520000,16.149999618530273,4.49,4.14,1.3702513856905796e-06,-0.4400005340576172,-0.026522033153145,0.3500000000000005,0.005431525612021389,0.007325483758605657,0.010614559344933884,-0.002150834618762,0.011750057250389,0.003389711615348373,0.03999999999999998,0.08771913656218285,0.005174617568367215,False,False,False,False,False
2026-07-06,7506.9599609375,7551.31005859375,7500.97021484375,7537.43017578125,4971110000,15.56999969482422,4.48,4.13,0.0072415076502987,-0.5799999237060529,-0.0359133088177023,0.3500000000000005,0.005200473561624928,0.0069024035142887,0.010636069348848134,1.3702513856905796e-06,0.0079201989814805,0.0034098268893844206,0.04000000000000087,0.08097137176744156,0.005882518071118997,False,False,False,False,False
2026-07-07,7516.6298828125,7536.06005859375,7478.6298828125,7503.85009765625,5049590000,16.1299991607666,4.55,4.19,-0.0044551096782159,0.559999465942381,0.0359665688451191,0.3599999999999994,0.004999963500183742,0.006951742483077585,0.010634228770773269,0.0072415076502987,-0.002150834618762,0.00495245990295838,0.07999999999999918,0.0806494070618274,0.005712519112676859,False,False,False,False,False
2026-07-08,7476.5400390625,7488.509765625,7421.81982421875,7482.7099609375,5102020000,16.899999618530273,4.56,4.21,-0.0028172386766298,0.7700004577636719,0.0477371666352322,0.3499999999999996,0.004096330417553926,0.005113180125231675,0.008939293363469401,-0.0044551096782159,1.3702513856905796e-06,0.0017114265172374007,0.04999999999999888,0.0692279824940353,0.0054177451265700685,False,False,False,False,False
2026-07-09,7491.60009765625,7546.89013671875,7481.72998046875,7543.64013671875,4442950000,15.84000015258789,4.54,4.16,0.0081427953374282,-1.0599994659423828,-0.0627218633058506,0.3799999999999999,0.005164575078448632,0.005379325036745386,0.009069395002353747,-0.0028172386766298,0.0072415076502987,-0.00043606101438465944,0.0699999999999994,0.08180687003067795,0.0051958432132693496,False,False,False,False,False
2026-07-10,7547.64013671875,7579.93017578125,7508.16015625,7575.39013671875,4006370000,15.029999732971191,4.56,4.21,0.0042088433998139,-0.8100004196166992,-0.0511363896347162,0.3499999999999996,0.005174617568367193,0.005325658680286514,0.009059934392704269,0.0081427953374282,-0.0044551096782159,0.0016226649768533805,-8.881784197001252e-16,0.07777450067078695,0.0058515810695746705,False,False,False,False,False
2026-07-13,7547.52978515625,7565.3701171875,7506.41015625,7515.33984375,4729990000,17.15999984741211,4.62,4.26,-0.0079270231479801,2.130000114440918,0.1417165769982253,0.3600000000000003,0.005882518071118965,0.006200613750777827,0.008452441127368733,0.0042088433998139,-0.0028172386766298,0.002464159606539022,0.009999999999999842,0.1009440092028004,0.005332882148843863,False,False,False,False,False
2026-07-14,7536.7001953125,7557.43994140625,7513.22998046875,7543.58984375,4836950000,16.5,4.58,4.18,0.0037589783811964,-0.6599998474121094,-0.0384615299114727,0.4000000000000003,0.005712519112676833,0.005377551990007067,0.007695313272760135,-0.0079270231479801,0.0081427953374282,-0.0005695465531167374,0.040000000000000924,0.09425656535916775,0.006645105313430855,False,False,False,False,False
2026-07-15,7571.72021484375,7581.5,7526.9501953125,7572.39990234375,5236550000,15.670000076293944,4.55,4.13,0.0038191443583879,-0.8299999237060565,-0.0503030256791549,0.4199999999999999,0.005417745126570046,0.005007746975857251,0.0076693719139531,0.0037589783811964,0.0042088433998139,0.0010732710587657225,0.07000000000000028,0.08489606654669377,0.00622011638788854,False,False,False,False,False
2026-07-16,7558.7998046875,7570.740234375,7504.02001953125,7533.77001953125,5365300000,16.729999542236328,4.57,4.16,-0.0051014055399456,1.0599994659423846,0.0676451474653139,0.4100000000000001,0.005195843213269314,0.005264022387683513,0.006920478680062656,0.0038191443583879,-0.0079270231479801,0.002400547665769263,0.030000000000000193,0.08692645457952736,0.00744140994685236,False,False,False,False,False
2026-07-17,7447.52001953125,7498.47021484375,7431.259765625,7457.68994140625,5303290000,18.770000457763672,4.55,4.18,-0.0100985400307898,2.040000915527344,0.1219366988251964,0.3700000000000001,0.005851581069574627,0.00618676042608645,0.007149972751413522,-0.0051014055399456,0.0037589783811964,-0.0002482925097054972,0.020000000000000517,0.10983417935455698,0.006680685498927468,False,False,False,False,False
2026-07-20,7489.18017578125,7513.22998046875,7440.52978515625,7443.27978515625,5152910000,18.64999961853028,4.6,4.21,-0.001932254674466,-0.1200008392333948,-0.0063932251628561,0.3899999999999997,0.0053328821488438215,0.005654341343867718,0.006659039413335984,-0.0100985400307898,0.0038191443583879,-0.0031097691958262377,0.02999999999999936,0.09945825004160422,0.006687698518884318,False,False,False,False,False
2026-07-21,7489.9501953125,7515.31005859375,7467.85986328125,7509.2001953125,5149030000,17.049999237060547,4.63,4.26,0.008856366018608,-1.60000038146973,-0.0857909069274189,0.3700000000000001,0.006645105313430826,0.006273760577372778,0.006519146451630211,-0.001932254674466,-0.0051014055399456,-0.0019108155011234175,-0.030000000000000193,0.11329904052418256,0.005096364326740861,False,False,False,False,False
2026-07-22,7497.47021484375,7525.93994140625,7485.85009765625,7498.9599609375,4890390000,16.639999389648438,4.67,4.31,-0.0013636917526039,-0.4099998474121094,-0.0240469129477095,0.3600000000000003,0.006220116387888505,0.006221316670245079,0.006473389357173466,0.008856366018608,-0.0100985400307898,-0.0008913379736410976,-0.059999999999999554,0.10350273289800696,0.0072221086505595165,False,False,False,False,False
2026-07-23,7418.2900390625,7450.1201171875,7376.0,7408.2998046875,5515210000,18.700000762939453,4.71,4.37,-0.0120896973343308,2.060001373291016,0.1237981639934746,0.3399999999999998,0.007441409946852326,0.006599476010874764,0.0062441328449433006,-0.0013636917526039,-0.001932254674466,-0.0019279051958394574,-0.07000000000000028,0.13915437168348374,0.010067098421188898,False,False,False,False,False
2026-07-24,7406.2998046875,7460.97998046875,7396.52978515625,7411.97998046875,4860620000,18.57999992370605,4.69,4.33,0.0004967638835191,-0.1200008392334019,-0.0064171569164438,0.3600000000000003,0.006680685498927437,0.006351526245308843,0.006237652045634891,-0.0120896973343308,0.008856366018608,-0.0033255635547164973,-0.009999999999999787,0.1241271360603759,0.010354913091172268,False,False,False,False,False
2026-07-27,7464.2001953125,7480.56982421875,7382.740234375,7413.18017578125,5038290000,18.670000076293945,4.65,4.31,0.0001619264104413,0.0900001525878941,0.004843926423975,0.3400000000000007,0.0066876985188842894,0.00607435903082282,0.006236972183263169,0.0004967638835191,-0.0013636917526039,-0.0012065027718547174,-0.04999999999999899,0.12485933185780058,0.011396287482510252,False,False,False,False,False
2026-07-28,7395.5498046875,7452.08984375,7382.9501953125,7428.77978515625,5590890000,18.209999084472656,4.61,4.26,0.0021043073289872,-0.460000991821289,-0.0246385104414311,0.3500000000000005,0.005096364326740817,0.005954306621646631,0.006244370548555685,0.0001619264104413,-0.0120896973343308,-0.0007876665548732573,-0.01999999999999963,0.09280478972408937,0.012290379449490813,False,False,False,False,False
2026-07-29,7418.16015625,7450.83984375,7313.919921875,7316.14990234375,5836350000,20.65999984741211,4.67,4.22,-0.0151612897501081,2.450000762939453,0.1345415093968085,0.4500000000000002,0.0072221086505594775,0.006901385317277525,0.006557906076298788,0.0021043073289872,0.0004967638835191,-0.0021380782927974172,0.08999999999999986,0.14920876361855248,0.007348098344591268,False,False,False,False,False
2026-07-30,7390.4501953125,7448.75,7370.97998046875,7437.6298828125,5594430000,17.09000015258789,4.68,4.23,0.0166043591356477,-3.5699996948242188,-0.1727976631747846,0.4499999999999993,0.010067098421188882,0.009094010878629665,0.007322711311404396,-0.0151612897501081,0.0001619264104413,-0.004897597892298257,0.10999999999999949,0.17204671355423531,0.00813783053851235,False,False,False,False,False
2026-07-31,7462.1298828125,7512.0400390625,7399.830078125,7489.72021484375,5391020000,15.989999771118164,4.75,4.28,0.0070036198159879,-1.1000003814697266,-0.064365147551105,0.4699999999999997,0.010354913091172256,0.008873104781696235,0.00747443882116899,0.0166043591356477,0.0021043073289872,0.0008412134016974434,0.10999999999999938,0.16557505795779284,0.008149403041553432,False,False,False,False,False
2026-08-03,7504.77978515625,7610.0400390625,7504.77978515625,7600.5,5201470000,15.859999656677246,4.7,4.25,0.0147909110058206,-0.1300001144409179,-0.0081300885742181,0.4500000000000002,0.011396287482510247,0.009791509825265892,0.008105023827897552,0.0070036198159879,-0.0151612897501081,0.0021425845881912035,0.10999999999999949,0.18074511556000772,0.007540317685800027,False,False,False,True,False
2026-08-04,7630.6201171875,7758.2099609375,7629.10009765625,7736.52001953125,5906940000,16.5,4.63,4.2,0.0178961936097954,0.6400003433227539,0.0403531120540288,0.4299999999999997,0.012290379449490817,0.01074107257131249,0.008797904392245398,0.0147909110058206,0.0166043591356477,0.005068381507267063,0.07999999999999924,0.20279126091659846,0.0033043874278788936,False,False,False,True,False
2026-08-05,7771.6201171875,7793.68017578125,7720.169921875,7723.5498046875,5615640000,15.8100004196167,4.63,4.18,-0.0016764921193257,-0.6899995803833008,-0.0418181563868667,0.4500000000000002,0.007348098344591279,0.010754311356517346,0.00873128614550916,0.0178961936097954,0.0070036198159879,0.008226758763428703,0.0,0.1161734379113729,0.003370025907529473,False,False,False,False,False
2026-08-06,7713.7900390625,7742.85009765625,7698.14990234375,7709.9599609375,5330830000,15.149999618530272,4.69,4.25,-0.001759533387323,-0.6600008010864276,-0.0417457801119038,0.4400000000000004,0.00813783053851235,0.009698274399340177,0.008709761705056787,-0.0016764921193257,0.0147909110058206,0.010923718289585185,-0.009999999999998899,0.12328812955412609,0.003786252121593004,False,False,False,False,False
2026-08-07,7735.18017578125,7763.080078125,7719.18994140625,7757.64013671875,5019970000,14.899999618530272,4.65,4.19,0.006184231308959,-0.25,-0.0165016505805201,0.4599999999999999,0.008149403041553432,0.009640044707122503,0.008648007550076928,-0.001759533387323,0.0178961936097954,0.007250939784991042,-0.009999999999999787,0.12142610221039557,0.003470939663259759,False,False,False,False,False
2026-08-10,7751.740234375,7773.759765625,7743.10986328125,7753.10986328125,4879540000,15.460000038146973,4.72,4.25,-0.0005839757139619,0.560000419616701,0.0375839217418676,0.4699999999999997,0.007540317685800018,0.009677025385351404,0.00863331438443339,0.006184231308959,-0.0016764921193257,0.007087062083585262,0.019999999999999518,0.11657331171010857,0.00423529649295002,False,False,False,False,False
2026-08-11,7767.509765625,7767.509765625,7717.25,7728.2001953125,4739500000,15.279999732971191,4.7,4.22,-0.003212861472107,-0.1800003051757812,-0.0116429692581913,0.4800000000000004,0.0033043874278788432,0.00993880131611919,0.008454008470537405,-0.0005839757139619,-0.001759533387323,0.004012084739628763,0.05000000000000071,0.05049103901562209,0.0049512634218900715,False,False,False,False,False
2026-08-12,7765.4599609375,7766.009765625,7737.9501953125,7748.5,4574170000,14.550000190734863,4.68,4.2,0.0026267182752088,-0.7299995422363281,-0.0477748399864912,0.4799999999999995,0.00337002590752943,0.007684948255261048,0.008442180526862174,-0.003212861472107,0.006184231308959,-0.0002097262767517173,0.029999999999999305,0.04903387759733464,0.004880628104545822,False,False,False,False,False
2026-08-13,7763.18017578125,7816.7001953125,7763.18017578125,7798.990234375,4833230000,14.630000114440918,4.63,4.15,0.0065161301380911,0.0799999237060546,0.0054982764712949,0.4799999999999995,0.0037862521215929756,0.006811239456817374,0.008499653199851477,0.0026267182752088,-0.0005839757139619,0.0006509158021551827,0.03999999999999909,0.0553928689722074,0.0038524603455754166,False,False,False,False,False
2026-08-14,7806.60009765625,7810.009765625,7776.31005859375,7785.759765625,4159900000,14.25,4.68,4.17,-0.0016964335577297,-0.3800001144409179,-0.0259740335931938,0.5099999999999998,0.0034709396632597173,0.007023775630199081,0.00840525422973788,0.0065161301380911,-0.003212861472107,0.0023060485072380022,0.04999999999999988,0.049460890201450974,0.005140845017982843,False,False,False,False,False
2026-08-17,7790.68017578125,7790.68017578125,7744.8798828125,7745.06005859375,4452630000,15.1899995803833,4.72,4.19,-0.0052274547708167,0.9399995803833008,0.0659648828339158,0.5299999999999994,0.004235296492949981,0.006467604629308304,0.008142223057546603,-0.0016964335577297,0.0026267182752088,0.0007299155339002626,0.059999999999999665,0.06433415195070907,0.005007727567039396,False,False,False,False,False
2026-08-18,7700.0400390625,7713.9501953125,7688.6298828125,7691.759765625,4602700000,15.84000015258789,4.71,4.19,-0.0068818437256157,0.6500005722045898,0.0427913489243287,0.5199999999999996,0.004951263421890034,0.00422464449001518,0.008317616495061946,-0.0052274547708167,0.0065161301380911,-0.00019878027747069726,0.03999999999999915,0.07842801335824098,0.004813687595073921,False,False,False,False,False
2026-08-19,7716.740234375,7743.93017578125,7700.06982421875,7707.97998046875,5184100000,14.890000343322754,4.65,4.19,0.0021087781389428,-0.9499998092651368,-0.059974734855664,0.4599999999999999,0.004880628104545784,0.004277892338300895,0.00815990777705096,-0.0068818437256157,-0.0016964335577297,-0.0009325767281724371,-0.019999999999999574,0.07267255415231741,0.004662435462944469,False,False,False,False,False
